[rajbarcode.com/index.html]
[backblue.gif]
[fade.gif]
[index.html]
[rajbarcode.com/wp-content/uploads/2024/01/Warehose-Management-System-1.svg]
[rajbarcode.com/wp-json/oembed/1.0/embed8eba]
[rajbarcode.com/wp-content/uploads/elementor/css/custom-frontend.min061a.css]
[rajbarcode.com/wp-content/uploads/elementor/css/post-34362673.css]
[rajbarcode.com/wp-content/uploads/elementor/css/post-90532673.css]
[rajbarcode.com/wp-content/plugins/vaximo-toolkit/assets/css/font-awesome.min8717.css]
[rajbarcode.com/wp-content/themes/vaximo/style8717.css]
[rajbarcode.com/wp-content/themes/vaximo/assets/css/bootstrap.min5936.css]
[rajbarcode.com/wp-content/themes/vaximo/assets/css/owl.theme.default.min5936.css]
[rajbarcode.com/wp-content/themes/vaximo/assets/css/owl.carousel.min5936.css]
[rajbarcode.com/wp-content/themes/vaximo/assets/css/magnific-popup.min5936.css]
[rajbarcode.com/wp-content/themes/vaximo/assets/css/animate.min5936.css]
[rajbarcode.com/wp-content/themes/vaximo/assets/css/boxicons.min5936.css]
[rajbarcode.com/wp-content/themes/vaximo/assets/css/flaticon5936.css]
[rajbarcode.com/wp-content/themes/vaximo/assets/css/meanmenu5936.css]
[rajbarcode.com/wp-content/themes/vaximo/assets/css/nice-select.min5936.css]
[rajbarcode.com/wp-content/themes/vaximo/assets/css/odometer.min5936.css]
[rajbarcode.com/wp-content/themes/vaximo/assets/css/all.min5936.css]
[cdn.jsdelivr.net/npm/slick-carousel@1.8.1/slick/slick8717.css]
[rajbarcode.com/wp-content/themes/vaximo/assets/css/style.min5936.css]
[rajbarcode.com/wp-content/themes/vaximo/assets/css/responsive.min5936.css]
[rajbarcode.com/wp-content/plugins/exclusive-addons-for-elementor/assets/vendor/css/slick.min8717.css]
[rajbarcode.com/wp-content/plugins/exclusive-addons-for-elementor/assets/vendor/css/slick-theme.min8717.css]
[rajbarcode.com/wp-content/plugins/exclusive-addons-for-elementor/assets/vendor/css/imagehover8717.css]
[rajbarcode.com/wp-content/plugins/exclusive-addons-for-elementor/assets/vendor/css/swiper.min07cb.css]
[rajbarcode.com/wp-content/plugins/exclusive-addons-for-elementor/assets/css/exad-styles.min8717.css]
[rajbarcode.com/wp-content/plugins/elementor/assets/lib/eicons/css/elementor-icons.minf531.css]
[rajbarcode.com/wp-content/uploads/elementor/css/post-12061a.css]
[rajbarcode.com/wp-content/plugins/sticky-header-effects-for-elementor/assets/css/she-header-styled5f7.css]
[rajbarcode.com/wp-content/plugins/elementor/assets/css/widget-heading.min2801.css]
[rajbarcode.com/wp-content/plugins/elementor/assets/css/widget-divider.min2801.css]
[rajbarcode.com/wp-content/plugins/elementor/assets/css/widget-counter.min2801.css]
[rajbarcode.com/wp-content/plugins/bdthemes-element-pack-lite/assets/css/bdt-uikit4ecf.css]
[rajbarcode.com/wp-content/plugins/bdthemes-element-pack-lite/assets/css/ep-helperbb69.css]
[rajbarcode.com/wp-content/plugins/bdthemes-element-pack-lite/assets/css/ep-togglebb69.css]
[rajbarcode.com/wp-content/plugins/elementor/assets/lib/swiper/v8/css/swiper.min94a4.css]
[rajbarcode.com/wp-content/plugins/bdthemes-element-pack-lite/assets/css/ep-fontbb69.css]
[rajbarcode.com/wp-content/plugins/bdthemes-element-pack-lite/assets/css/ep-static-carouselbb69.css]
[rajbarcode.com/wp-content/uploads/elementor/css/custom-widget-icon-box.min061a.css]
[rajbarcode.com/wp-content/plugins/elementor/assets/css/conditionals/e-swiper.min2801.css]
[rajbarcode.com/wp-content/plugins/elementor/assets/css/widget-image-carousel.min2801.css]
[rajbarcode.com/wp-content/uploads/elementor/css/post-15114754a.css]
[rajbarcode.com/wp-content/plugins/elementskit-lite/widgets/init/assets/css/responsiveac9e.css]
[rajbarcode.com/wp-content/plugins/elementskit-lite/widgets/init/assets/css/widget-stylesac9e.css]
[rajbarcode.com/wp-content/uploads/elementor/css/custom-widget-icon-list.min061a.css]
[rajbarcode.com/wp-content/uploads/elementor/google-fonts/css/rubik3ba6.css]
[rajbarcode.com/wp-content/uploads/elementor/google-fonts/css/robotoe290.css]
[rajbarcode.com/wp-content/uploads/elementor/google-fonts/css/robotoslabf061.css]
[rajbarcode.com/wp-content/plugins/elementor/assets/lib/font-awesome/css/fontawesome.min52d5.css]
[rajbarcode.com/wp-content/plugins/elementor/assets/lib/font-awesome/css/brands.min52d5.css]
[rajbarcode.com/wp-content/plugins/elementskit-lite/modules/elementskit-icon-pack/assets/css/ekiticonsac9e.css]
[rajbarcode.com/wp-content/plugins/elementor/assets/lib/font-awesome/css/solid.min52d5.css]
[rajbarcode.com/wp-content/plugins/exclusive-addons-for-elementor/assets/fonts/remix-icon/remixicon.min07cb.css]
[rajbarcode.com/wp-content/plugins/google-analytics-for-wordpress/assets/js/frontend-gtag.minf855.js]
[rajbarcode.com/wp-includes/js/jquery/jquery.minf43b.js]
[rajbarcode.com/wp-includes/js/jquery/jquery-migrate.min5589.js]
[rajbarcode.com/wp-content/themes/vaximo/assets/js/popper.min5936.js]
[rajbarcode.com/wp-content/themes/vaximo/assets/js/bootstrap.bundle.min5936.js]
[rajbarcode.com/wp-content/themes/vaximo/assets/js/jquery.meanmenu5936.js]
[rajbarcode.com/wp-content/themes/vaximo/assets/js/wow.min5936.js]
[rajbarcode.com/wp-content/themes/vaximo/assets/js/owl.carousel.min5936.js]
[rajbarcode.com/wp-content/themes/vaximo/assets/js/jquery.magnific-popup.min5936.js]
[rajbarcode.com/wp-content/themes/vaximo/assets/js/jquery.nice-select.min5936.js]
[rajbarcode.com/wp-content/themes/vaximo/assets/js/parallax.min5936.js]
[rajbarcode.com/wp-content/themes/vaximo/assets/js/jquery.appear.min5936.js]
[rajbarcode.com/wp-content/themes/vaximo/assets/js/ofi.min5936.js]
[rajbarcode.com/wp-content/themes/vaximo/assets/js/carousel-thumbs.min5936.js]
[rajbarcode.com/wp-content/themes/vaximo/assets/js/ajaxChimp.min68b3.js]
[rajbarcode.com/wp-content/themes/vaximo/assets/js/developer68b3.js]
[rajbarcode.com/wp-content/themes/vaximo/assets/js/main.min5936.js]
[rajbarcode.com/wp-content/plugins/sticky-header-effects-for-elementor/assets/js/she-headerd5f7.js]
[rajbarcode.com/wp-json/index.html]
[rajbarcode.com/wp-json/wp/v2/pages/15114.json]
[rajbarcode.com/wp-content/uploads/2023/08/cropped-cropped-logo-1-32x32.png]
[rajbarcode.com/wp-content/uploads/2023/08/cropped-cropped-logo-1-192x192.png]
[rajbarcode.com/wp-content/uploads/2023/08/cropped-cropped-logo-1-180x180.png]
[rajbarcode.com/web/20250419150842im_/https_/rajbarcode.com/solutions/wp-content/themes/vaximo/assets/img/house-sm.svg]
[rajbarcode.com/web/20250419150842im_/https_/rajbarcode.com/solutions/wp-content/themes/vaximo/assets/img/barcode-sm.svg]
[web.archive.org/web/20260522044648im_/https_/rajbarcode.com/wp-content/themes/vaximo/assets/img/check-circle.png]
[rajbarcode.com/wp-content/uploads/2023/09/Main-logo-4.png]
[rajbarcode.com/wp-content/uploads/2023/10/I_1.png]
[rajbarcode.com/wp-content/uploads/2023/12/MODEL-MC3300X.jpg]
[rajbarcode.com/wp-content/uploads/2023/09/automation_technology.png]
[rajbarcode.com/products/index.html]
[rajbarcode.com/about-us/index.html]
[rajbarcode.com/printing-technology/index.html]
[rajbarcode.com/wp-content/uploads/2024/02/work-in-progres-FINAL.png]
[rajbarcode.com/printing-technology/label-printers/index.html]
[rajbarcode.com/wp-content/uploads/2024/01/new_track-_and_trace.svg]
[rajbarcode.com/printing-technology/rfid-label-printer/index.html]
[rajbarcode.com/printing-technology/mobile-printer/index.html]
[rajbarcode.com/wp-content/uploads/2023/11/mobilizing-erp-1.svg]
[rajbarcode.com/printing-technology/print-engines/index.html]
[rajbarcode.com/wp-content/uploads/2023/11/Turn-Around-Time-Tracking-1.svg]
[rajbarcode.com/printing-technology/consumables/index.html]
[rajbarcode.com/wp-content/uploads/2023/11/Label-Management-System​-1.svg]
[rajbarcode.com/scanning-and-mobility-technology/index.html]
[rajbarcode.com/printing-technology/label-printing-software/index.html]
[rajbarcode.com/wp-content/uploads/2023/11/industry-4.0-1.svg]
[rajbarcode.com/scanning-and-mobility-technology/barcode-scanner/index.html]
[rajbarcode.com/wp-content/uploads/2023/11/elog-sheet-1.svg]
[rajbarcode.com/scanning-and-mobility-technology/mobile-computers/index.html]
[rajbarcode.com/wp-content/uploads/2024/01/new_asset_tracking.svg]
[rajbarcode.com/scanning-and-mobility-technology/tablets/index.html]
[rajbarcode.com/scanning-and-mobility-technology/kiosk/index.html]
[rajbarcode.com/wp-content/uploads/2023/11/machine-vision-1.svg]
[rajbarcode.com/scanning-and-mobility-technology/rfid-reader/index.html]
[rajbarcode.com/wp-content/uploads/2023/09/81TCXniM2-L.jpg]
[rajbarcode.com/scanning-and-mobility-technology/wearables/index.html]
[rajbarcode.com/wp-content/uploads/2023/09/close-up-scanning-box_23-2148923094.jpg]
[rajbarcode.com/automation-technology/index.html]
[rajbarcode.com/scanning-and-mobility-technology/atex-products-flameproof/index.html]
[rajbarcode.com/wp-content/uploads/2023/09/smart-warehouse-management-system-using-augmented-reality-technology_31965-11938.jpg]
[rajbarcode.com/automation-technology/machine-vision/index.html]
[rajbarcode.com/automation-technology/industrial-pc/index.html]
[rajbarcode.com/wp-content/uploads/2024/02/manufacturing_white.svg]
[rajbarcode.com/automation-technology/print-and-apply/index.html]
[rajbarcode.com/automation-technology/applicators/index.html]
[rajbarcode.com/automation-technology/barcode-verifiers/index.html]
[rajbarcode.com/automation-technology/barcode-readers/index.html]
[rajbarcode.com/automation-technology/iot/index.html]
[rajbarcode.com/solutions/index.html]
[rajbarcode.com/solutions/warehouse-management-system/index.html]
[rajbarcode.com/wp-content/uploads/2024/02/Transport-and-Logistic.svg]
[rajbarcode.com/solutions/work-in-progress-tracking/index.html]
[rajbarcode.com/wp-content/uploads/2024/02/Pharmacuticals.svg]
[rajbarcode.com/solutions/industry-4-0-iiot/index.html]
[rajbarcode.com/solutions/label-management-system/index.html]
[rajbarcode.com/wp-content/uploads/2024/02/Constructions.svg]
[rajbarcode.com/solutions/machine-vision-solution/index.html]
[rajbarcode.com/wp-content/uploads/2024/02/Automotives.svg]
[rajbarcode.com/solutions/track-trace/index.html]
[rajbarcode.com/wp-content/uploads/2024/02/Chemicals.svg]
[rajbarcode.com/solutions/mobilizing-erp/index.html]
[rajbarcode.com/solutions/asset-tracking/index.html]
[rajbarcode.com/wp-content/uploads/2024/02/Retail.svg]
[rajbarcode.com/solutions/e-log-sheets/index.html]
[rajbarcode.com/wp-content/uploads/2024/02/Health-Care.svg]
[rajbarcode.com/services/index.html]
[rajbarcode.com/wp-content/uploads/2024/02/Government.svg]
[rajbarcode.com/services/gs1-consulting-services/index.html]
[rajbarcode.com/services/comprehensive-hardware-service-pack/index.html]
[rajbarcode.com/wp-content/uploads/2024/02/Food-and-Beverages.svg]
[rajbarcode.com/services/hardware-integration-with-sap-and-other-erp-systems/index.html]
[rajbarcode.com/wp-content/uploads/2024/02/Ceramics-and-Sanitaryware.svg]
[rajbarcode.com/services/preventive-maintenance-onsite-repair-program/index.html]
[rajbarcode.com/industries/index.html]
[rajbarcode.com/manufacturing/index.html]
[rajbarcode.com/transport-logistics/index.html]
[rajbarcode.com/pharmaceuticals/index.html]
[rajbarcode.com/wp-content/uploads/2023/11/67-1-300x300.png]
[rajbarcode.com/retail/index.html]
[rajbarcode.com/health-care/index.html]
[rajbarcode.com/wp-content/uploads/2023/11/69-300x300.png]
[rajbarcode.com/chemicals/index.html]
[rajbarcode.com/government/index.html]
[rajbarcode.com/wp-content/uploads/2023/11/70-300x300.png]
[rajbarcode.com/wp-content/uploads/2023/11/71-1-300x300.png]
[rajbarcode.com/food-and-beverage/index.html]
[rajbarcode.com/sanitaryware-and-ceramics/index.html]
[rajbarcode.com/wp-content/uploads/2023/11/102-300x300.png]
[rajbarcode.com/resources/index.html]
[rajbarcode.com/wp-content/uploads/2023/11/101-1-300x300.png]
[rajbarcode.com/resources/case-studies/index.html]
[rajbarcode.com/wp-content/uploads/2023/11/89-300x300.png]
[rajbarcode.com/resources/certificates/index.html]
[rajbarcode.com/career/index.html]
[rajbarcode.com/wp-content/uploads/2023/11/80-300x300.png]
[rajbarcode.com/wp-content/uploads/2023/11/78-300x300.png]
[rajbarcode.com/blog/index.html]
[rajbarcode.com/contact-us/index.html]
[rajbarcode.com/wp-content/uploads/2023/11/95-300x300.png]
[rajbarcode.com/wp-content/uploads/2023/11/76-300x300.png]
[rajbarcode.com/wp-content/uploads/2024/02/Clients-14-300x300.png]
[rajbarcode.com/wp-content/uploads/2024/02/Clients-16-300x300.png]
[rajbarcode.com/wp-content/uploads/2024/02/Clients-17-300x300.png]
[rajbarcode.com/wp-content/uploads/2024/02/Clients-18-300x300.png]
[rajbarcode.com/wp-content/uploads/2024/02/Karam-300x300.png]
[rajbarcode.com/wp-content/uploads/2024/02/Clients-6-300x300.png]
[rajbarcode.com/wp-content/uploads/2024/02/Clients-8-300x300.png]
[rajbarcode.com/wp-content/uploads/2024/02/Clients-11-300x300.png]
[rajbarcode.com/wp-content/uploads/2024/02/Clients-12-300x300.png]
[rajbarcode.com/wp-content/uploads/2024/02/Clients-3-300x300.png]
[rajbarcode.com/wp-content/uploads/2024/03/Untitled-design-12-300x300.png]
[rajbarcode.com/wp-content/uploads/2023/11/67-1-1024x1024.png]
[rajbarcode.com/solutions/turn-around-time-tracking/index.html]
[rajbarcode.com/wp-content/uploads/2023/11/69-1024x1024.png]
[rajbarcode.com/wp-content/uploads/2023/11/70-1024x1024.png]
[rajbarcode.com/wp-content/uploads/2023/11/78-1024x1024.png]
[rajbarcode.com/wp-content/uploads/2023/11/101-1-1024x1024.png]
[rajbarcode.com/wp-content/uploads/2023/11/80-1024x1024.png]
[rajbarcode.com/wp-content/uploads/2023/11/95-1024x1024.png]
[rajbarcode.com/wp-content/uploads/2023/11/102-1024x1024.png]
[rajbarcode.com/wp-content/uploads/2023/09/medium-shot-man-sitting-warehouse_23-2149214255.jpg]
[rajbarcode.com/our-clients/index.html]
[rajbarcode.com/wp-content/uploads/2023/09/warehouse-management-innovative-software-computer-real-time-monitoring_31965-21147-e1695487151255.jpg]
[rajbarcode.com/wp-content/uploads/2023/09/warehouse-workers-pulling-pallet-truck-260nw-1008208111-e1695489985955.jpg]
[rajbarcode.com/wp-content/uploads/2023/09/woman-safety-equipment-working_23-2148976317.jpg]
[rajbarcode.com/wp-content/uploads/2023/09/young-mixed-race-male-worker-wearing-helmet-lifting-cardboard-box-warehouse_33799-16903.jpg]
[rajbarcode.com/resources/case-studies/case-study-food-industries/index.html]
[rajbarcode.com/wp-content/uploads/2023/11/58-2-300x300.png]
[rajbarcode.com/resources/case-studies/manufacturing-andon-system/index.html]
[rajbarcode.com/resources/case-studies/inventory-tracking-for-pharmaceuticals/index.html]
[rajbarcode.com/wp-content/uploads/2023/11/60-2-300x300.png]
[rajbarcode.com/wp-content/uploads/2023/11/62-2-300x300.png]
[rajbarcode.com/wp-content/uploads/2023/11/63-2-300x300.png]
[rajbarcode.com/resources/case-studies/order-tracking-field-mobility/index.html]
[rajbarcode.com/wp-content/uploads/2023/11/64-2-300x300.png]
[rajbarcode.com/wp-content/uploads/2024/01/10.png]
[rajbarcode.com/wp-content/uploads/2024/01/11.png]
[rajbarcode.com/wp-content/uploads/2024/01/3.png]
[rajbarcode.com/wp-content/uploads/2024/01/6.png]
[rajbarcode.com/wp-content/uploads/2024/01/9.png]
[rajbarcode.com/wp-content/uploads/2023/11/58-2.png]
[rajbarcode.com/wp-content/uploads/2023/11/60-2.png]
[rajbarcode.com/wp-content/uploads/2023/11/62-2.png]
[rajbarcode.com/resources/case-studies/work-in-process-tracking-system/index.html]
[rajbarcode.com/wp-content/uploads/2023/11/64-2.png]
[rajbarcode.com/resources/case-studies/line-automation-inspection-and-rejection-system-based-track-and-trace-solution/index.html]
[rajbarcode.com/wp-content/uploads/2023/11/63-2.png]
[rajbarcode.com/wp-content/themes/vaximo/assets/js/odometer.min5936.js]
[cdn.jsdelivr.net/npm/slick-carousel@1.8.1/slick/slick.min8717.js]
[rajbarcode.com/wp-content/plugins/elementskit-lite/libs/framework/assets/js/frontend-scriptac9e.js]
[rajbarcode.com/wp-content/plugins/elementskit-lite/widgets/init/assets/js/widget-scriptsac9e.js]
[rajbarcode.com/wp-content/plugins/exclusive-addons-for-elementor/assets/js/exad-scripts.min07cb.js]
[rajbarcode.com/wp-content/plugins/elementor/assets/js/webpack.runtime.min2801.js]
[rajbarcode.com/wp-content/plugins/elementor/assets/js/frontend-modules.min2801.js]
[rajbarcode.com/wp-includes/js/jquery/ui/core.minb37e.js]
[rajbarcode.com/wp-content/plugins/elementor/assets/js/frontend.min2801.js]
[rajbarcode.com/wp-content/plugins/elementor/assets/lib/jquery-numerator/jquery-numerator.min3958.js]
[rajbarcode.com/wp-content/plugins/bdthemes-element-pack-lite/assets/js/bdt-uikit.min4ecf.js]
[rajbarcode.com/wp-content/plugins/bdthemes-element-pack-lite/assets/js/modules/ep-toggle.minbb69.js]
[rajbarcode.com/wp-content/plugins/bdthemes-element-pack-lite/assets/js/modules/ep-static-carousel.minbb69.js]
[rajbarcode.com/wp-content/plugins/elementor/assets/lib/swiper/v8/swiper.min94a4.js]
[rajbarcode.com/wp-content/plugins/bdthemes-element-pack-lite/assets/js/common/helper.minbb69.js]
[rajbarcode.com/privacy-policy/index.html]
[rajbarcode.com/wp-content/plugins/forminator/assets/js/library/jquery.validate.min5011.js]
[rajbarcode.com/e-waste-management/index.html]
[rajbarcode.com/wp-content/plugins/forminator/assets/forminator-ui/js/forminator-form.min5011.js]
[rajbarcode.com/wp-content/plugins/forminator/build/front/front.multi.min5011.js]
[rajbarcode.com/wp-content/plugins/forminator/assets/js/library/intlTelInput.min5011.js]
[rajbarcode.com/wp-content/plugins/bdthemes-element-pack-lite/assets/js/modules/ep-wrapper-link.minbb69.js]
[rajbarcode.com/wp-content/plugins/elementskit-lite/widgets/init/assets/js/animate-circle.minac9e.js]
[rajbarcode.com/index.html]
[rajbarcode.com/wp-content/uploads/2024/01/Warehose-Management-System-1.svg]
[rajbarcode.com/wp-content/uploads/elementor/css/custom-frontend.min061a.css]
[rajbarcode.com/wp-content/uploads/elementor/css/post-34362673.css]
[rajbarcode.com/wp-content/uploads/elementor/css/post-90532673.css]
[rajbarcode.com/wp-content/plugins/elementskit-lite/widgets/init/assets/js/elementorac9e.js]
[rajbarcode.com/wp-content/plugins/vaximo-toolkit/assets/fonts/fontawesome-webfont3e6e.eot]
[rajbarcode.com/wp-content/plugins/vaximo-toolkit/assets/fonts/fontawesome-webfontd41d.eot]
[rajbarcode.com/wp-content/plugins/vaximo-toolkit/assets/fonts/fontawesome-webfont3e6e.woff2]
[rajbarcode.com/wp-json/oembed/1.0/embed7f6a]
[rajbarcode.com/wp-content/plugins/vaximo-toolkit/assets/fonts/fontawesome-webfont3e6e.woff]
[rajbarcode.com/wp-content/plugins/vaximo-toolkit/assets/fonts/fontawesome-webfont3e6e.ttf]
[rajbarcode.com/wp-content/plugins/vaximo-toolkit/assets/css/font-awesome.min8717.css]
[rajbarcode.com/wp-content/plugins/vaximo-toolkit/assets/fonts/fontawesome-webfont3e6e.svg]
[rajbarcode.com/wp-content/themes/vaximo/teenyicon7ad8.eot]
[rajbarcode.com/wp-content/themes/vaximo/teenyicon7ad8.ttf]
[rajbarcode.com/wp-content/themes/vaximo/teenyicon7ad8.woff]
[rajbarcode.com/wp-content/themes/vaximo/teenyicon7ad8.svg]
[rajbarcode.com/wp-content/themes/vaximo/style8717.css]
[rajbarcode.com/wp-content/themes/vaximo/assets/css/bootstrap.min5936.css]
[rajbarcode.com/wp-content/themes/vaximo/assets/css/owl.theme.default.min5936.css]
[rajbarcode.com/wp-content/themes/vaximo/assets/css/owl.video.play.png]
[rajbarcode.com/wp-content/themes/vaximo/assets/css/owl.carousel.min5936.css]
[rajbarcode.com/wp-content/themes/vaximo/assets/css/magnific-popup.min5936.css]
[rajbarcode.com/wp-content/themes/vaximo/assets/css/animate.min5936.css]
[rajbarcode.com/wp-content/themes/vaximo/assets/fonts/boxicons.eot]
[rajbarcode.com/wp-content/themes/vaximo/assets/fonts/boxicons.woff2]
[rajbarcode.com/wp-content/themes/vaximo/assets/fonts/boxicons.woff]
[rajbarcode.com/wp-content/themes/vaximo/assets/fonts/boxicons.ttf]
[rajbarcode.com/wp-content/themes/vaximo/assets/css/boxicons.min5936.css]
[rajbarcode.com/wp-content/themes/vaximo/assets/fonts/boxiconsd41d.svg]
[rajbarcode.com/wp-content/themes/vaximo/assets/fonts/Flaticon.eot]
[rajbarcode.com/wp-content/themes/vaximo/assets/fonts/Flaticond41d.eot]
[rajbarcode.com/wp-content/themes/vaximo/assets/fonts/Flaticon.woff2]
[rajbarcode.com/wp-content/themes/vaximo/assets/fonts/Flaticon.woff]
[rajbarcode.com/wp-content/themes/vaximo/assets/fonts/Flaticon.ttf]
[rajbarcode.com/wp-content/themes/vaximo/assets/css/flaticon5936.css]
[rajbarcode.com/wp-content/themes/vaximo/assets/css/meanmenu5936.css]
[rajbarcode.com/wp-content/themes/vaximo/assets/css/nice-select.min5936.css]
[rajbarcode.com/wp-content/themes/vaximo/assets/css/odometer.min5936.css]
[rajbarcode.com/wp-content/themes/vaximo/assets/fonts/Flaticon.svg]
[rajbarcode.com/wp-content/themes/vaximo/assets/fonts/fa-brands-400.eot]
[rajbarcode.com/wp-content/themes/vaximo/assets/fonts/fa-brands-400d41d.eot]
[rajbarcode.com/wp-content/themes/vaximo/assets/fonts/fa-brands-400.woff2]
[rajbarcode.com/wp-content/themes/vaximo/assets/fonts/fa-brands-400.woff]
[rajbarcode.com/wp-content/themes/vaximo/assets/fonts/fa-brands-400.ttf]
[rajbarcode.com/wp-content/themes/vaximo/assets/fonts/fa-regular-400.eot]
[rajbarcode.com/wp-content/themes/vaximo/assets/fonts/fa-brands-400.svg]
[rajbarcode.com/wp-content/themes/vaximo/assets/fonts/fa-regular-400d41d.eot]
[rajbarcode.com/wp-content/themes/vaximo/assets/fonts/fa-regular-400.woff2]
[rajbarcode.com/wp-content/themes/vaximo/assets/fonts/fa-regular-400.woff]
[rajbarcode.com/wp-content/themes/vaximo/assets/fonts/fa-regular-400.ttf]
[rajbarcode.com/wp-content/themes/vaximo/assets/fonts/fa-regular-400.svg]
[rajbarcode.com/wp-content/themes/vaximo/assets/fonts/fa-solid-900.eot]
[rajbarcode.com/wp-content/themes/vaximo/assets/fonts/fa-solid-900d41d.eot]
[rajbarcode.com/wp-content/themes/vaximo/assets/fonts/fa-solid-900.woff2]
[rajbarcode.com/wp-content/themes/vaximo/assets/fonts/fa-solid-900.woff]
[rajbarcode.com/wp-content/themes/vaximo/assets/fonts/fa-solid-900.ttf]
[rajbarcode.com/wp-content/themes/vaximo/assets/css/all.min5936.css]
[cdn.jsdelivr.net/npm/slick-carousel@1.8.1/slick/slick8717.css]
[rajbarcode.com/wp-content/themes/vaximo/assets/fonts/fa-solid-900.svg]
[rajbarcode.com/wp-content/themes/vaximo/assets/img/banner-img/home-one/bg.jpg]
[rajbarcode.com/wp-content/themes/vaximo/assets/img/banner-img/home-two/banner-bg.png]
[rajbarcode.com/wp-content/themes/vaximo/assets/img/banner-img/home-three/bg-.jpg]
[rajbarcode.com/wp-content/themes/vaximo/assets/img/slider-img/1.jpg]
[rajbarcode.com/wp-content/themes/vaximo/assets/img/slider-img/2.jpg]
[rajbarcode.com/wp-content/themes/vaximo/assets/img/security-bg.jpg]
[rajbarcode.com/wp-content/themes/vaximo/assets/img/solution-img/1.jpg]
[rajbarcode.com/wp-content/themes/vaximo/assets/img/solution-img/2.jpg]
[rajbarcode.com/wp-content/themes/vaximo/assets/img/solution-img/3.jpg]
[rajbarcode.com/wp-content/themes/vaximo/assets/img/solution-img/4.jpg]
[rajbarcode.com/wp-content/themes/vaximo/assets/img/solution-img/5.jpg]
[rajbarcode.com/wp-content/themes/vaximo/assets/img/solution-img/6.jpg]
[rajbarcode.com/wp-content/themes/vaximo/assets/img/project/1.jpg]
[rajbarcode.com/wp-content/themes/vaximo/assets/img/project/2.jpg]
[rajbarcode.com/wp-content/themes/vaximo/assets/img/project/3.jpg]
[rajbarcode.com/wp-content/themes/vaximo/assets/img/complete-img.jpg]
[rajbarcode.com/wp-content/themes/vaximo/assets/img/client-img/bg.jpg]
[rajbarcode.com/wp-content/themes/vaximo/assets/img/cybersecurity-img.jpg]
[rajbarcode.com/wp-content/themes/vaximo/assets/img/cybersecurity-img-2.jpg]
[rajbarcode.com/wp-content/themes/vaximo/assets/img/cybersecurity-img-3.jpg]
[rajbarcode.com/wp-content/themes/vaximo/assets/img/footer-bg.jpg]
[rajbarcode.com/wp-content/themes/vaximo/assets/img/shape/5.png]
[rajbarcode.com/wp-content/themes/vaximo/assets/img/performance-bg.jpg]
[rajbarcode.com/wp-content/themes/vaximo/assets/img/choose-bg.jpg]
[rajbarcode.com/wp-content/themes/vaximo/assets/img/log-in-img.jpg]
[rajbarcode.com/wp-content/themes/vaximo/assets/img/sign-in-img.jpg]
[rajbarcode.com/wp-content/themes/vaximo/assets/img/coming-soon-bg.jpg]
[rajbarcode.com/wp-content/themes/vaximo/assets/img/transform-img.jpg]
[rajbarcode.com/wp-content/themes/vaximo/assets/img/home-six/talk-bg.jpg]
[rajbarcode.com/wp-content/themes/vaximo/assets/img/more-home/banner/banner-1.jpg]
[rajbarcode.com/wp-content/themes/vaximo/assets/img/more-home/banner/banner-bg.jpg]
[rajbarcode.com/wp-content/themes/vaximo/assets/img/more-home/testimonials/testimonials-bg.jpg]
[rajbarcode.com/wp-content/themes/vaximo/assets/css/style.min5936.css]
[rajbarcode.com/wp-content/themes/vaximo/assets/css/responsive.min5936.css]
[rajbarcode.com/wp-content/plugins/exclusive-addons-for-elementor/assets/vendor/css/slick.min8717.css]
[rajbarcode.com/wp-content/plugins/exclusive-addons-for-elementor/assets/vendor/fonts/slick.eot]
[rajbarcode.com/wp-content/plugins/exclusive-addons-for-elementor/assets/vendor/fonts/slickd41d.eot]
[rajbarcode.com/wp-content/plugins/exclusive-addons-for-elementor/assets/vendor/fonts/slick.woff]
[rajbarcode.com/wp-content/plugins/exclusive-addons-for-elementor/assets/vendor/fonts/slick.ttf]
[rajbarcode.com/wp-content/plugins/exclusive-addons-for-elementor/assets/vendor/fonts/slick.svg]
[rajbarcode.com/wp-content/plugins/exclusive-addons-for-elementor/assets/vendor/css/slick-theme.min8717.css]
[rajbarcode.com/wp-content/plugins/exclusive-addons-for-elementor/assets/vendor/fonts/feathericons/feathericons3869.eot]
[rajbarcode.com/wp-content/plugins/exclusive-addons-for-elementor/assets/vendor/fonts/feathericons/feathericonsd41d.eot]
[rajbarcode.com/wp-content/plugins/exclusive-addons-for-elementor/assets/vendor/fonts/feathericons/feathericons3869.woff]
[rajbarcode.com/wp-content/plugins/exclusive-addons-for-elementor/assets/vendor/fonts/feathericons/feathericons3869.ttf]
[rajbarcode.com/wp-content/plugins/exclusive-addons-for-elementor/assets/vendor/fonts/feathericons/feathericons3869.svg]
[rajbarcode.com/wp-content/plugins/exclusive-addons-for-elementor/assets/vendor/img/triangle.svg]
[rajbarcode.com/wp-content/plugins/exclusive-addons-for-elementor/assets/vendor/img/triangle2.svg]
[rajbarcode.com/wp-content/plugins/exclusive-addons-for-elementor/assets/vendor/css/imagehover8717.css]
[rajbarcode.com/wp-content/plugins/exclusive-addons-for-elementor/assets/vendor/css/swiper.min07cb.css]
[rajbarcode.com/wp-content/plugins/exclusive-addons-for-elementor/assets/fonts/exad-logo76ff.eot]
[rajbarcode.com/wp-content/plugins/exclusive-addons-for-elementor/assets/fonts/exad-logo76ff.ttf]
[rajbarcode.com/wp-content/plugins/exclusive-addons-for-elementor/assets/fonts/exad-logo76ff.woff]
[rajbarcode.com/wp-content/plugins/exclusive-addons-for-elementor/assets/fonts/exad-logo76ff.svg]
[rajbarcode.com/wp-content/plugins/exclusive-addons-for-elementor/assets/css/exad-styles.min8717.css]
[rajbarcode.com/wp-content/plugins/elementor/assets/lib/eicons/fonts/eicons221d.eot]
[rajbarcode.com/wp-content/plugins/elementor/assets/lib/eicons/fonts/eicons221d.woff2]
[rajbarcode.com/wp-content/plugins/elementor/assets/lib/eicons/fonts/eicons221d.woff]
[rajbarcode.com/wp-content/plugins/elementor/assets/lib/eicons/fonts/eicons221d.ttf]
[rajbarcode.com/wp-content/plugins/elementor/assets/lib/eicons/css/elementor-icons.minf531.css]
[rajbarcode.com/wp-content/uploads/elementor/css/post-12061a.css]
[rajbarcode.com/wp-content/plugins/sticky-header-effects-for-elementor/assets/css/she-header-styled5f7.css]
[rajbarcode.com/wp-content/plugins/elementor/assets/css/widget-heading.min2801.css]
[rajbarcode.com/wp-content/plugins/elementor/assets/css/widget-divider.min2801.css]
[rajbarcode.com/wp-content/plugins/elementor/assets/lib/animations/styles/e-animation-float.min2801.css]
[rajbarcode.com/wp-content/plugins/elementor/assets/css/widget-counter.min2801.css]
[rajbarcode.com/wp-content/plugins/elementor/assets/css/widget-image.min2801.css]
[rajbarcode.com/wp-content/plugins/bdthemes-element-pack-lite/assets/css/bdt-uikit4ecf.css]
[rajbarcode.com/wp-content/plugins/elementor/assets/lib/eicons/fonts/eicons221d.svg]
[rajbarcode.com/wp-content/plugins/bdthemes-element-pack-lite/assets/images/loading.svg]
[rajbarcode.com/wp-content/plugins/bdthemes-element-pack-lite/assets/css/ep-helperbb69.css]
[rajbarcode.com/wp-content/plugins/bdthemes-element-pack-lite/assets/css/ep-togglebb69.css]
[rajbarcode.com/wp-content/plugins/elementor/assets/lib/swiper/v8/css/swiper.min94a4.css]
[rajbarcode.com/wp-content/plugins/bdthemes-element-pack-lite/assets/fonts/element-packe897.woff2]
[rajbarcode.com/wp-content/plugins/bdthemes-element-pack-lite/assets/fonts/element-packe897.ttf]
[rajbarcode.com/wp-content/plugins/bdthemes-element-pack-lite/assets/fonts/element-packe897.woff]
[rajbarcode.com/wp-content/plugins/bdthemes-element-pack-lite/assets/css/ep-fontbb69.css]
[rajbarcode.com/wp-content/plugins/bdthemes-element-pack-lite/assets/css/ep-static-carouselbb69.css]
[rajbarcode.com/wp-content/uploads/elementor/css/custom-widget-icon-box.min061a.css]
[rajbarcode.com/wp-content/plugins/elementor/assets/css/conditionals/e-swiper.min2801.css]
[rajbarcode.com/wp-content/plugins/elementor/assets/css/widget-image-carousel.min2801.css]
[rajbarcode.com/wp-content/plugins/bdthemes-element-pack-lite/assets/fonts/element-packe897.svg]
[rajbarcode.com/wp-content/uploads/2024/02/rajbarcode-home-banner.webp]
[rajbarcode.com/wp-content/uploads/2023/11/wms-feature.png]
[rajbarcode.com/wp-content/uploads/2023/11/wip-f4.png]
[rajbarcode.com/wp-content/uploads/2023/11/tnt-f2.png]
[rajbarcode.com/wp-content/uploads/2020/07/iStock-1275786906_1_-scaled.webp]
[rajbarcode.com/wp-content/uploads/2023/08/comm100-building-the-ideal-partnership-for-business-growth-cc.jpg]
[rajbarcode.com/wp-content/uploads/2020/07/Barcode-Scanning-in-the-Warehouse-scaled-1.jpg]
[rajbarcode.com/wp-content/uploads/2024/01/SOFTWARE.png]
[rajbarcode.com/wp-content/uploads/elementor/css/post-15114754a.css]
[rajbarcode.com/wp-content/plugins/elementskit-lite/widgets/init/assets/img/arrow.png]
[rajbarcode.com/wp-content/plugins/elementskit-lite/widgets/init/assets/img/sort_asc.png]
[rajbarcode.com/wp-content/plugins/elementskit-lite/widgets/init/assets/img/sort_desc.png]
[rajbarcode.com/wp-content/plugins/elementskit-lite/widgets/init/assets/img/sort_asc_disabled.png]
[rajbarcode.com/wp-content/plugins/elementskit-lite/widgets/init/assets/css/widget-stylesac9e.css]
[rajbarcode.com/wp-content/plugins/elementskit-lite/widgets/init/assets/css/responsiveac9e.css]
[rajbarcode.com/wp-content/uploads/elementor/css/custom-widget-icon-list.min061a.css]
[rajbarcode.com/wp-content/uploads/elementor/google-fonts/fonts/rubik-ijwebxyifdniv7nenxu61f3f.woff2]
[rajbarcode.com/wp-content/uploads/elementor/google-fonts/fonts/rubik-ijwebxyifdniv7nenxo61f3f.woff2]
[rajbarcode.com/wp-content/uploads/elementor/google-fonts/fonts/rubik-ijwebxyifdniv7nenxq61f3f.woff2]
[rajbarcode.com/wp-content/uploads/elementor/google-fonts/fonts/rubik-ijwebxyifdniv7nenxy61f3f.woff2]
[rajbarcode.com/wp-content/uploads/elementor/google-fonts/fonts/rubik-ijwebxyifdniv7nenxc61f3f.woff2]
[rajbarcode.com/wp-content/uploads/elementor/google-fonts/fonts/rubik-ijwebxyifdniv7nenx661a.woff2]
[rajbarcode.com/wp-content/uploads/elementor/google-fonts/fonts/rubik-ijwkbxyifdniv7nerxyi0a.woff2]
[rajbarcode.com/wp-content/uploads/elementor/google-fonts/fonts/rubik-ijwkbxyifdniv7nmrxyi0a.woff2]
[rajbarcode.com/wp-content/uploads/elementor/google-fonts/fonts/rubik-ijwkbxyifdniv7nfrxyi0a.woff2]
[rajbarcode.com/wp-content/uploads/elementor/google-fonts/fonts/rubik-ijwkbxyifdniv7ndrxyi0a.woff2]
[rajbarcode.com/wp-content/uploads/elementor/google-fonts/fonts/rubik-ijwkbxyifdniv7nprxyi0a.woff2]
[rajbarcode.com/wp-content/uploads/elementor/google-fonts/fonts/rubik-ijwkbxyifdniv7nbrxw.woff2]
[rajbarcode.com/wp-content/uploads/elementor/google-fonts/css/rubik3ba6.css]
[rajbarcode.com/wp-content/uploads/elementor/google-fonts/fonts/roboto-kfo5cnqeu92fr1mu53zec9_vu3r1gihoszmkc3kawzu.woff2]
[rajbarcode.com/wp-content/uploads/elementor/google-fonts/fonts/roboto-kfo5cnqeu92fr1mu53zec9_vu3r1gihoszmkankawzu.woff2]
[rajbarcode.com/wp-content/uploads/elementor/google-fonts/fonts/roboto-kfo5cnqeu92fr1mu53zec9_vu3r1gihoszmkcnkawzu.woff2]
[rajbarcode.com/wp-content/uploads/elementor/google-fonts/fonts/roboto-kfo5cnqeu92fr1mu53zec9_vu3r1gihoszmkbxkawzu.woff2]
[rajbarcode.com/wp-content/uploads/elementor/google-fonts/fonts/roboto-kfo5cnqeu92fr1mu53zec9_vu3r1gihoszmkenkawzu.woff2]
[rajbarcode.com/wp-content/uploads/elementor/google-fonts/fonts/roboto-kfo5cnqeu92fr1mu53zec9_vu3r1gihoszmkahkawzu.woff2]
[rajbarcode.com/wp-content/uploads/elementor/google-fonts/fonts/roboto-kfo5cnqeu92fr1mu53zec9_vu3r1gihoszmkcxkawzu.woff2]
[rajbarcode.com/wp-content/uploads/elementor/google-fonts/fonts/roboto-kfo5cnqeu92fr1mu53zec9_vu3r1gihoszmkchkawzu.woff2]
[rajbarcode.com/wp-content/uploads/elementor/google-fonts/fonts/roboto-kfo5cnqeu92fr1mu53zec9_vu3r1gihoszmkbnka.woff2]
[rajbarcode.com/wp-content/uploads/elementor/google-fonts/fonts/roboto-kfo7cnqeu92fr1me7ksn66agldtyluama3gubgee.woff2]
[rajbarcode.com/wp-content/uploads/elementor/google-fonts/fonts/roboto-kfo7cnqeu92fr1me7ksn66agldtyluama3iubgee.woff2]
[rajbarcode.com/wp-content/uploads/elementor/google-fonts/fonts/roboto-kfo7cnqeu92fr1me7ksn66agldtyluama3cubgee.woff2]
[rajbarcode.com/wp-content/uploads/elementor/google-fonts/fonts/roboto-kfo7cnqeu92fr1me7ksn66agldtyluama3-ubgee.woff2]
[rajbarcode.com/wp-content/uploads/elementor/google-fonts/fonts/roboto-kfo7cnqeu92fr1me7ksn66agldtyluamawcubgee.woff2]
[rajbarcode.com/wp-content/uploads/elementor/google-fonts/fonts/roboto-kfo7cnqeu92fr1me7ksn66agldtyluamaxkubgee.woff2]
[rajbarcode.com/wp-content/uploads/elementor/google-fonts/fonts/roboto-kfo7cnqeu92fr1me7ksn66agldtyluama3oubgee.woff2]
[rajbarcode.com/wp-content/uploads/elementor/google-fonts/fonts/roboto-kfo7cnqeu92fr1me7ksn66agldtyluama3kubgee.woff2]
[rajbarcode.com/wp-content/uploads/elementor/google-fonts/fonts/roboto-kfo7cnqeu92fr1me7ksn66agldtyluama3yuba.woff2]
[rajbarcode.com/wp-content/uploads/elementor/google-fonts/css/robotoe290.css]
[rajbarcode.com/wp-content/uploads/elementor/google-fonts/fonts/robotoslab-bngmuxzytxpivibgjjsb6ufa5qw54a.woff2]
[rajbarcode.com/wp-content/uploads/elementor/google-fonts/fonts/robotoslab-bngmuxzytxpivibgjjsb6ufj5qw54a.woff2]
[rajbarcode.com/wp-content/uploads/elementor/google-fonts/fonts/robotoslab-bngmuxzytxpivibgjjsb6ufb5qw54a.woff2]
[rajbarcode.com/wp-content/uploads/elementor/google-fonts/fonts/robotoslab-bngmuxzytxpivibgjjsb6ufo5qw54a.woff2]
[rajbarcode.com/wp-content/uploads/elementor/google-fonts/fonts/robotoslab-bngmuxzytxpivibgjjsb6ufc5qw54a.woff2]
[rajbarcode.com/wp-content/uploads/elementor/google-fonts/fonts/robotoslab-bngmuxzytxpivibgjjsb6ufd5qw54a.woff2]
[rajbarcode.com/wp-content/uploads/elementor/google-fonts/fonts/robotoslab-bngmuxzytxpivibgjjsb6ufn5qu.woff2]
[rajbarcode.com/wp-content/uploads/elementor/google-fonts/css/robotoslabf061.css]
[rajbarcode.com/wp-content/plugins/elementor/assets/lib/font-awesome/css/fontawesome.min52d5.css]
[rajbarcode.com/wp-content/plugins/elementor/assets/lib/font-awesome/webfonts/fa-brands-400.eot]
[rajbarcode.com/wp-content/plugins/elementor/assets/lib/font-awesome/webfonts/fa-brands-400d41d.eot]
[rajbarcode.com/wp-content/plugins/elementor/assets/lib/font-awesome/webfonts/fa-brands-400.woff]
[rajbarcode.com/wp-content/plugins/elementor/assets/lib/font-awesome/webfonts/fa-brands-400.ttf]
[rajbarcode.com/wp-content/plugins/elementor/assets/lib/font-awesome/css/brands.min52d5.css]
[rajbarcode.com/wp-content/plugins/elementskit-lite/modules/elementskit-icon-pack/assets/fonts/elementskitf60a.woff]
[rajbarcode.com/wp-content/plugins/elementskit-lite/modules/elementskit-icon-pack/assets/css/ekiticonsac9e.css]
[rajbarcode.com/wp-content/plugins/elementor/assets/lib/font-awesome/webfonts/fa-solid-900.eot]
[rajbarcode.com/wp-content/plugins/elementor/assets/lib/font-awesome/webfonts/fa-brands-400.svg]
[rajbarcode.com/wp-content/plugins/elementor/assets/lib/font-awesome/webfonts/fa-solid-900d41d.eot]
[rajbarcode.com/wp-content/plugins/elementor/assets/lib/font-awesome/webfonts/fa-solid-900.woff2]
[rajbarcode.com/wp-content/plugins/elementor/assets/lib/font-awesome/webfonts/fa-solid-900.woff]
[rajbarcode.com/wp-content/plugins/elementor/assets/lib/font-awesome/webfonts/fa-solid-900.ttf]
[rajbarcode.com/wp-content/plugins/elementor/assets/lib/font-awesome/css/solid.min52d5.css]
[rajbarcode.com/wp-content/plugins/elementor/assets/lib/font-awesome/webfonts/fa-solid-900.svg]
[rajbarcode.com/wp-content/plugins/exclusive-addons-for-elementor/assets/fonts/remix-icon/remixicondf6d.eot]
[rajbarcode.com/wp-content/plugins/exclusive-addons-for-elementor/assets/fonts/remix-icon/remixicondf6d.woff2]
[rajbarcode.com/wp-content/plugins/exclusive-addons-for-elementor/assets/fonts/remix-icon/remixicondf6d.woff]
[rajbarcode.com/wp-content/plugins/exclusive-addons-for-elementor/assets/fonts/remix-icon/remixicondf6d.ttf]
[rajbarcode.com/wp-content/plugins/exclusive-addons-for-elementor/assets/fonts/remix-icon/remixicon.min07cb.css]
[rajbarcode.com/web/20250419150842im_/https_/rajbarcode.com/solutions/wp-content/themes/vaximo/assets/img/house-sm.html]
[rajbarcode.com/web/20250419150842im_/https_/rajbarcode.com/solutions/wp-content/themes/vaximo/assets/img/barcode-sm.html]
[rajbarcode.com/wp-content/plugins/exclusive-addons-for-elementor/assets/fonts/remix-icon/remixicondf6d.svg]
[rajbarcode.com/wp-content/uploads/2023/11/erp-f5.png]
[rajbarcode.com/xmlrpc0db0.php]
[rajbarcode.com/wp-json/oembed/1.0/embedd990.json]
[rajbarcode.com/wp-json/oembed/1.0/embed0830]
[rajbarcode.com/wp-content/themes/vaximo/assets/css/bootstrap.min6620.css]
[rajbarcode.com/wp-content/themes/vaximo/assets/css/owl.theme.default.min6620.css]
[rajbarcode.com/wp-content/themes/vaximo/assets/css/owl.carousel.min6620.css]
[rajbarcode.com/wp-content/themes/vaximo/assets/css/magnific-popup.min6620.css]
[rajbarcode.com/wp-content/themes/vaximo/assets/css/animate.min6620.css]
[rajbarcode.com/wp-content/themes/vaximo/assets/css/boxicons.min6620.css]
[rajbarcode.com/wp-content/themes/vaximo/assets/css/flaticon6620.css]
[rajbarcode.com/wp-content/themes/vaximo/assets/css/meanmenu6620.css]
[rajbarcode.com/wp-content/themes/vaximo/assets/css/nice-select.min6620.css]
[rajbarcode.com/wp-content/themes/vaximo/assets/css/odometer.min6620.css]
[rajbarcode.com/wp-content/themes/vaximo/assets/css/all.min6620.css]
[rajbarcode.com/wp-content/themes/vaximo/assets/css/responsive.min6620.css]
[rajbarcode.com/wp-content/themes/vaximo/assets/css/style.min6620.css]
[rajbarcode.com/wp-content/uploads/elementor/google-fonts/css/barlowcondensed684a.css]
[rajbarcode.com/wp-content/themes/vaximo/assets/js/popper.min6620.js]
[rajbarcode.com/wp-content/themes/vaximo/assets/js/bootstrap.bundle.min6620.js]
[rajbarcode.com/wp-content/themes/vaximo/assets/js/jquery.meanmenu6620.js]
[rajbarcode.com/wp-content/themes/vaximo/assets/js/wow.min6620.js]
[rajbarcode.com/wp-content/themes/vaximo/assets/js/owl.carousel.min6620.js]
[rajbarcode.com/wp-content/themes/vaximo/assets/js/jquery.magnific-popup.min6620.js]
[rajbarcode.com/wp-content/themes/vaximo/assets/js/jquery.nice-select.min6620.js]
[rajbarcode.com/wp-content/themes/vaximo/assets/js/parallax.min6620.js]
[rajbarcode.com/wp-content/themes/vaximo/assets/js/jquery.appear.min6620.js]
[rajbarcode.com/wp-content/themes/vaximo/assets/js/ofi.min6620.js]
[rajbarcode.com/wp-content/themes/vaximo/assets/js/carousel-thumbs.min6620.js]
[rajbarcode.com/wp-content/themes/vaximo/assets/js/main.min6620.js]
[rajbarcode.com/wp-json/wp/v2/pages/3019.json]
[rajbarcode.com/wp-content/uploads/2023/11/aboutus-banner.jpg]
[rajbarcode.com/wp-content/uploads/2023/09/people-scanning-qr-code-1024x681.jpg]
[rajbarcode.com/wp-content/uploads/2023/09/10893556_4601626-1024x683.jpg]
[rajbarcode.com/wp-content/uploads/elementor/thumbs/Types-Of-Barcode-Printers-And-How-They-Differ-From-Label-Printers-qk2lgwmeemvm2qcw9jkokg0ze75f8h8qti6kkx2zo6.jpg]
[rajbarcode.com/wp-content/uploads/elementor/thumbs/smart-warehouse-management-system-using-augmented-reality-technology_31965-11938-qk2lm6hsr63j7yp3gtnbk443e15kfc6ivlynit9gra.jpg]
[rajbarcode.com/wp-content/uploads/elementor/thumbs/Untitled-design-2023-05-19T145054.064-qaevrwiu8oskwnqwupx6umfmw1kt2ykubffszz24gm.webp]
[rajbarcode.com/wp-content/uploads/elementor/thumbs/81TCXniM2-L-qk2lk48jr99vqroyifjsl4uoglbkj8zq9efalybkeu.jpg]
[rajbarcode.com/about-us/index.html]
[rajbarcode.com/wp-content/themes/vaximo/assets/js/odometer.min6620.js]
[rajbarcode.com/wp-content/uploads/2023/11/products-banner.jpg]
[rajbarcode.com/wp-json/oembed/1.0/embedff70.json]
[rajbarcode.com/wp-json/oembed/1.0/embed0de5]
[rajbarcode.com/wp-content/uploads/elementor/css/post-31037bd9.css]
[rajbarcode.com/wp-json/wp/v2/pages/3103.json]
[rajbarcode.com/products/index.html]
[rajbarcode.com/wp-content/uploads/2023/11/2.jpg]
[rajbarcode.com/wp-json/oembed/1.0/embeda60f.json]
[rajbarcode.com/wp-json/oembed/1.0/embedb1a3]
[rajbarcode.com/wp-content/themes/vaximo/assets/css/bootstrap.mineb9f.css]
[rajbarcode.com/wp-content/themes/vaximo/assets/css/owl.theme.default.mineb9f.css]
[rajbarcode.com/wp-content/themes/vaximo/assets/css/owl.carousel.mineb9f.css]
[rajbarcode.com/wp-content/themes/vaximo/assets/css/magnific-popup.mineb9f.css]
[rajbarcode.com/wp-content/themes/vaximo/assets/css/animate.mineb9f.css]
[rajbarcode.com/wp-content/themes/vaximo/assets/css/boxicons.mineb9f.css]
[rajbarcode.com/wp-content/themes/vaximo/assets/css/flaticoneb9f.css]
[rajbarcode.com/wp-content/themes/vaximo/assets/css/meanmenueb9f.css]
[rajbarcode.com/wp-content/themes/vaximo/assets/css/nice-select.mineb9f.css]
[rajbarcode.com/wp-content/themes/vaximo/assets/css/odometer.mineb9f.css]
[rajbarcode.com/wp-content/themes/vaximo/assets/css/all.mineb9f.css]
[rajbarcode.com/wp-content/themes/vaximo/assets/css/style.mineb9f.css]
[rajbarcode.com/wp-content/themes/vaximo/assets/css/responsive.mineb9f.css]
[rajbarcode.com/wp-content/uploads/elementor/css/post-6913595e.css]
[rajbarcode.com/wp-content/themes/vaximo/assets/js/popper.mineb9f.js]
[rajbarcode.com/wp-content/themes/vaximo/assets/js/bootstrap.bundle.mineb9f.js]
[rajbarcode.com/wp-content/themes/vaximo/assets/js/jquery.meanmenueb9f.js]
[rajbarcode.com/wp-content/themes/vaximo/assets/js/wow.mineb9f.js]
[rajbarcode.com/wp-content/themes/vaximo/assets/js/owl.carousel.mineb9f.js]
[rajbarcode.com/wp-content/themes/vaximo/assets/js/jquery.magnific-popup.mineb9f.js]
[rajbarcode.com/wp-content/themes/vaximo/assets/js/jquery.nice-select.mineb9f.js]
[rajbarcode.com/wp-content/themes/vaximo/assets/js/parallax.mineb9f.js]
[rajbarcode.com/wp-content/themes/vaximo/assets/js/jquery.appear.mineb9f.js]
[rajbarcode.com/wp-content/themes/vaximo/assets/js/ofi.mineb9f.js]
[rajbarcode.com/wp-content/themes/vaximo/assets/js/carousel-thumbs.mineb9f.js]
[rajbarcode.com/wp-content/themes/vaximo/assets/js/main.mineb9f.js]
[rajbarcode.com/wp-json/wp/v2/pages/6913.json]
[rajbarcode.com/wp-content/uploads/2023/10/Untitled.png]
[rajbarcode.com/wp-content/uploads/2024/01/Model-ZQ220.png]
[rajbarcode.com/wp-content/uploads/2024/01/Industrial-Labels.png]
[rajbarcode.com/wp-content/uploads/2024/01/Lable_Printing_Software.png]
[rajbarcode.com/printing-technology/index.html]
[rajbarcode.com/wp-content/themes/vaximo/assets/js/odometer.mineb9f.js]
[rajbarcode.com/wp-json/oembed/1.0/embed03ef.json]
[rajbarcode.com/wp-json/oembed/1.0/embed43ef]
[rajbarcode.com/wp-content/themes/vaximo/assets/css/bootstrap.min52b5.css]
[rajbarcode.com/wp-content/themes/vaximo/assets/css/owl.theme.default.min52b5.css]
[rajbarcode.com/wp-content/themes/vaximo/assets/css/owl.carousel.min52b5.css]
[rajbarcode.com/wp-content/themes/vaximo/assets/css/magnific-popup.min52b5.css]
[rajbarcode.com/wp-content/themes/vaximo/assets/css/animate.min52b5.css]
[rajbarcode.com/wp-content/themes/vaximo/assets/css/boxicons.min52b5.css]
[rajbarcode.com/wp-content/themes/vaximo/assets/css/flaticon52b5.css]
[rajbarcode.com/wp-content/themes/vaximo/assets/css/meanmenu52b5.css]
[rajbarcode.com/wp-content/themes/vaximo/assets/css/nice-select.min52b5.css]
[rajbarcode.com/wp-content/themes/vaximo/assets/css/odometer.min52b5.css]
[rajbarcode.com/wp-content/themes/vaximo/assets/css/all.min52b5.css]
[rajbarcode.com/wp-content/themes/vaximo/assets/css/style.min52b5.css]
[rajbarcode.com/wp-content/themes/vaximo/assets/css/responsive.min52b5.css]
[rajbarcode.com/wp-content/uploads/elementor/css/post-3114061a.css]
[rajbarcode.com/wp-content/themes/vaximo/assets/js/popper.min52b5.js]
[rajbarcode.com/wp-content/themes/vaximo/assets/js/jquery.meanmenu52b5.js]
[rajbarcode.com/wp-content/themes/vaximo/assets/js/bootstrap.bundle.min52b5.js]
[rajbarcode.com/wp-content/themes/vaximo/assets/js/owl.carousel.min52b5.js]
[rajbarcode.com/wp-content/themes/vaximo/assets/js/jquery.nice-select.min52b5.js]
[rajbarcode.com/wp-content/themes/vaximo/assets/js/parallax.min52b5.js]
[rajbarcode.com/wp-content/themes/vaximo/assets/js/jquery.appear.min52b5.js]
[rajbarcode.com/wp-content/themes/vaximo/assets/js/ofi.min52b5.js]
[rajbarcode.com/wp-content/themes/vaximo/assets/js/carousel-thumbs.min52b5.js]
[rajbarcode.com/wp-content/themes/vaximo/assets/js/main.min52b5.js]
[rajbarcode.com/wp-json/wp/v2/pages/3114.json]
[rajbarcode.com/wp-content/uploads/2023/10/1.png]
[rajbarcode.com/wp-content/uploads/2023/10/bee19585-4924-4e58-905a-f8d4a862cd07.png]
[rajbarcode.com/wp-content/uploads/2023/10/h_1.png]
[rajbarcode.com/printing-technology/label-printers/index.html]
[rajbarcode.com/wp-content/themes/vaximo/assets/js/odometer.min52b5.js]
[rajbarcode.com/printing-technology/label-printers/desktop-printers/index.html]
[rajbarcode.com/printing-technology/label-printers/industrial-printers/index.html]
[rajbarcode.com/printing-technology/label-printers/mid-range-industrial-printers/index.html]
[rajbarcode.com/printing-technology/label-printers/heavy-duty-industrial-printers/index.html]
[rajbarcode.com/wp-json/oembed/1.0/embed4ded.json]
[rajbarcode.com/wp-json/oembed/1.0/embed99eb]
[rajbarcode.com/wp-content/themes/vaximo/assets/css/bootstrap.min873f.css]
[rajbarcode.com/wp-content/themes/vaximo/assets/css/owl.theme.default.min873f.css]
[rajbarcode.com/wp-content/themes/vaximo/assets/css/owl.carousel.min873f.css]
[rajbarcode.com/wp-content/themes/vaximo/assets/css/magnific-popup.min873f.css]
[rajbarcode.com/wp-content/themes/vaximo/assets/css/animate.min873f.css]
[rajbarcode.com/wp-content/themes/vaximo/assets/css/boxicons.min873f.css]
[rajbarcode.com/wp-content/themes/vaximo/assets/css/flaticon873f.css]
[rajbarcode.com/wp-content/themes/vaximo/assets/css/meanmenu873f.css]
[rajbarcode.com/wp-content/themes/vaximo/assets/css/nice-select.min873f.css]
[rajbarcode.com/wp-content/themes/vaximo/assets/css/odometer.min873f.css]
[rajbarcode.com/wp-content/themes/vaximo/assets/css/all.min873f.css]
[rajbarcode.com/wp-content/themes/vaximo/assets/css/style.min873f.css]
[rajbarcode.com/wp-content/themes/vaximo/assets/css/responsive.min873f.css]
[rajbarcode.com/wp-content/uploads/elementor/css/post-5996964d.css]
[rajbarcode.com/wp-content/themes/vaximo/assets/js/popper.min873f.js]
[rajbarcode.com/wp-content/themes/vaximo/assets/js/bootstrap.bundle.min873f.js]
[rajbarcode.com/wp-content/themes/vaximo/assets/js/jquery.meanmenu873f.js]
[rajbarcode.com/wp-content/themes/vaximo/assets/js/wow.min873f.js]
[rajbarcode.com/wp-content/themes/vaximo/assets/js/owl.carousel.min873f.js]
[rajbarcode.com/wp-content/themes/vaximo/assets/js/jquery.magnific-popup.min873f.js]
[rajbarcode.com/wp-content/themes/vaximo/assets/js/jquery.nice-select.min873f.js]
[rajbarcode.com/wp-content/themes/vaximo/assets/js/parallax.min873f.js]
[rajbarcode.com/wp-content/themes/vaximo/assets/js/jquery.appear.min873f.js]
[rajbarcode.com/wp-content/themes/vaximo/assets/js/ofi.min873f.js]
[rajbarcode.com/wp-content/themes/vaximo/assets/js/carousel-thumbs.min873f.js]
[rajbarcode.com/wp-content/themes/vaximo/assets/js/main.min873f.js]
[rajbarcode.com/wp-json/wp/v2/pages/5996.json]
[rajbarcode.com/wp-content/uploads/2024/02/ZD611R.png]
[rajbarcode.com/wp-content/uploads/2024/02/62.png]
[rajbarcode.com/wp-content/uploads/2024/01/zd611-R-rfid-series-spec-sheet.pdf]
[rajbarcode.com/wp-content/uploads/2024/02/ZD621R.png]
[rajbarcode.com/wp-content/uploads/2024/01/ZD621-Copy.pdf]
[rajbarcode.com/wp-content/uploads/2023/10/Untitled-2.png]
[rajbarcode.com/wp-content/uploads/2024/01/zt231-rfid-spec-sheet.pdf]
[rajbarcode.com/wp-content/uploads/2023/10/Untitled-1.png]
[rajbarcode.com/wp-content/uploads/2024/01/zt400-rfid-series-spec-sheet.pdf]
[rajbarcode.com/wp-content/uploads/2023/10/2-2.png]
[rajbarcode.com/wp-content/uploads/2024/01/zt600-rfid-spec-sheet.pdf]
[rajbarcode.com/wp-content/uploads/2024/02/ZT411-On-Metal-Tagging-Solution.png]
[rajbarcode.com/wp-content/uploads/2024/01/ZT411-On-Metal-Tagging-Solution.pdf]
[rajbarcode.com/wp-content/uploads/2024/02/ZQ521R.png]
[rajbarcode.com/wp-content/uploads/2024/01/ZQ511ZQ521.pdf]
[rajbarcode.com/wp-content/uploads/2023/10/3-4.png]
[rajbarcode.com/wp-content/uploads/2024/01/zq630-Plus-series-rfid-spec-sheet-en-us.pdf]
[rajbarcode.com/wp-content/uploads/2023/10/Untitled-3.png]
[rajbarcode.com/wp-content/uploads/2024/01/ze500-spec-sheet-en-gb.pdf]
[rajbarcode.com/wp-content/uploads/2023/10/14.png]
[rajbarcode.com/wp-content/uploads/2024/01/Model-ZQ110.png]
[rajbarcode.com/wp-content/uploads/2023/10/p_3.png]
[rajbarcode.com/wp-content/uploads/2023/10/I_6.png]
[rajbarcode.com/wp-content/themes/vaximo/assets/js/odometer.min873f.js]
[rajbarcode.com/printing-technology/rfid-label-printer/index.html]
[rajbarcode.com/wp-content/plugins/forminator/assets/forminator-ui/js/select2.full.min5011.js]
[rajbarcode.com/wp-json/oembed/1.0/embeda27e.json]
[rajbarcode.com/wp-json/oembed/1.0/embedc8cc]
[rajbarcode.com/wp-content/uploads/elementor/css/post-11858551a.css]
[rajbarcode.com/wp-json/wp/v2/pages/11858.json]
[rajbarcode.com/wp-content/uploads/2024/01/ZQ100.png]
[rajbarcode.com/wp-content/uploads/2023/09/zebra-logo.png]
[rajbarcode.com/wp-content/uploads/2024/01/ZQ110.pdf]
[rajbarcode.com/wp-content/uploads/2024/01/ZQ200.pdf]
[rajbarcode.com/wp-content/uploads/2024/01/ZQ-220.pdf]
[rajbarcode.com/wp-content/uploads/2024/01/ZQ300ZQ300-PLUS.png]
[rajbarcode.com/wp-content/uploads/2024/01/ZQ300ZQ300-PLUS.pdf]
[rajbarcode.com/wp-content/uploads/2024/01/Model-ZQ320.png]
[rajbarcode.com/wp-content/uploads/2024/01/ZQ-320.pdf]
[rajbarcode.com/wp-content/uploads/2024/01/ZQ511ZQ521.png]
[rajbarcode.com/wp-content/uploads/2024/01/ZQ600ZQ600-PLUS-e1705125586651.png]
[rajbarcode.com/wp-content/uploads/2024/01/ZQ600ZQ600-PLUS.pdf]
[rajbarcode.com/wp-content/uploads/2024/01/Model-ZQ620.png]
[rajbarcode.com/wp-content/uploads/2024/01/ZQ620.pdf]
[rajbarcode.com/wp-content/uploads/2024/01/Model-Alpha-3R.png]
[rajbarcode.com/wp-content/uploads/2024/01/tsc.png]
[rajbarcode.com/wp-content/uploads/2024/01/Alpha-3R.pdf]
[rajbarcode.com/wp-content/uploads/2024/01/Model-Alpha30L-Alpha40L.png]
[rajbarcode.com/wp-content/uploads/2024/01/ALPHA-30LALPHA-40L.pdf]
[rajbarcode.com/wp-content/uploads/2024/01/Model-TDM-20.png]
[rajbarcode.com/wp-content/uploads/2024/01/TDM-20.pdf]
[rajbarcode.com/wp-content/uploads/2024/01/Model-TDM-30.png]
[rajbarcode.com/wp-content/uploads/2024/01/TDM-30.pdf]
[rajbarcode.com/printing-technology/mobile-printer/index.html]
[rajbarcode.com/wp-json/oembed/1.0/embedb948.json]
[rajbarcode.com/wp-json/oembed/1.0/embed3a2b]
[rajbarcode.com/wp-content/themes/vaximo/assets/css/bootstrap.mina197.css]
[rajbarcode.com/wp-content/themes/vaximo/assets/css/owl.theme.default.mina197.css]
[rajbarcode.com/wp-content/themes/vaximo/assets/css/owl.carousel.mina197.css]
[rajbarcode.com/wp-content/themes/vaximo/assets/css/magnific-popup.mina197.css]
[rajbarcode.com/wp-content/themes/vaximo/assets/css/animate.mina197.css]
[rajbarcode.com/wp-content/themes/vaximo/assets/css/boxicons.mina197.css]
[rajbarcode.com/wp-content/themes/vaximo/assets/css/flaticona197.css]
[rajbarcode.com/wp-content/themes/vaximo/assets/css/meanmenua197.css]
[rajbarcode.com/wp-content/themes/vaximo/assets/css/nice-select.mina197.css]
[rajbarcode.com/wp-content/themes/vaximo/assets/css/odometer.mina197.css]
[rajbarcode.com/wp-content/themes/vaximo/assets/css/all.mina197.css]
[rajbarcode.com/wp-content/themes/vaximo/assets/css/style.mina197.css]
[rajbarcode.com/wp-content/themes/vaximo/assets/css/responsive.mina197.css]
[rajbarcode.com/wp-content/uploads/elementor/css/post-59995e71.css]
[rajbarcode.com/wp-content/themes/vaximo/assets/js/popper.mina197.js]
[rajbarcode.com/wp-content/themes/vaximo/assets/js/bootstrap.bundle.mina197.js]
[rajbarcode.com/wp-content/themes/vaximo/assets/js/jquery.meanmenua197.js]
[rajbarcode.com/wp-content/themes/vaximo/assets/js/wow.mina197.js]
[rajbarcode.com/wp-content/themes/vaximo/assets/js/owl.carousel.mina197.js]
[rajbarcode.com/wp-content/themes/vaximo/assets/js/jquery.magnific-popup.mina197.js]
[rajbarcode.com/wp-content/themes/vaximo/assets/js/jquery.nice-select.mina197.js]
[rajbarcode.com/wp-content/themes/vaximo/assets/js/parallax.mina197.js]
[rajbarcode.com/wp-content/themes/vaximo/assets/js/jquery.appear.mina197.js]
[rajbarcode.com/wp-content/themes/vaximo/assets/js/ofi.mina197.js]
[rajbarcode.com/wp-content/themes/vaximo/assets/js/carousel-thumbs.mina197.js]
[rajbarcode.com/wp-content/themes/vaximo/assets/js/main.mina197.js]
[rajbarcode.com/wp-json/wp/v2/pages/5999.json]
[rajbarcode.com/wp-content/uploads/2023/10/p_1.png]
[rajbarcode.com/wp-content/uploads/2024/01/ZE500-6.pdf]
[rajbarcode.com/wp-content/uploads/2024/01/PEX1121LPEX1131LPEX1161L.pdf]
[rajbarcode.com/wp-content/uploads/2023/10/p_4.png]
[rajbarcode.com/wp-content/uploads/2024/01/PEX1221RPEX1231RPEX1261R.pdf]
[rajbarcode.com/wp-content/uploads/2023/10/p_5.png]
[rajbarcode.com/wp-content/uploads/2024/01/PEX-2260L-PEX-2260-R.pdf]
[rajbarcode.com/wp-content/uploads/2023/10/p_6.png]
[rajbarcode.com/wp-content/uploads/2023/10/p_7.png]
[rajbarcode.com/wp-content/uploads/2024/01/ZE511ZE521.pdf]
[rajbarcode.com/printing-technology/print-engines/index.html]
[rajbarcode.com/wp-content/themes/vaximo/assets/js/odometer.mina197.js]
[rajbarcode.com/wp-json/oembed/1.0/embeddcf3.json]
[rajbarcode.com/wp-json/oembed/1.0/embed620b]
[rajbarcode.com/wp-content/themes/vaximo/assets/css/bootstrap.min0808.css]
[rajbarcode.com/wp-content/themes/vaximo/assets/css/owl.theme.default.min0808.css]
[rajbarcode.com/wp-content/themes/vaximo/assets/css/owl.carousel.min0808.css]
[rajbarcode.com/wp-content/themes/vaximo/assets/css/magnific-popup.min0808.css]
[rajbarcode.com/wp-content/themes/vaximo/assets/css/animate.min0808.css]
[rajbarcode.com/wp-content/themes/vaximo/assets/css/boxicons.min0808.css]
[rajbarcode.com/wp-content/themes/vaximo/assets/css/flaticon0808.css]
[rajbarcode.com/wp-content/themes/vaximo/assets/css/meanmenu0808.css]
[rajbarcode.com/wp-content/themes/vaximo/assets/css/nice-select.min0808.css]
[rajbarcode.com/wp-content/themes/vaximo/assets/css/odometer.min0808.css]
[rajbarcode.com/wp-content/themes/vaximo/assets/css/all.min0808.css]
[rajbarcode.com/wp-content/themes/vaximo/assets/css/style.min0808.css]
[rajbarcode.com/wp-content/themes/vaximo/assets/css/responsive.min0808.css]
[rajbarcode.com/wp-content/plugins/elementor/assets/css/conditionals/shapes.min2801.css]
[rajbarcode.com/wp-content/uploads/elementor/css/post-11939b48f.css]
[rajbarcode.com/wp-content/themes/vaximo/assets/js/popper.min0808.js]
[rajbarcode.com/wp-content/themes/vaximo/assets/js/bootstrap.bundle.min0808.js]
[rajbarcode.com/wp-content/themes/vaximo/assets/js/jquery.meanmenu0808.js]
[rajbarcode.com/wp-content/themes/vaximo/assets/js/wow.min0808.js]
[rajbarcode.com/wp-content/themes/vaximo/assets/js/owl.carousel.min0808.js]
[rajbarcode.com/wp-content/themes/vaximo/assets/js/jquery.magnific-popup.min0808.js]
[rajbarcode.com/wp-content/themes/vaximo/assets/js/jquery.nice-select.min0808.js]
[rajbarcode.com/wp-content/themes/vaximo/assets/js/parallax.min0808.js]
[rajbarcode.com/wp-content/themes/vaximo/assets/js/jquery.appear.min0808.js]
[rajbarcode.com/wp-content/themes/vaximo/assets/js/ofi.min0808.js]
[rajbarcode.com/wp-content/themes/vaximo/assets/js/carousel-thumbs.min0808.js]
[rajbarcode.com/wp-content/themes/vaximo/assets/js/main.min0808.js]
[rajbarcode.com/wp-json/wp/v2/pages/11939.json]
[rajbarcode.com/wp-content/uploads/2024/01/Industrial-Ribbons.png]
[rajbarcode.com/wp-content/uploads/2024/01/PAPER-LABELS.png]
[rajbarcode.com/wp-content/uploads/2024/01/POLYESTER-LABELS.png]
[rajbarcode.com/wp-content/uploads/2024/01/SECURITY-LABELS.png]
[rajbarcode.com/wp-content/uploads/2024/01/SPECIALITY-LABELS.png]
[rajbarcode.com/printing-technology/consumables/index.html]
[rajbarcode.com/wp-content/themes/vaximo/assets/js/odometer.min0808.js]
[rajbarcode.com/wp-json/oembed/1.0/embedc674.json]
[rajbarcode.com/wp-json/oembed/1.0/embedb324]
[rajbarcode.com/wp-content/themes/vaximo/assets/css/bootstrap.min180d.css]
[rajbarcode.com/wp-content/themes/vaximo/assets/css/owl.theme.default.min180d.css]
[rajbarcode.com/wp-content/themes/vaximo/assets/css/owl.carousel.min180d.css]
[rajbarcode.com/wp-content/themes/vaximo/assets/css/magnific-popup.min180d.css]
[rajbarcode.com/wp-content/themes/vaximo/assets/css/animate.min180d.css]
[rajbarcode.com/wp-content/themes/vaximo/assets/css/boxicons.min180d.css]
[rajbarcode.com/wp-content/themes/vaximo/assets/css/flaticon180d.css]
[rajbarcode.com/wp-content/themes/vaximo/assets/css/meanmenu180d.css]
[rajbarcode.com/wp-content/themes/vaximo/assets/css/nice-select.min180d.css]
[rajbarcode.com/wp-content/themes/vaximo/assets/css/odometer.min180d.css]
[rajbarcode.com/wp-content/themes/vaximo/assets/css/all.min180d.css]
[rajbarcode.com/wp-content/themes/vaximo/assets/css/responsive.min180d.css]
[rajbarcode.com/wp-content/themes/vaximo/assets/css/style.min180d.css]
[rajbarcode.com/wp-content/themes/vaximo/assets/js/popper.min180d.js]
[rajbarcode.com/wp-content/themes/vaximo/assets/js/bootstrap.bundle.min180d.js]
[rajbarcode.com/wp-content/themes/vaximo/assets/js/jquery.meanmenu180d.js]
[rajbarcode.com/wp-content/themes/vaximo/assets/js/wow.min180d.js]
[rajbarcode.com/wp-content/themes/vaximo/assets/js/owl.carousel.min180d.js]
[rajbarcode.com/wp-content/themes/vaximo/assets/js/jquery.magnific-popup.min180d.js]
[rajbarcode.com/wp-content/themes/vaximo/assets/js/jquery.nice-select.min180d.js]
[rajbarcode.com/wp-content/themes/vaximo/assets/js/parallax.min180d.js]
[rajbarcode.com/wp-content/themes/vaximo/assets/js/jquery.appear.min180d.js]
[rajbarcode.com/wp-content/themes/vaximo/assets/js/ofi.min180d.js]
[rajbarcode.com/wp-content/themes/vaximo/assets/js/carousel-thumbs.min180d.js]
[rajbarcode.com/wp-content/themes/vaximo/assets/js/main.min180d.js]
[rajbarcode.com/wp-json/wp/v2/pages/11123.json]
[rajbarcode.com/wp-content/uploads/2024/02/Bartender-Logo.png]
[rajbarcode.com/wp-content/uploads/2024/01/BarTender-Starter-Edition.pdf]
[rajbarcode.com/wp-content/uploads/2024/01/bartender-automation-edition.pdf]
[rajbarcode.com/wp-content/uploads/2024/01/bartender-professional-edition.pdf]
[rajbarcode.com/printing-technology/label-printing-software/index.html]
[rajbarcode.com/wp-content/themes/vaximo/assets/js/odometer.min180d.js]
[rajbarcode.com/wp-json/oembed/1.0/embed08c3.json]
[rajbarcode.com/wp-json/oembed/1.0/embed9f4c]
[rajbarcode.com/wp-content/uploads/elementor/css/post-6916361e.css]
[rajbarcode.com/wp-json/wp/v2/pages/6916.json]
[rajbarcode.com/wp-content/uploads/2023/10/45bc8047-e175-4044-b51f-4f5417c97cbc.png]
[rajbarcode.com/wp-content/uploads/2024/02/mob-comp.jpg]
[rajbarcode.com/wp-content/uploads/2023/10/2-3.png]
[rajbarcode.com/wp-content/uploads/2023/12/hrd4.png]
[rajbarcode.com/wp-content/uploads/2023/10/6-1.png]
[rajbarcode.com/wp-content/uploads/2024/02/atex.png]
[rajbarcode.com/scanning-and-mobility-technology/index.html]
[rajbarcode.com/wp-json/oembed/1.0/embed08d4.json]
[rajbarcode.com/wp-json/oembed/1.0/embed89ba]
[rajbarcode.com/wp-content/themes/vaximo/assets/css/bootstrap.min6129.css]
[rajbarcode.com/wp-content/themes/vaximo/assets/css/owl.theme.default.min6129.css]
[rajbarcode.com/wp-content/themes/vaximo/assets/css/owl.carousel.min6129.css]
[rajbarcode.com/wp-content/themes/vaximo/assets/css/magnific-popup.min6129.css]
[rajbarcode.com/wp-content/themes/vaximo/assets/css/animate.min6129.css]
[rajbarcode.com/wp-content/themes/vaximo/assets/css/boxicons.min6129.css]
[rajbarcode.com/wp-content/themes/vaximo/assets/css/flaticon6129.css]
[rajbarcode.com/wp-content/themes/vaximo/assets/css/meanmenu6129.css]
[rajbarcode.com/wp-content/themes/vaximo/assets/css/nice-select.min6129.css]
[rajbarcode.com/wp-content/themes/vaximo/assets/css/odometer.min6129.css]
[rajbarcode.com/wp-content/themes/vaximo/assets/css/all.min6129.css]
[rajbarcode.com/wp-content/themes/vaximo/assets/css/style.min6129.css]
[rajbarcode.com/wp-content/themes/vaximo/assets/css/responsive.min6129.css]
[rajbarcode.com/wp-content/uploads/elementor/css/post-60048846.css]
[rajbarcode.com/wp-content/themes/vaximo/assets/js/popper.min6129.js]
[rajbarcode.com/wp-content/themes/vaximo/assets/js/bootstrap.bundle.min6129.js]
[rajbarcode.com/wp-content/themes/vaximo/assets/js/jquery.meanmenu6129.js]
[rajbarcode.com/wp-content/themes/vaximo/assets/js/wow.min6129.js]
[rajbarcode.com/wp-content/themes/vaximo/assets/js/owl.carousel.min6129.js]
[rajbarcode.com/wp-content/themes/vaximo/assets/js/jquery.magnific-popup.min6129.js]
[rajbarcode.com/wp-content/themes/vaximo/assets/js/jquery.nice-select.min6129.js]
[rajbarcode.com/wp-content/themes/vaximo/assets/js/parallax.min6129.js]
[rajbarcode.com/wp-content/themes/vaximo/assets/js/jquery.appear.min6129.js]
[rajbarcode.com/wp-content/themes/vaximo/assets/js/ofi.min6129.js]
[rajbarcode.com/wp-content/themes/vaximo/assets/js/carousel-thumbs.min6129.js]
[rajbarcode.com/wp-content/themes/vaximo/assets/js/main.min6129.js]
[rajbarcode.com/wp-json/wp/v2/pages/6004.json]
[rajbarcode.com/wp-content/uploads/2023/10/B_1.png]
[rajbarcode.com/wp-content/uploads/2024/01/LS2208.pdf]
[rajbarcode.com/wp-content/uploads/2023/10/b_2.png]
[rajbarcode.com/wp-content/uploads/2024/01/LI4278.pdf]
[rajbarcode.com/wp-content/uploads/2023/10/b_3.png]
[rajbarcode.com/wp-content/uploads/2024/01/DS2208.pdf]
[rajbarcode.com/wp-content/uploads/2023/10/B_4.png]
[rajbarcode.com/wp-content/uploads/2024/01/DS2278.pdf]
[rajbarcode.com/wp-content/uploads/2023/10/b_5.png]
[rajbarcode.com/wp-content/uploads/2024/01/DS8108.pdf]
[rajbarcode.com/wp-content/uploads/2023/10/b_6.png]
[rajbarcode.com/wp-content/uploads/2024/01/ds8178.pdf]
[rajbarcode.com/wp-content/uploads/2023/10/b_7.png]
[rajbarcode.com/wp-content/uploads/2024/01/DS4608.pdf]
[rajbarcode.com/wp-content/uploads/2023/10/b_8.png]
[rajbarcode.com/wp-content/uploads/2024/01/DS9308.pdf]
[rajbarcode.com/wp-content/uploads/2023/10/b_9.png]
[rajbarcode.com/wp-content/uploads/2024/01/DS3608-DS3678.pdf]
[rajbarcode.com/wp-content/uploads/2023/10/b_1_2.png]
[rajbarcode.com/wp-content/uploads/2023/10/498ff312-d1d8-4c41-8a0c-fdaa5b44dac7.png]
[rajbarcode.com/wp-content/uploads/2024/01/ET40-ENTERPRISE-TABLETS.png]
[rajbarcode.com/wp-content/uploads/2023/10/23afc0a5-6ea4-4d5c-8b27-c58c9d717288.png]
[rajbarcode.com/scanning-and-mobility-technology/barcode-scanner/index.html]
[rajbarcode.com/wp-content/themes/vaximo/assets/js/odometer.min6129.js]
[rajbarcode.com/wp-json/oembed/1.0/embed25d6.json]
[rajbarcode.com/wp-json/oembed/1.0/embed9e05]
[rajbarcode.com/wp-content/themes/vaximo/assets/css/owl.theme.default.minac7c.css]
[rajbarcode.com/wp-content/themes/vaximo/assets/css/bootstrap.minac7c.css]
[rajbarcode.com/wp-content/themes/vaximo/assets/css/owl.carousel.minac7c.css]
[rajbarcode.com/wp-content/themes/vaximo/assets/css/magnific-popup.minac7c.css]
[rajbarcode.com/wp-content/themes/vaximo/assets/css/animate.minac7c.css]
[rajbarcode.com/wp-content/themes/vaximo/assets/css/boxicons.minac7c.css]
[rajbarcode.com/wp-content/themes/vaximo/assets/css/flaticonac7c.css]
[rajbarcode.com/wp-content/themes/vaximo/assets/css/meanmenuac7c.css]
[rajbarcode.com/wp-content/themes/vaximo/assets/css/nice-select.minac7c.css]
[rajbarcode.com/wp-content/themes/vaximo/assets/css/odometer.minac7c.css]
[rajbarcode.com/wp-content/themes/vaximo/assets/css/all.minac7c.css]
[rajbarcode.com/wp-content/themes/vaximo/assets/css/style.minac7c.css]
[rajbarcode.com/wp-content/themes/vaximo/assets/css/responsive.minac7c.css]
[rajbarcode.com/wp-content/uploads/elementor/css/post-11004f2eb.css]
[rajbarcode.com/wp-content/themes/vaximo/assets/js/popper.minac7c.js]
[rajbarcode.com/wp-content/themes/vaximo/assets/js/jquery.meanmenuac7c.js]
[rajbarcode.com/wp-content/themes/vaximo/assets/js/bootstrap.bundle.minac7c.js]
[rajbarcode.com/wp-content/themes/vaximo/assets/js/owl.carousel.minac7c.js]
[rajbarcode.com/wp-content/themes/vaximo/assets/js/jquery.magnific-popup.minac7c.js]
[rajbarcode.com/wp-content/themes/vaximo/assets/js/jquery.nice-select.minac7c.js]
[rajbarcode.com/wp-content/themes/vaximo/assets/js/parallax.minac7c.js]
[rajbarcode.com/wp-content/themes/vaximo/assets/js/jquery.appear.minac7c.js]
[rajbarcode.com/wp-content/themes/vaximo/assets/js/ofi.minac7c.js]
[rajbarcode.com/wp-content/themes/vaximo/assets/js/carousel-thumbs.minac7c.js]
[rajbarcode.com/wp-content/themes/vaximo/assets/js/main.minac7c.js]
[rajbarcode.com/wp-json/wp/v2/pages/11004.json]
[rajbarcode.com/wp-content/uploads/2023/12/MODEL-MC22MC27.jpg]
[rajbarcode.com/wp-content/uploads/2024/01/MC22MC27.pdf]
[rajbarcode.com/wp-content/uploads/2023/12/MODEL-TC21-TC26.jpg]
[rajbarcode.com/wp-content/uploads/2024/01/tc21-tc26-spec-sheet-en-us.pdf]
[rajbarcode.com/wp-content/uploads/2024/01/MC3300X.pdf]
[rajbarcode.com/wp-content/uploads/2023/12/MODEL-TC53TC58.jpg]
[rajbarcode.com/wp-content/uploads/2024/01/TC53-TC58.pdf]
[rajbarcode.com/wp-content/uploads/2023/12/TC73TC78.jpg]
[rajbarcode.com/wp-content/uploads/2024/01/TC73TC78.pdf]
[rajbarcode.com/wp-content/uploads/2023/12/TC72TC77.jpg]
[rajbarcode.com/wp-content/uploads/2024/01/tc72-tc77-spec-sheet-en-us.pdf]
[rajbarcode.com/wp-content/uploads/2023/12/TC53TC58.jpg]
[rajbarcode.com/scanning-and-mobility-technology/mobile-computers/index.html]
[rajbarcode.com/wp-content/themes/vaximo/assets/js/odometer.minac7c.js]
[rajbarcode.com/wp-json/oembed/1.0/embed1ab0.json]
[rajbarcode.com/wp-json/oembed/1.0/embed9745]
[rajbarcode.com/wp-content/themes/vaximo/assets/css/bootstrap.mind7b0.css]
[rajbarcode.com/wp-content/themes/vaximo/assets/css/owl.theme.default.mind7b0.css]
[rajbarcode.com/wp-content/themes/vaximo/assets/css/owl.carousel.mind7b0.css]
[rajbarcode.com/wp-content/themes/vaximo/assets/css/magnific-popup.mind7b0.css]
[rajbarcode.com/wp-content/themes/vaximo/assets/css/animate.mind7b0.css]
[rajbarcode.com/wp-content/themes/vaximo/assets/css/boxicons.mind7b0.css]
[rajbarcode.com/wp-content/themes/vaximo/assets/css/flaticond7b0.css]
[rajbarcode.com/wp-content/themes/vaximo/assets/css/meanmenud7b0.css]
[rajbarcode.com/wp-content/themes/vaximo/assets/css/nice-select.mind7b0.css]
[rajbarcode.com/wp-content/themes/vaximo/assets/css/odometer.mind7b0.css]
[rajbarcode.com/wp-content/themes/vaximo/assets/css/all.mind7b0.css]
[rajbarcode.com/wp-content/themes/vaximo/assets/css/style.mind7b0.css]
[rajbarcode.com/wp-content/themes/vaximo/assets/css/responsive.mind7b0.css]
[rajbarcode.com/wp-content/uploads/elementor/css/post-11104190e.css]
[rajbarcode.com/wp-content/themes/vaximo/assets/js/popper.mind7b0.js]
[rajbarcode.com/wp-content/themes/vaximo/assets/js/bootstrap.bundle.mind7b0.js]
[rajbarcode.com/wp-content/themes/vaximo/assets/js/jquery.meanmenud7b0.js]
[rajbarcode.com/wp-content/themes/vaximo/assets/js/wow.mind7b0.js]
[rajbarcode.com/wp-content/themes/vaximo/assets/js/owl.carousel.mind7b0.js]
[rajbarcode.com/wp-content/themes/vaximo/assets/js/jquery.magnific-popup.mind7b0.js]
[rajbarcode.com/wp-content/themes/vaximo/assets/js/jquery.nice-select.mind7b0.js]
[rajbarcode.com/wp-content/themes/vaximo/assets/js/parallax.mind7b0.js]
[rajbarcode.com/wp-content/themes/vaximo/assets/js/jquery.appear.mind7b0.js]
[rajbarcode.com/wp-content/themes/vaximo/assets/js/ofi.mind7b0.js]
[rajbarcode.com/wp-content/themes/vaximo/assets/js/carousel-thumbs.mind7b0.js]
[rajbarcode.com/wp-content/themes/vaximo/assets/js/main.mind7b0.js]
[rajbarcode.com/wp-json/wp/v2/pages/11104.json]
[rajbarcode.com/wp-content/uploads/2024/01/ET40-ENTERPRISE-TABLETS.pdf]
[rajbarcode.com/wp-content/uploads/2024/01/ET45-ENTERPRISE-TABLETS.pdf]
[rajbarcode.com/wp-content/uploads/2024/01/ET51-ANDROID-TABLET.pdf]
[rajbarcode.com/wp-content/uploads/2024/01/ET56-ANDROID-TABLET.pdf]
[rajbarcode.com/wp-content/uploads/2024/01/ET60-RUGGED-ENTERPRISE-TABLETS.png]
[rajbarcode.com/wp-content/uploads/2024/01/ET65-RUGGED-ENTERPRISE-TABLETS.pdf]
[rajbarcode.com/wp-content/uploads/2024/01/XSlate-L10-Android.png]
[rajbarcode.com/wp-content/uploads/2024/01/XSlate-L10-Android.pdf]
[rajbarcode.com/wp-content/uploads/2024/01/ET80-RUGGED-2-IN-1-TABLET-e1705060067955.png]
[rajbarcode.com/wp-content/uploads/2024/01/ET80-RUGGED-2-IN-1-TABLET.pdf]
[rajbarcode.com/wp-content/uploads/2024/01/ET85-RUGGED-2-IN-1-TABLET.pdf]
[rajbarcode.com/wp-content/uploads/2023/10/49f66065-69f1-4439-a160-abc76d827808.png]
[rajbarcode.com/scanning-and-mobility-technology/tablets/index.html]
[rajbarcode.com/wp-content/themes/vaximo/assets/js/odometer.mind7b0.js]
[rajbarcode.com/wp-json/oembed/1.0/embed8323.json]
[rajbarcode.com/wp-json/oembed/1.0/embed7735]
[rajbarcode.com/wp-content/uploads/elementor/css/post-74635273.css]
[rajbarcode.com/wp-json/wp/v2/pages/7463.json]
[rajbarcode.com/wp-content/uploads/2023/10/1-4.png]
[rajbarcode.com/wp-content/uploads/2024/01/CC600-CUSTOMER-CONCIERGE.pdf]
[rajbarcode.com/scanning-and-mobility-technology/kiosk/index.html]
[rajbarcode.com/wp-json/oembed/1.0/embedd4f9]
[rajbarcode.com/wp-content/themes/vaximo/assets/css/bootstrap.min594d.css]
[rajbarcode.com/wp-content/themes/vaximo/assets/css/owl.theme.default.min594d.css]
[rajbarcode.com/wp-content/themes/vaximo/assets/css/owl.carousel.min594d.css]
[rajbarcode.com/wp-content/themes/vaximo/assets/css/magnific-popup.min594d.css]
[rajbarcode.com/wp-content/themes/vaximo/assets/css/animate.min594d.css]
[rajbarcode.com/wp-content/themes/vaximo/assets/css/boxicons.min594d.css]
[rajbarcode.com/wp-content/themes/vaximo/assets/css/flaticon594d.css]
[rajbarcode.com/wp-content/themes/vaximo/assets/css/meanmenu594d.css]
[rajbarcode.com/wp-content/themes/vaximo/assets/css/nice-select.min594d.css]
[rajbarcode.com/wp-content/themes/vaximo/assets/css/odometer.min594d.css]
[rajbarcode.com/wp-content/themes/vaximo/assets/css/all.min594d.css]
[rajbarcode.com/wp-content/themes/vaximo/assets/css/style.min594d.css]
[rajbarcode.com/wp-content/themes/vaximo/assets/css/responsive.min594d.css]
[rajbarcode.com/wp-content/uploads/elementor/css/post-11109e8ce.css]
[rajbarcode.com/wp-content/themes/vaximo/assets/js/popper.min594d.js]
[rajbarcode.com/wp-content/themes/vaximo/assets/js/bootstrap.bundle.min594d.js]
[rajbarcode.com/wp-content/themes/vaximo/assets/js/jquery.meanmenu594d.js]
[rajbarcode.com/wp-content/themes/vaximo/assets/js/wow.min594d.js]
[rajbarcode.com/wp-content/themes/vaximo/assets/js/owl.carousel.min594d.js]
[rajbarcode.com/wp-content/themes/vaximo/assets/js/jquery.magnific-popup.min594d.js]
[rajbarcode.com/wp-content/themes/vaximo/assets/js/jquery.nice-select.min594d.js]
[rajbarcode.com/wp-content/themes/vaximo/assets/js/parallax.min594d.js]
[rajbarcode.com/wp-content/themes/vaximo/assets/js/jquery.appear.min594d.js]
[rajbarcode.com/wp-content/themes/vaximo/assets/js/ofi.min594d.js]
[rajbarcode.com/wp-content/themes/vaximo/assets/js/carousel-thumbs.min594d.js]
[rajbarcode.com/wp-content/themes/vaximo/assets/js/main.min594d.js]
[rajbarcode.com/wp-json/wp/v2/pages/11109.json]
[rajbarcode.com/wp-content/uploads/2024/01/FX9600-RFID-READER.pdf]
[rajbarcode.com/wp-content/uploads/2023/12/hrd5.png]
[rajbarcode.com/wp-content/uploads/2024/01/RFD8500-RFID-SLED.pdf]
[rajbarcode.com/wp-content/uploads/2023/12/hrd6.png]
[rajbarcode.com/wp-content/uploads/2024/01/MC330XR.pdf]
[rajbarcode.com/wp-content/uploads/2023/12/hrd7.png]
[rajbarcode.com/wp-content/uploads/2024/01/MC3330xR.pdf]
[rajbarcode.com/wp-content/uploads/2023/12/hrd8.png]
[rajbarcode.com/wp-content/uploads/2024/01/RFD40-UHF-RFID-Sleds.pdf]
[rajbarcode.com/wp-content/uploads/2023/12/hrd9.png]
[rajbarcode.com/wp-content/uploads/2023/12/hrd10.png]
[rajbarcode.com/wp-content/uploads/2024/01/RFD9030-Standard-Range-Ultra-Rugged-UHF-RFID-Sle.pdf]
[rajbarcode.com/wp-content/uploads/2023/12/hrd3.png]
[rajbarcode.com/wp-content/uploads/2024/01/AN440-RFID-ANTENNA.pdf]
[rajbarcode.com/wp-content/uploads/2023/12/hrd1.png]
[rajbarcode.com/wp-content/uploads/2023/11/63-2-1024x1024.png]
[rajbarcode.com/wp-content/uploads/2024/01/ET40ET45-TABLET.pdf]
[rajbarcode.com/wp-content/uploads/2023/12/hrd2.png]
[rajbarcode.com/wp-content/uploads/2024/01/ET51-TABLET.pdf]
[rajbarcode.com/wp-content/uploads/2023/10/3-2.png]
[rajbarcode.com/scanning-and-mobility-technology/rfid-reader/index.html]
[rajbarcode.com/wp-content/themes/vaximo/assets/js/odometer.min594d.js]
[rajbarcode.com/wp-json/oembed/1.0/embed9e0a.json]
[rajbarcode.com/wp-json/oembed/1.0/embed9876]
[rajbarcode.com/wp-content/themes/vaximo/assets/css/bootstrap.min1b45.css]
[rajbarcode.com/wp-content/themes/vaximo/assets/css/owl.theme.default.min1b45.css]
[rajbarcode.com/wp-content/themes/vaximo/assets/css/owl.carousel.min1b45.css]
[rajbarcode.com/wp-content/themes/vaximo/assets/css/magnific-popup.min1b45.css]
[rajbarcode.com/wp-content/themes/vaximo/assets/css/animate.min1b45.css]
[rajbarcode.com/wp-content/themes/vaximo/assets/css/boxicons.min1b45.css]
[rajbarcode.com/wp-content/themes/vaximo/assets/css/flaticon1b45.css]
[rajbarcode.com/wp-content/themes/vaximo/assets/css/meanmenu1b45.css]
[rajbarcode.com/wp-content/themes/vaximo/assets/css/nice-select.min1b45.css]
[rajbarcode.com/wp-content/themes/vaximo/assets/css/odometer.min1b45.css]
[rajbarcode.com/wp-content/themes/vaximo/assets/css/all.min1b45.css]
[rajbarcode.com/wp-content/themes/vaximo/assets/css/responsive.min1b45.css]
[rajbarcode.com/wp-content/themes/vaximo/assets/css/style.min1b45.css]
[rajbarcode.com/wp-content/uploads/elementor/css/post-658614ea.css]
[rajbarcode.com/wp-content/themes/vaximo/assets/js/popper.min1b45.js]
[rajbarcode.com/wp-content/themes/vaximo/assets/js/jquery.meanmenu1b45.js]
[rajbarcode.com/wp-content/themes/vaximo/assets/js/bootstrap.bundle.min1b45.js]
[rajbarcode.com/wp-content/themes/vaximo/assets/js/wow.min1b45.js]
[rajbarcode.com/wp-content/themes/vaximo/assets/js/owl.carousel.min1b45.js]
[rajbarcode.com/wp-content/themes/vaximo/assets/js/jquery.magnific-popup.min1b45.js]
[rajbarcode.com/wp-content/themes/vaximo/assets/js/jquery.nice-select.min1b45.js]
[rajbarcode.com/wp-content/themes/vaximo/assets/js/parallax.min1b45.js]
[rajbarcode.com/wp-content/themes/vaximo/assets/js/jquery.appear.min1b45.js]
[rajbarcode.com/wp-content/themes/vaximo/assets/js/ofi.min1b45.js]
[rajbarcode.com/wp-content/themes/vaximo/assets/js/carousel-thumbs.min1b45.js]
[rajbarcode.com/wp-content/themes/vaximo/assets/js/main.min1b45.js]
[rajbarcode.com/wp-json/wp/v2/pages/6586.json]
[rajbarcode.com/wp-content/uploads/2023/10/2.png]
[rajbarcode.com/wp-content/uploads/2024/01/WS50-ANDROID-WEARABLE-COMPUTER.pdf]
[rajbarcode.com/wp-content/uploads/2024/01/RS6100-BLUETOOTH-WEARABLE-SCANNER.pdf]
[rajbarcode.com/wp-content/uploads/2023/10/12.png]
[rajbarcode.com/wp-content/uploads/2024/01/WS50-RFID-ANDROID-WEARABLE-COMPUTER.pdf]
[rajbarcode.com/wp-content/uploads/2023/10/4.png]
[rajbarcode.com/wp-content/uploads/2024/01/RS4000-1D-RING-SCANNER.pdf]
[rajbarcode.com/wp-content/uploads/2023/10/5-1.png]
[rajbarcode.com/wp-content/uploads/2024/01/RS5000-1D2D-CORDED-RING-SCANNER.pdf]
[rajbarcode.com/wp-content/uploads/2024/01/RS5100-BLUETOOTH-WEARABLE-SCANNER.pdf]
[rajbarcode.com/wp-content/uploads/2023/10/7-1.png]
[rajbarcode.com/wp-content/uploads/2024/01/HD4000-ENTERPRISE-HEAD-MOUNTED-DISPLAY.pdf]
[rajbarcode.com/wp-content/uploads/2023/10/8-1.png]
[rajbarcode.com/wp-content/uploads/2024/01/WT6300-WEARABLE-COMPUTER.pdf]
[rajbarcode.com/scanning-and-mobility-technology/wearables/index.html]
[rajbarcode.com/wp-content/themes/vaximo/assets/js/odometer.min1b45.js]
[rajbarcode.com/wp-json/oembed/1.0/embedb7f1.json]
[rajbarcode.com/wp-json/oembed/1.0/embed29d8]
[rajbarcode.com/wp-content/themes/vaximo/assets/css/bootstrap.min8c09.css]
[rajbarcode.com/wp-content/themes/vaximo/assets/css/owl.theme.default.min8c09.css]
[rajbarcode.com/wp-content/themes/vaximo/assets/css/owl.carousel.min8c09.css]
[rajbarcode.com/wp-content/themes/vaximo/assets/css/magnific-popup.min8c09.css]
[rajbarcode.com/wp-content/themes/vaximo/assets/css/animate.min8c09.css]
[rajbarcode.com/wp-content/themes/vaximo/assets/css/boxicons.min8c09.css]
[rajbarcode.com/wp-content/themes/vaximo/assets/css/flaticon8c09.css]
[rajbarcode.com/wp-content/themes/vaximo/assets/css/meanmenu8c09.css]
[rajbarcode.com/wp-content/themes/vaximo/assets/css/nice-select.min8c09.css]
[rajbarcode.com/wp-content/themes/vaximo/assets/css/odometer.min8c09.css]
[rajbarcode.com/wp-content/themes/vaximo/assets/css/all.min8c09.css]
[rajbarcode.com/wp-content/themes/vaximo/assets/css/style.min8c09.css]
[rajbarcode.com/wp-content/themes/vaximo/assets/css/responsive.min8c09.css]
[rajbarcode.com/wp-content/uploads/elementor/css/post-7196380d.css]
[rajbarcode.com/wp-content/themes/vaximo/assets/js/popper.min8c09.js]
[rajbarcode.com/wp-content/themes/vaximo/assets/js/bootstrap.bundle.min8c09.js]
[rajbarcode.com/wp-content/themes/vaximo/assets/js/jquery.meanmenu8c09.js]
[rajbarcode.com/wp-content/themes/vaximo/assets/js/wow.min8c09.js]
[rajbarcode.com/wp-content/themes/vaximo/assets/js/owl.carousel.min8c09.js]
[rajbarcode.com/wp-content/themes/vaximo/assets/js/jquery.magnific-popup.min8c09.js]
[rajbarcode.com/wp-content/themes/vaximo/assets/js/jquery.nice-select.min8c09.js]
[rajbarcode.com/wp-content/themes/vaximo/assets/js/parallax.min8c09.js]
[rajbarcode.com/wp-content/themes/vaximo/assets/js/jquery.appear.min8c09.js]
[rajbarcode.com/wp-content/themes/vaximo/assets/js/ofi.min8c09.js]
[rajbarcode.com/wp-content/themes/vaximo/assets/js/carousel-thumbs.min8c09.js]
[rajbarcode.com/wp-content/themes/vaximo/assets/js/main.min8c09.js]
[rajbarcode.com/wp-json/wp/v2/pages/7196.json]
[rajbarcode.com/wp-content/uploads/2023/10/605ee4d4-4b8d-4f42-baea-dd4f7313df6b.png]
[rajbarcode.com/wp-content/uploads/2023/10/a175da5d-f7cc-4227-a185-ec3f102bf0f1.png]
[rajbarcode.com/wp-content/uploads/2024/02/bartech.png]
[rajbarcode.com/wp-content/uploads/2024/01/Tablet-PC-Agile-S.pdf]
[rajbarcode.com/wp-content/uploads/2023/10/1268a5ac-0602-4e8b-84d2-f382b9832772.png]
[rajbarcode.com/wp-content/uploads/2023/10/8edbfee5-73a6-48f4-b199-a54d1c9138f8.png]
[rajbarcode.com/wp-content/uploads/2023/10/ccdfd594-f8d8-426c-9745-c84c0e5ec962.png]
[rajbarcode.com/wp-content/uploads/2024/01/MC-92ex-IS-Mobile-Computer.pdf]
[rajbarcode.com/wp-content/uploads/2023/10/07f6631c-3b9e-4d13-a42b-09d7ef5c8eaf.png]
[rajbarcode.com/wp-content/uploads/2024/01/MC27ex-NI-Mobile-Computer.pdf]
[rajbarcode.com/wp-content/uploads/2023/10/952064f6-402e-4908-94a0-20bfa26fb05a.png]
[rajbarcode.com/wp-content/uploads/2024/01/TC77ex-NI-Touch-Computer.pdf]
[rajbarcode.com/wp-content/uploads/2024/01/TC26ex-NI-touch-computer.pdf]
[rajbarcode.com/wp-content/uploads/2023/10/226796b8-bd08-4b7d-85f0-325ef61f8224.png]
[rajbarcode.com/wp-content/uploads/2024/01/Pixavi-Phone.pdf]
[rajbarcode.com/wp-content/uploads/2023/10/797ba7bf-7936-42ec-ba07-15ad71a8bd20.png]
[rajbarcode.com/wp-content/uploads/2024/01/MC93-NI-mobile-computer.pdf]
[rajbarcode.com/wp-content/uploads/2024/01/BCS3600ex-NI-Hand-held-scanner.pdf]
[rajbarcode.com/wp-content/uploads/2024/01/BCS3600ex-IS-Hand-held-scanner.pdf]
[rajbarcode.com/wp-content/uploads/2023/10/8b9041f1-6427-460d-8b44-70afaa85f0ca.png]
[rajbarcode.com/wp-content/uploads/2024/01/Pixavi-Phone-with-Scan-Module.pdf]
[rajbarcode.com/wp-content/uploads/2023/10/d455dcfd-0e9a-49f6-aa96-45b1f2c6c39b.png]
[rajbarcode.com/wp-content/uploads/2024/01/Tablet-PC-Agile-S-NI.pdf]
[rajbarcode.com/wp-content/uploads/2023/10/264abe0a-f3ab-46c6-8a55-1f28216ecfd5.png]
[rajbarcode.com/wp-content/uploads/2024/01/TC78ex-NI-touch-computer.pdf]
[rajbarcode.com/wp-content/uploads/2023/10/143daeba-c0cf-4e37-a433-1e7f29d8eced.png]
[rajbarcode.com/scanning-and-mobility-technology/atex-products-flameproof/index.html]
[rajbarcode.com/wp-content/themes/vaximo/assets/js/odometer.min8c09.js]
[rajbarcode.com/wp-json/oembed/1.0/embede4a7.json]
[rajbarcode.com/wp-json/oembed/1.0/embed4afe]
[rajbarcode.com/wp-content/uploads/elementor/css/post-7014c2c3.css]
[rajbarcode.com/wp-json/wp/v2/pages/7014.json]
[rajbarcode.com/wp-content/uploads/2023/11/1.png]
[rajbarcode.com/wp-content/uploads/2023/12/1-1.png]
[rajbarcode.com/wp-content/uploads/2024/01/print_and_apply-category.png]
[rajbarcode.com/wp-content/uploads/2024/01/applicator-category.png]
[rajbarcode.com/wp-content/uploads/2023/10/2-4.png]
[rajbarcode.com/wp-content/uploads/2023/10/1-5.png]
[rajbarcode.com/wp-content/uploads/2023/12/1-e1703161290146.png]
[rajbarcode.com/automation-technology/index.html]
[rajbarcode.com/wp-json/oembed/1.0/embed0674.json]
[rajbarcode.com/wp-json/oembed/1.0/embed11fe]
[rajbarcode.com/wp-content/themes/vaximo/assets/css/bootstrap.min994c.css]
[rajbarcode.com/wp-content/themes/vaximo/assets/css/owl.theme.default.min994c.css]
[rajbarcode.com/wp-content/themes/vaximo/assets/css/owl.carousel.min994c.css]
[rajbarcode.com/wp-content/themes/vaximo/assets/css/magnific-popup.min994c.css]
[rajbarcode.com/wp-content/themes/vaximo/assets/css/animate.min994c.css]
[rajbarcode.com/wp-content/themes/vaximo/assets/css/boxicons.min994c.css]
[rajbarcode.com/wp-content/themes/vaximo/assets/css/flaticon994c.css]
[rajbarcode.com/wp-content/themes/vaximo/assets/css/meanmenu994c.css]
[rajbarcode.com/wp-content/themes/vaximo/assets/css/nice-select.min994c.css]
[rajbarcode.com/wp-content/themes/vaximo/assets/css/odometer.min994c.css]
[rajbarcode.com/wp-content/themes/vaximo/assets/css/all.min994c.css]
[rajbarcode.com/wp-content/themes/vaximo/assets/css/style.min994c.css]
[rajbarcode.com/wp-content/themes/vaximo/assets/css/responsive.min994c.css]
[rajbarcode.com/wp-content/uploads/elementor/css/post-8353a900.css]
[rajbarcode.com/wp-content/themes/vaximo/assets/js/popper.min994c.js]
[rajbarcode.com/wp-content/themes/vaximo/assets/js/bootstrap.bundle.min994c.js]
[rajbarcode.com/wp-content/themes/vaximo/assets/js/jquery.meanmenu994c.js]
[rajbarcode.com/wp-content/themes/vaximo/assets/js/wow.min994c.js]
[rajbarcode.com/wp-content/themes/vaximo/assets/js/owl.carousel.min994c.js]
[rajbarcode.com/wp-content/themes/vaximo/assets/js/jquery.magnific-popup.min994c.js]
[rajbarcode.com/wp-content/themes/vaximo/assets/js/jquery.nice-select.min994c.js]
[rajbarcode.com/wp-content/themes/vaximo/assets/js/parallax.min994c.js]
[rajbarcode.com/wp-content/themes/vaximo/assets/js/jquery.appear.min994c.js]
[rajbarcode.com/wp-content/themes/vaximo/assets/js/ofi.min994c.js]
[rajbarcode.com/wp-content/themes/vaximo/assets/js/carousel-thumbs.min994c.js]
[rajbarcode.com/wp-content/themes/vaximo/assets/js/main.min994c.js]
[rajbarcode.com/wp-json/wp/v2/pages/8353.json]
[rajbarcode.com/wp-content/uploads/2024/02/Cognex-Logo.png]
[rajbarcode.com/wp-content/uploads/2024/01/IN-SIGHT-2000-VISION-SENSORS.pdf]
[rajbarcode.com/wp-content/uploads/2023/11/2.png]
[rajbarcode.com/wp-content/uploads/2024/01/IN-SIGHT-2800-VISION-SYSTEM.pdf]
[rajbarcode.com/wp-content/uploads/2023/11/3.png]
[rajbarcode.com/wp-content/uploads/2024/01/IN-SIGHT-3800-VISION-SYSTEM.pdf]
[rajbarcode.com/wp-content/uploads/2023/11/4.png]
[rajbarcode.com/wp-content/uploads/2024/01/IN-SIGHT-7000-VISION-SYSTEMS.pdf]
[rajbarcode.com/wp-content/uploads/2023/11/5.png]
[rajbarcode.com/wp-content/uploads/2024/01/IN-SIGHT-8000-VISION-SYSTEMS.pdf]
[rajbarcode.com/wp-content/uploads/2023/11/6.png]
[rajbarcode.com/wp-content/uploads/2024/01/IN-SIGHT-9000-VISION-SYSTEMS.pdf]
[rajbarcode.com/wp-content/uploads/2024/01/IN-SIGHT-9902L-LINE-SCAN-VISION-SYSTEM.pdf]
[rajbarcode.com/wp-content/uploads/2023/11/8.png]
[rajbarcode.com/wp-content/uploads/2024/01/IN-SIGHT-D900-VISION-SYSTEM.pdf]
[rajbarcode.com/wp-content/uploads/2023/10/4-3.png]
[rajbarcode.com/automation-technology/machine-vision/index.html]
[rajbarcode.com/wp-content/themes/vaximo/assets/js/odometer.min994c.js]
[rajbarcode.com/wp-json/oembed/1.0/embede47e.json]
[rajbarcode.com/wp-json/oembed/1.0/embed0c65]
[rajbarcode.com/wp-content/themes/vaximo/assets/css/bootstrap.min338d.css]
[rajbarcode.com/wp-content/themes/vaximo/assets/css/owl.theme.default.min338d.css]
[rajbarcode.com/wp-content/themes/vaximo/assets/css/owl.carousel.min338d.css]
[rajbarcode.com/wp-content/themes/vaximo/assets/css/magnific-popup.min338d.css]
[rajbarcode.com/wp-content/themes/vaximo/assets/css/animate.min338d.css]
[rajbarcode.com/wp-content/themes/vaximo/assets/css/boxicons.min338d.css]
[rajbarcode.com/wp-content/themes/vaximo/assets/css/flaticon338d.css]
[rajbarcode.com/wp-content/themes/vaximo/assets/css/meanmenu338d.css]
[rajbarcode.com/wp-content/themes/vaximo/assets/css/nice-select.min338d.css]
[rajbarcode.com/wp-content/themes/vaximo/assets/css/odometer.min338d.css]
[rajbarcode.com/wp-content/themes/vaximo/assets/css/all.min338d.css]
[rajbarcode.com/wp-content/themes/vaximo/assets/css/responsive.min338d.css]
[rajbarcode.com/wp-content/themes/vaximo/assets/css/style.min338d.css]
[rajbarcode.com/wp-content/themes/vaximo/assets/js/popper.min338d.js]
[rajbarcode.com/wp-content/themes/vaximo/assets/js/bootstrap.bundle.min338d.js]
[rajbarcode.com/wp-content/themes/vaximo/assets/js/jquery.meanmenu338d.js]
[rajbarcode.com/wp-content/themes/vaximo/assets/js/wow.min338d.js]
[rajbarcode.com/wp-content/themes/vaximo/assets/js/owl.carousel.min338d.js]
[rajbarcode.com/wp-content/themes/vaximo/assets/js/jquery.magnific-popup.min338d.js]
[rajbarcode.com/wp-content/themes/vaximo/assets/js/jquery.nice-select.min338d.js]
[rajbarcode.com/wp-content/themes/vaximo/assets/js/parallax.min338d.js]
[rajbarcode.com/wp-content/themes/vaximo/assets/js/jquery.appear.min338d.js]
[rajbarcode.com/wp-content/themes/vaximo/assets/js/ofi.min338d.js]
[rajbarcode.com/wp-content/themes/vaximo/assets/js/carousel-thumbs.min338d.js]
[rajbarcode.com/wp-content/themes/vaximo/assets/js/main.min338d.js]
[rajbarcode.com/wp-json/wp/v2/pages/11114.json]
[rajbarcode.com/wp-content/uploads/2024/02/Advantech-Logo.png]
[rajbarcode.com/wp-content/uploads/2024/01/PPC-412.pdf]
[rajbarcode.com/wp-content/uploads/2024/01/PPC-3151.pdf]
[rajbarcode.com/automation-technology/industrial-pc/index.html]
[rajbarcode.com/wp-content/themes/vaximo/assets/js/odometer.min338d.js]
[rajbarcode.com/wp-json/oembed/1.0/embed0bfe.json]
[rajbarcode.com/wp-json/oembed/1.0/embed4b75]
[rajbarcode.com/wp-content/themes/vaximo/assets/css/bootstrap.min19b8.css]
[rajbarcode.com/wp-content/themes/vaximo/assets/css/owl.theme.default.min19b8.css]
[rajbarcode.com/wp-content/themes/vaximo/assets/css/owl.carousel.min19b8.css]
[rajbarcode.com/wp-content/themes/vaximo/assets/css/magnific-popup.min19b8.css]
[rajbarcode.com/wp-content/themes/vaximo/assets/css/animate.min19b8.css]
[rajbarcode.com/wp-content/themes/vaximo/assets/css/boxicons.min19b8.css]
[rajbarcode.com/wp-content/themes/vaximo/assets/css/flaticon19b8.css]
[rajbarcode.com/wp-content/themes/vaximo/assets/css/meanmenu19b8.css]
[rajbarcode.com/wp-content/themes/vaximo/assets/css/nice-select.min19b8.css]
[rajbarcode.com/wp-content/themes/vaximo/assets/css/odometer.min19b8.css]
[rajbarcode.com/wp-content/themes/vaximo/assets/css/all.min19b8.css]
[rajbarcode.com/wp-content/themes/vaximo/assets/css/style.min19b8.css]
[rajbarcode.com/wp-content/themes/vaximo/assets/css/responsive.min19b8.css]
[rajbarcode.com/wp-content/uploads/elementor/css/post-118091331.css]
[rajbarcode.com/wp-content/themes/vaximo/assets/js/popper.min19b8.js]
[rajbarcode.com/wp-content/themes/vaximo/assets/js/bootstrap.bundle.min19b8.js]
[rajbarcode.com/wp-content/themes/vaximo/assets/js/jquery.meanmenu19b8.js]
[rajbarcode.com/wp-content/themes/vaximo/assets/js/wow.min19b8.js]
[rajbarcode.com/wp-content/themes/vaximo/assets/js/owl.carousel.min19b8.js]
[rajbarcode.com/wp-content/themes/vaximo/assets/js/jquery.magnific-popup.min19b8.js]
[rajbarcode.com/wp-content/themes/vaximo/assets/js/jquery.nice-select.min19b8.js]
[rajbarcode.com/wp-content/themes/vaximo/assets/js/parallax.min19b8.js]
[rajbarcode.com/wp-content/themes/vaximo/assets/js/jquery.appear.min19b8.js]
[rajbarcode.com/wp-content/themes/vaximo/assets/js/ofi.min19b8.js]
[rajbarcode.com/wp-content/themes/vaximo/assets/js/carousel-thumbs.min19b8.js]
[rajbarcode.com/wp-content/themes/vaximo/assets/js/main.min19b8.js]
[rajbarcode.com/wp-json/wp/v2/pages/11809.json]
[rajbarcode.com/wp-content/uploads/2024/01/print-and-apply.jpg]
[rajbarcode.com/wp-content/uploads/2024/01/print_and_apply.png]
[rajbarcode.com/automation-technology/print-and-apply/index.html]
[rajbarcode.com/wp-json/oembed/1.0/embedb745.json]
[rajbarcode.com/wp-json/oembed/1.0/embed4c62]
[rajbarcode.com/wp-content/themes/vaximo/assets/css/bootstrap.min2c4b.css]
[rajbarcode.com/wp-content/themes/vaximo/assets/css/owl.theme.default.min2c4b.css]
[rajbarcode.com/wp-content/themes/vaximo/assets/css/owl.carousel.min2c4b.css]
[rajbarcode.com/wp-content/themes/vaximo/assets/css/magnific-popup.min2c4b.css]
[rajbarcode.com/wp-content/themes/vaximo/assets/css/animate.min2c4b.css]
[rajbarcode.com/wp-content/themes/vaximo/assets/css/boxicons.min2c4b.css]
[rajbarcode.com/wp-content/themes/vaximo/assets/css/flaticon2c4b.css]
[rajbarcode.com/wp-content/themes/vaximo/assets/css/meanmenu2c4b.css]
[rajbarcode.com/wp-content/themes/vaximo/assets/css/nice-select.min2c4b.css]
[rajbarcode.com/wp-content/themes/vaximo/assets/css/odometer.min2c4b.css]
[rajbarcode.com/wp-content/themes/vaximo/assets/css/all.min2c4b.css]
[rajbarcode.com/wp-content/themes/vaximo/assets/css/style.min2c4b.css]
[rajbarcode.com/wp-content/themes/vaximo/assets/css/responsive.min2c4b.css]
[rajbarcode.com/wp-content/uploads/elementor/css/post-116748631.css]
[rajbarcode.com/wp-content/themes/vaximo/assets/js/popper.min2c4b.js]
[rajbarcode.com/wp-content/themes/vaximo/assets/js/bootstrap.bundle.min2c4b.js]
[rajbarcode.com/wp-content/themes/vaximo/assets/js/jquery.meanmenu2c4b.js]
[rajbarcode.com/wp-content/themes/vaximo/assets/js/wow.min2c4b.js]
[rajbarcode.com/wp-content/themes/vaximo/assets/js/owl.carousel.min2c4b.js]
[rajbarcode.com/wp-content/themes/vaximo/assets/js/jquery.magnific-popup.min2c4b.js]
[rajbarcode.com/wp-content/themes/vaximo/assets/js/jquery.nice-select.min2c4b.js]
[rajbarcode.com/wp-content/themes/vaximo/assets/js/parallax.min2c4b.js]
[rajbarcode.com/wp-content/themes/vaximo/assets/js/jquery.appear.min2c4b.js]
[rajbarcode.com/wp-content/themes/vaximo/assets/js/ofi.min2c4b.js]
[rajbarcode.com/wp-content/themes/vaximo/assets/js/carousel-thumbs.min2c4b.js]
[rajbarcode.com/wp-content/themes/vaximo/assets/js/main.min2c4b.js]
[rajbarcode.com/wp-json/wp/v2/pages/11674.json]
[rajbarcode.com/wp-content/uploads/2024/01/applicator.png]
[rajbarcode.com/wp-content/uploads/2024/01/Rotary-Labelling-Machine.png]
[rajbarcode.com/wp-content/uploads/2024/01/Tamper-Evident-Labelling-Machine.png]
[rajbarcode.com/wp-content/uploads/2024/01/Wraparound-Machine.png]
[rajbarcode.com/wp-content/uploads/2024/01/Top-Labelling-Machine.png]
[rajbarcode.com/wp-content/uploads/2024/01/Wraparound-Pharma-Machine.png]
[rajbarcode.com/wp-content/uploads/2024/01/FrontBack-wraparound-combi-machine.png]
[rajbarcode.com/wp-content/uploads/2024/01/Hologram-Applicator.png]
[rajbarcode.com/wp-content/uploads/2024/01/Front-and-Back-Labelling-Machine.png]
[rajbarcode.com/automation-technology/applicators/index.html]
[rajbarcode.com/wp-content/themes/vaximo/assets/js/odometer.min2c4b.js]
[rajbarcode.com/wp-json/oembed/1.0/embedb775.json]
[rajbarcode.com/wp-json/oembed/1.0/embed533e]
[rajbarcode.com/wp-content/themes/vaximo/assets/css/bootstrap.min2c0c.css]
[rajbarcode.com/wp-content/themes/vaximo/assets/css/owl.theme.default.min2c0c.css]
[rajbarcode.com/wp-content/themes/vaximo/assets/css/owl.carousel.min2c0c.css]
[rajbarcode.com/wp-content/themes/vaximo/assets/css/magnific-popup.min2c0c.css]
[rajbarcode.com/wp-content/themes/vaximo/assets/css/animate.min2c0c.css]
[rajbarcode.com/wp-content/themes/vaximo/assets/css/boxicons.min2c0c.css]
[rajbarcode.com/wp-content/themes/vaximo/assets/css/flaticon2c0c.css]
[rajbarcode.com/wp-content/themes/vaximo/assets/css/meanmenu2c0c.css]
[rajbarcode.com/wp-content/themes/vaximo/assets/css/nice-select.min2c0c.css]
[rajbarcode.com/wp-content/themes/vaximo/assets/css/odometer.min2c0c.css]
[rajbarcode.com/wp-content/themes/vaximo/assets/css/all.min2c0c.css]
[rajbarcode.com/wp-content/themes/vaximo/assets/css/style.min2c0c.css]
[rajbarcode.com/wp-content/themes/vaximo/assets/css/responsive.min2c0c.css]
[rajbarcode.com/wp-content/uploads/elementor/css/post-730414b6.css]
[rajbarcode.com/wp-content/themes/vaximo/assets/js/popper.min2c0c.js]
[rajbarcode.com/wp-content/themes/vaximo/assets/js/bootstrap.bundle.min2c0c.js]
[rajbarcode.com/wp-content/themes/vaximo/assets/js/jquery.meanmenu2c0c.js]
[rajbarcode.com/wp-content/themes/vaximo/assets/js/wow.min2c0c.js]
[rajbarcode.com/wp-content/themes/vaximo/assets/js/owl.carousel.min2c0c.js]
[rajbarcode.com/wp-content/themes/vaximo/assets/js/jquery.magnific-popup.min2c0c.js]
[rajbarcode.com/wp-content/themes/vaximo/assets/js/jquery.nice-select.min2c0c.js]
[rajbarcode.com/wp-content/themes/vaximo/assets/js/parallax.min2c0c.js]
[rajbarcode.com/wp-content/themes/vaximo/assets/js/jquery.appear.min2c0c.js]
[rajbarcode.com/wp-content/themes/vaximo/assets/js/ofi.min2c0c.js]
[rajbarcode.com/wp-content/themes/vaximo/assets/js/carousel-thumbs.min2c0c.js]
[rajbarcode.com/wp-content/themes/vaximo/assets/js/main.min2c0c.js]
[rajbarcode.com/wp-json/wp/v2/pages/7304.json]
[rajbarcode.com/wp-content/uploads/2023/10/1-1.png]
[rajbarcode.com/wp-content/uploads/2024/01/DATAMAN-475V-SERIES-INLINE.pdf]
[rajbarcode.com/wp-content/uploads/2024/01/DATAMAN-475VS-SERIES-OFFLINE-BARCODE-VERIFIERS.pdf]
[rajbarcode.com/wp-content/uploads/2023/10/3-5.png]
[rajbarcode.com/wp-content/uploads/2024/01/WEBSCAN-SERIES-BARCODE-VERIFIERS.pdf]
[rajbarcode.com/wp-content/uploads/2024/01/DATAMAN-8072-SERIES-BARCODE-VERIFIERS.pdf]
[rajbarcode.com/wp-content/uploads/2023/10/5-3.png]
[rajbarcode.com/wp-content/uploads/2024/01/IN-SIGHT-7905V-SERIES-BARCODE-VERIFIERS.pdf]
[rajbarcode.com/automation-technology/barcode-verifiers/index.html]
[rajbarcode.com/wp-content/themes/vaximo/assets/js/odometer.min2c0c.js]
[rajbarcode.com/wp-json/oembed/1.0/embed981a.json]
[rajbarcode.com/wp-json/oembed/1.0/embed6d03]
[rajbarcode.com/wp-content/themes/vaximo/assets/css/bootstrap.min9771.css]
[rajbarcode.com/wp-content/themes/vaximo/assets/css/owl.theme.default.min9771.css]
[rajbarcode.com/wp-content/themes/vaximo/assets/css/owl.carousel.min9771.css]
[rajbarcode.com/wp-content/themes/vaximo/assets/css/magnific-popup.min9771.css]
[rajbarcode.com/wp-content/themes/vaximo/assets/css/animate.min9771.css]
[rajbarcode.com/wp-content/themes/vaximo/assets/css/boxicons.min9771.css]
[rajbarcode.com/wp-content/themes/vaximo/assets/css/flaticon9771.css]
[rajbarcode.com/wp-content/themes/vaximo/assets/css/meanmenu9771.css]
[rajbarcode.com/wp-content/themes/vaximo/assets/css/nice-select.min9771.css]
[rajbarcode.com/wp-content/themes/vaximo/assets/css/odometer.min9771.css]
[rajbarcode.com/wp-content/themes/vaximo/assets/css/all.min9771.css]
[rajbarcode.com/wp-content/themes/vaximo/assets/css/style.min9771.css]
[rajbarcode.com/wp-content/themes/vaximo/assets/css/responsive.min9771.css]
[rajbarcode.com/wp-content/uploads/elementor/css/post-7810ce39.css]
[rajbarcode.com/wp-content/themes/vaximo/assets/js/popper.min9771.js]
[rajbarcode.com/wp-content/themes/vaximo/assets/js/bootstrap.bundle.min9771.js]
[rajbarcode.com/wp-content/themes/vaximo/assets/js/jquery.meanmenu9771.js]
[rajbarcode.com/wp-content/themes/vaximo/assets/js/wow.min9771.js]
[rajbarcode.com/wp-content/themes/vaximo/assets/js/owl.carousel.min9771.js]
[rajbarcode.com/wp-content/themes/vaximo/assets/js/jquery.magnific-popup.min9771.js]
[rajbarcode.com/wp-content/themes/vaximo/assets/js/jquery.nice-select.min9771.js]
[rajbarcode.com/wp-content/themes/vaximo/assets/js/parallax.min9771.js]
[rajbarcode.com/wp-content/themes/vaximo/assets/js/jquery.appear.min9771.js]
[rajbarcode.com/wp-content/themes/vaximo/assets/js/ofi.min9771.js]
[rajbarcode.com/wp-content/themes/vaximo/assets/js/carousel-thumbs.min9771.js]
[rajbarcode.com/wp-content/themes/vaximo/assets/js/main.min9771.js]
[rajbarcode.com/wp-json/wp/v2/pages/7810.json]
[rajbarcode.com/wp-content/uploads/2024/02/DATAMAN-70-SERIES-COMPACT-BARCODE-READERS.pdf]
[rajbarcode.com/wp-content/uploads/2024/02/DATAMAN-80-SERIES-FIXED-MOUNT-BARCODE-READERS.png]
[rajbarcode.com/wp-content/uploads/2023/10/3-6.png]
[rajbarcode.com/wp-content/uploads/2024/02/DATAMAN-150260-FIXED-MOUNT-BARCODE-READERS.pdf]
[rajbarcode.com/wp-content/uploads/2024/02/DATAMAN-280-SERIES.png]
[rajbarcode.com/wp-content/uploads/2024/02/DATAMAN-280-SERIES.pdf]
[rajbarcode.com/wp-content/uploads/2024/02/DATAMAN_370_SERIES_FIXED-MOUNT_BARCODE_READERS.png]
[rajbarcode.com/wp-content/uploads/2024/02/DATAMAN-370-SERIES-FIXED-MOUNT-BARCODE-READERS.pdf]
[rajbarcode.com/wp-content/uploads/2024/02/DATAMAN_380_SERIES_FIXED-MOUNT_BARCODE_READERS.png]
[rajbarcode.com/wp-content/uploads/2024/02/DATAMAN-380-SERIES-FIXED-MOUNT-BARCODE-READERS.pdf]
[rajbarcode.com/wp-content/uploads/2024/02/DATAMAN_470_SERIES_FIXED-MOUNT_BARCODE_READERS.png]
[rajbarcode.com/wp-content/uploads/2024/02/DATAMAN-470-SERIES-FIXED-MOUNT-BARCODE-READERS.pdf]
[rajbarcode.com/wp-content/uploads/2024/02/DATAMAN_580_BARCODE_READER.png]
[rajbarcode.com/wp-content/uploads/2024/02/DATAMAN-580-BARCODE-READER.pdf]
[rajbarcode.com/wp-content/uploads/2024/02/DATAMAN_8050_SERIES_HANDHELD_BARCODE_READERS.png]
[rajbarcode.com/wp-content/uploads/2024/02/DATAMAN-8050-SERIES-HANDHELD-BARCODE-READERS.pdf]
[rajbarcode.com/wp-content/uploads/2024/02/DATAMAN_8700_SERIES_HANDHELD_BARCODE_READERS.png]
[rajbarcode.com/wp-content/uploads/2024/02/DATAMAN-8700-SERIES-HANDHELD-BARCODE-READERS.pdf]
[rajbarcode.com/automation-technology/barcode-readers/index.html]
[rajbarcode.com/wp-content/themes/vaximo/assets/js/odometer.min9771.js]
[rajbarcode.com/wp-json/oembed/1.0/embedc803.json]
[rajbarcode.com/wp-json/oembed/1.0/embed1236]
[rajbarcode.com/wp-content/themes/vaximo/assets/css/bootstrap.mincf0e.css]
[rajbarcode.com/wp-content/themes/vaximo/assets/css/owl.theme.default.mincf0e.css]
[rajbarcode.com/wp-content/themes/vaximo/assets/css/owl.carousel.mincf0e.css]
[rajbarcode.com/wp-content/themes/vaximo/assets/css/magnific-popup.mincf0e.css]
[rajbarcode.com/wp-content/themes/vaximo/assets/css/animate.mincf0e.css]
[rajbarcode.com/wp-content/themes/vaximo/assets/css/boxicons.mincf0e.css]
[rajbarcode.com/wp-content/themes/vaximo/assets/css/flaticoncf0e.css]
[rajbarcode.com/wp-content/themes/vaximo/assets/css/meanmenucf0e.css]
[rajbarcode.com/wp-content/themes/vaximo/assets/css/nice-select.mincf0e.css]
[rajbarcode.com/wp-content/themes/vaximo/assets/css/odometer.mincf0e.css]
[rajbarcode.com/wp-content/themes/vaximo/assets/css/all.mincf0e.css]
[rajbarcode.com/wp-content/themes/vaximo/assets/css/style.mincf0e.css]
[rajbarcode.com/wp-content/themes/vaximo/assets/css/responsive.mincf0e.css]
[rajbarcode.com/wp-content/uploads/elementor/css/post-111501f38.css]
[rajbarcode.com/wp-content/themes/vaximo/assets/js/popper.mincf0e.js]
[rajbarcode.com/wp-content/themes/vaximo/assets/js/bootstrap.bundle.mincf0e.js]
[rajbarcode.com/wp-content/themes/vaximo/assets/js/jquery.meanmenucf0e.js]
[rajbarcode.com/wp-content/themes/vaximo/assets/js/wow.mincf0e.js]
[rajbarcode.com/wp-content/themes/vaximo/assets/js/owl.carousel.mincf0e.js]
[rajbarcode.com/wp-content/themes/vaximo/assets/js/jquery.magnific-popup.mincf0e.js]
[rajbarcode.com/wp-content/themes/vaximo/assets/js/jquery.nice-select.mincf0e.js]
[rajbarcode.com/wp-content/themes/vaximo/assets/js/parallax.mincf0e.js]
[rajbarcode.com/wp-content/themes/vaximo/assets/js/jquery.appear.mincf0e.js]
[rajbarcode.com/wp-content/themes/vaximo/assets/js/ofi.mincf0e.js]
[rajbarcode.com/wp-content/themes/vaximo/assets/js/carousel-thumbs.mincf0e.js]
[rajbarcode.com/wp-content/themes/vaximo/assets/js/main.mincf0e.js]
[rajbarcode.com/wp-json/wp/v2/pages/11150.json]
[rajbarcode.com/wp-content/uploads/2024/02/Moxa-Logo.png]
[rajbarcode.com/wp-content/uploads/2024/01/ioLogik-E1200-Series.pdf]
[rajbarcode.com/wp-content/uploads/2023/12/2-e1703161352330.png]
[rajbarcode.com/wp-content/uploads/2024/01/ioLogik-R1200-Series.pdf]
[rajbarcode.com/automation-technology/iot/index.html]
[rajbarcode.com/wp-content/themes/vaximo/assets/js/odometer.mincf0e.js]
[rajbarcode.com/wp-content/uploads/2023/11/solutions-banner.jpg]
[rajbarcode.com/wp-json/oembed/1.0/embedd75a.json]
[rajbarcode.com/wp-json/oembed/1.0/embed1c4d]
[rajbarcode.com/wp-content/themes/vaximo/assets/css/bootstrap.mindc3b.css]
[rajbarcode.com/wp-content/themes/vaximo/assets/css/owl.theme.default.mindc3b.css]
[rajbarcode.com/wp-content/themes/vaximo/assets/css/owl.carousel.mindc3b.css]
[rajbarcode.com/wp-content/themes/vaximo/assets/css/magnific-popup.mindc3b.css]
[rajbarcode.com/wp-content/themes/vaximo/assets/css/animate.mindc3b.css]
[rajbarcode.com/wp-content/themes/vaximo/assets/css/boxicons.mindc3b.css]
[rajbarcode.com/wp-content/themes/vaximo/assets/css/flaticondc3b.css]
[rajbarcode.com/wp-content/themes/vaximo/assets/css/meanmenudc3b.css]
[rajbarcode.com/wp-content/themes/vaximo/assets/css/nice-select.mindc3b.css]
[rajbarcode.com/wp-content/themes/vaximo/assets/css/odometer.mindc3b.css]
[rajbarcode.com/wp-content/themes/vaximo/assets/css/all.mindc3b.css]
[rajbarcode.com/wp-content/themes/vaximo/assets/css/style.mindc3b.css]
[rajbarcode.com/wp-content/themes/vaximo/assets/css/responsive.mindc3b.css]
[rajbarcode.com/wp-content/uploads/elementor/css/post-366586a5.css]
[rajbarcode.com/wp-content/themes/vaximo/assets/js/popper.mindc3b.js]
[rajbarcode.com/wp-content/themes/vaximo/assets/js/jquery.meanmenudc3b.js]
[rajbarcode.com/wp-content/themes/vaximo/assets/js/bootstrap.bundle.mindc3b.js]
[rajbarcode.com/wp-content/themes/vaximo/assets/js/owl.carousel.mindc3b.js]
[rajbarcode.com/wp-content/themes/vaximo/assets/js/jquery.nice-select.mindc3b.js]
[rajbarcode.com/wp-content/themes/vaximo/assets/js/parallax.mindc3b.js]
[rajbarcode.com/wp-content/themes/vaximo/assets/js/jquery.appear.mindc3b.js]
[rajbarcode.com/wp-content/themes/vaximo/assets/js/ofi.mindc3b.js]
[rajbarcode.com/wp-content/themes/vaximo/assets/js/carousel-thumbs.mindc3b.js]
[rajbarcode.com/wp-content/themes/vaximo/assets/js/main.mindc3b.js]
[rajbarcode.com/wp-json/wp/v2/pages/3665.json]
[rajbarcode.com/solutions/index.html]
[rajbarcode.com/wp-content/themes/vaximo/assets/js/odometer.mindc3b.js]
[rajbarcode.com/wp-json/oembed/1.0/embed0e9c.json]
[rajbarcode.com/wp-json/oembed/1.0/embedc3a6]
[rajbarcode.com/wp-content/themes/vaximo/assets/css/bootstrap.mind4aa.css]
[rajbarcode.com/wp-content/themes/vaximo/assets/css/owl.theme.default.mind4aa.css]
[rajbarcode.com/wp-content/themes/vaximo/assets/css/owl.carousel.mind4aa.css]
[rajbarcode.com/wp-content/themes/vaximo/assets/css/magnific-popup.mind4aa.css]
[rajbarcode.com/wp-content/themes/vaximo/assets/css/animate.mind4aa.css]
[rajbarcode.com/wp-content/themes/vaximo/assets/css/boxicons.mind4aa.css]
[rajbarcode.com/wp-content/themes/vaximo/assets/css/flaticond4aa.css]
[rajbarcode.com/wp-content/themes/vaximo/assets/css/meanmenud4aa.css]
[rajbarcode.com/wp-content/themes/vaximo/assets/css/nice-select.mind4aa.css]
[rajbarcode.com/wp-content/themes/vaximo/assets/css/odometer.mind4aa.css]
[rajbarcode.com/wp-content/themes/vaximo/assets/css/all.mind4aa.css]
[rajbarcode.com/wp-content/themes/vaximo/assets/css/style.mind4aa.css]
[rajbarcode.com/wp-content/themes/vaximo/assets/css/responsive.mind4aa.css]
[rajbarcode.com/wp-content/themes/vaximo/assets/js/popper.mind4aa.js]
[rajbarcode.com/wp-content/themes/vaximo/assets/js/bootstrap.bundle.mind4aa.js]
[rajbarcode.com/wp-content/themes/vaximo/assets/js/jquery.meanmenud4aa.js]
[rajbarcode.com/wp-content/themes/vaximo/assets/js/wow.mind4aa.js]
[rajbarcode.com/wp-content/themes/vaximo/assets/js/owl.carousel.mind4aa.js]
[rajbarcode.com/wp-content/themes/vaximo/assets/js/jquery.magnific-popup.mind4aa.js]
[rajbarcode.com/wp-content/themes/vaximo/assets/js/jquery.nice-select.mind4aa.js]
[rajbarcode.com/wp-content/themes/vaximo/assets/js/parallax.mind4aa.js]
[rajbarcode.com/wp-content/themes/vaximo/assets/js/jquery.appear.mind4aa.js]
[rajbarcode.com/wp-content/themes/vaximo/assets/js/ofi.mind4aa.js]
[rajbarcode.com/wp-content/themes/vaximo/assets/js/carousel-thumbs.mind4aa.js]
[rajbarcode.com/wp-content/themes/vaximo/assets/js/main.mind4aa.js]
[rajbarcode.com/wp-json/wp/v2/pages/15569.json]
[rajbarcode.com/wp-content/uploads/2024/09/solution-banner-img.png]
[rajbarcode.com/wp-content/uploads/2024/09/wms-mobile.png]
[rajbarcode.com/wp-content/uploads/2024/09/solution-industries1.png]
[rajbarcode.com/wp-content/uploads/2024/09/solution-industries2.png]
[rajbarcode.com/wp-content/uploads/2024/09/solution-industries3.png]
[rajbarcode.com/wp-content/uploads/2024/09/solution-industries4.png]
[rajbarcode.com/wp-content/uploads/2024/09/solution-industries5.png]
[rajbarcode.com/wp-content/uploads/2024/09/solution-industries6.png]
[rajbarcode.com/wp-content/uploads/2024/09/techno1.png]
[rajbarcode.com/wp-content/uploads/2024/09/techno2.png]
[rajbarcode.com/wp-content/uploads/2024/09/techno3.png]
[rajbarcode.com/wp-content/uploads/2024/09/techno4.png]
[rajbarcode.com/wp-content/uploads/2024/09/techno5.png]
[rajbarcode.com/wp-content/uploads/2024/09/techno6.png]
[rajbarcode.com/wp-content/uploads/2024/09/techno7.png]
[fast.wistia.com/assets/external/E-v1.js]
[rajbarcode.com/solutions/warehouse-management-system/index.html]
[rajbarcode.com/wp-content/themes/vaximo/assets/js/odometer.mind4aa.js]
[rajbarcode.com/wp-json/oembed/1.0/embedea56.json]
[rajbarcode.com/wp-json/oembed/1.0/embed77dd]
[rajbarcode.com/wp-json/wp/v2/pages/15984.json]
[rajbarcode.com/wp-content/uploads/2024/09/wip-image.png]
[rajbarcode.com/wp-content/uploads/2024/09/wip-tracking-mobile.png]
[rajbarcode.com/wp-content/uploads/2024/09/tablet-search-bar-and-business-people-in-office-f-2023-11-27-05-12-24-utc-min-scaled.jpg]
[rajbarcode.com/wp-content/uploads/2024/09/printer-copier-scanner-2023-11-27-04-51-02-utc-min-scaled.jpg]
[rajbarcode.com/wp-content/uploads/2024/09/self-service-check-in-counter-mockups-2023-11-27-05-06-58-utc-min-scaled.jpg]
[rajbarcode.com/wp-content/uploads/2024/09/packaging-line-close-up-of-a-labeling-machine-2023-11-27-05-04-27-utc-min-scaled.jpg]
[rajbarcode.com/wp-content/uploads/2024/09/stacked-cardboard-boxes-with-barcodes-and-qr-codes-2023-11-27-05-05-24-utc-min-scaled.jpg]
[rajbarcode.com/solutions/work-in-progress-tracking/index.html]
[rajbarcode.com/wp-json/oembed/1.0/embedb972.json]
[rajbarcode.com/solutions/andon-takt-solution/index.html]
[rajbarcode.com/wp-json/oembed/1.0/embed94f4]
[rajbarcode.com/wp-content/themes/vaximo/assets/css/bootstrap.min946c.css]
[rajbarcode.com/wp-content/themes/vaximo/assets/css/owl.theme.default.min946c.css]
[rajbarcode.com/wp-content/themes/vaximo/assets/css/owl.carousel.min946c.css]
[rajbarcode.com/wp-content/themes/vaximo/assets/css/magnific-popup.min946c.css]
[rajbarcode.com/wp-content/themes/vaximo/assets/css/animate.min946c.css]
[rajbarcode.com/wp-content/themes/vaximo/assets/css/boxicons.min946c.css]
[rajbarcode.com/wp-content/themes/vaximo/assets/css/flaticon946c.css]
[rajbarcode.com/wp-content/themes/vaximo/assets/css/meanmenu946c.css]
[rajbarcode.com/wp-content/themes/vaximo/assets/css/nice-select.min946c.css]
[rajbarcode.com/wp-content/themes/vaximo/assets/css/odometer.min946c.css]
[rajbarcode.com/wp-content/themes/vaximo/assets/css/all.min946c.css]
[rajbarcode.com/wp-content/themes/vaximo/assets/css/responsive.min946c.css]
[rajbarcode.com/wp-content/themes/vaximo/assets/css/style.min946c.css]
[rajbarcode.com/wp-content/themes/vaximo/assets/js/bootstrap.bundle.min946c.js]
[rajbarcode.com/wp-content/themes/vaximo/assets/js/wow.min946c.js]
[rajbarcode.com/wp-content/themes/vaximo/assets/js/owl.carousel.min946c.js]
[rajbarcode.com/wp-content/themes/vaximo/assets/js/jquery.magnific-popup.min946c.js]
[rajbarcode.com/wp-content/themes/vaximo/assets/js/jquery.nice-select.min946c.js]
[rajbarcode.com/wp-content/themes/vaximo/assets/js/parallax.min946c.js]
[rajbarcode.com/wp-content/themes/vaximo/assets/js/jquery.appear.min946c.js]
[rajbarcode.com/wp-content/themes/vaximo/assets/js/ofi.min946c.js]
[rajbarcode.com/wp-content/themes/vaximo/assets/js/carousel-thumbs.min946c.js]
[rajbarcode.com/wp-content/themes/vaximo/assets/js/main.min946c.js]
[rajbarcode.com/wp-json/wp/v2/pages/16992.json]
[rajbarcode.com/wp-content/uploads/2025/03/iiot-banner.png]
[rajbarcode.com/wp-content/uploads/2025/04/iiot-intro.jpg]
[rajbarcode.com/wp-content/uploads/2025/03/monitoring-software.png]
[rajbarcode.com/wp-content/uploads/2025/03/energy-efficiency.png]
[rajbarcode.com/wp-content/uploads/2025/03/quality-control.png]
[rajbarcode.com/wp-content/uploads/2025/03/settings.png]
[rajbarcode.com/wp-content/uploads/2025/03/chip-protection.png]
[rajbarcode.com/wp-content/uploads/2025/03/table.png]
[rajbarcode.com/wp-content/uploads/2025/03/trouble-shotting.png]
[rajbarcode.com/wp-content/uploads/2025/03/database-color.png]
[rajbarcode.com/wp-content/uploads/2025/04/data-collection-2.png]
[rajbarcode.com/wp-content/uploads/2025/04/dashboard-1.png]
[rajbarcode.com/wp-content/uploads/2025/04/save-money.png]
[rajbarcode.com/wp-content/uploads/2025/03/data-collection-scaled.jpg]
[rajbarcode.com/wp-content/uploads/2024/11/medium-shot-woman-working-scaled.jpg]
[rajbarcode.com/wp-content/uploads/2024/11/close-up-executive-holding-economic-report-scaled.jpg]
[rajbarcode.com/wp-content/uploads/2024/11/saas-concept-collage-scaled.jpg]
[rajbarcode.com/wp-content/uploads/2024/11/manufacture.png]
[rajbarcode.com/wp-content/uploads/2024/12/automative-icon-1.png]
[rajbarcode.com/wp-content/uploads/2024/11/medicine.png]
[rajbarcode.com/wp-content/uploads/2024/11/food-and-drink.png]
[rajbarcode.com/wp-content/uploads/2024/11/supply-chain.png]
[rajbarcode.com/solutions/industry-4-0-iiot/index.html]
[rajbarcode.com/wp-content/themes/vaximo/assets/js/odometer.min946c.js]
[rajbarcode.com/wp-content/uploads/2023/11/mv.png]
[rajbarcode.com/wp-json/oembed/1.0/embed018a.json]
[rajbarcode.com/wp-json/oembed/1.0/embed5162]
[rajbarcode.com/wp-content/themes/vaximo/assets/css/bootstrap.min5768.css]
[rajbarcode.com/wp-content/themes/vaximo/assets/css/owl.theme.default.min5768.css]
[rajbarcode.com/wp-content/themes/vaximo/assets/css/owl.carousel.min5768.css]
[rajbarcode.com/wp-content/themes/vaximo/assets/css/magnific-popup.min5768.css]
[rajbarcode.com/wp-content/themes/vaximo/assets/css/animate.min5768.css]
[rajbarcode.com/wp-content/themes/vaximo/assets/css/boxicons.min5768.css]
[rajbarcode.com/wp-content/themes/vaximo/assets/css/flaticon5768.css]
[rajbarcode.com/wp-content/themes/vaximo/assets/css/meanmenu5768.css]
[rajbarcode.com/wp-content/themes/vaximo/assets/css/nice-select.min5768.css]
[rajbarcode.com/wp-content/themes/vaximo/assets/css/odometer.min5768.css]
[rajbarcode.com/wp-content/themes/vaximo/assets/css/all.min5768.css]
[rajbarcode.com/wp-content/themes/vaximo/assets/css/style.min5768.css]
[rajbarcode.com/wp-content/themes/vaximo/assets/css/responsive.min5768.css]
[rajbarcode.com/wp-content/uploads/elementor/css/post-805714b9.css]
[rajbarcode.com/wp-content/themes/vaximo/assets/js/popper.min5768.js]
[rajbarcode.com/wp-content/themes/vaximo/assets/js/bootstrap.bundle.min5768.js]
[rajbarcode.com/wp-content/themes/vaximo/assets/js/jquery.meanmenu5768.js]
[rajbarcode.com/wp-content/themes/vaximo/assets/js/wow.min5768.js]
[rajbarcode.com/wp-content/themes/vaximo/assets/js/owl.carousel.min5768.js]
[rajbarcode.com/wp-content/themes/vaximo/assets/js/jquery.nice-select.min5768.js]
[rajbarcode.com/wp-content/themes/vaximo/assets/js/parallax.min5768.js]
[rajbarcode.com/wp-content/themes/vaximo/assets/js/jquery.appear.min5768.js]
[rajbarcode.com/wp-content/themes/vaximo/assets/js/ofi.min5768.js]
[rajbarcode.com/wp-content/themes/vaximo/assets/js/carousel-thumbs.min5768.js]
[rajbarcode.com/wp-content/themes/vaximo/assets/js/main.min5768.js]
[rajbarcode.com/wp-json/wp/v2/pages/8057.json]
[rajbarcode.com/wp-content/uploads/2024/01/Machine-Vision-Solution.png]
[rajbarcode.com/wp-content/uploads/2023/11/mv-why.png]
[rajbarcode.com/wp-content/uploads/elementor/thumbs/Automated-Visual-Inspections-and-Defect-Detection-1-qk63dshedi20m038eep2c35caf4xxrhd17az1e4niu.png]
[rajbarcode.com/wp-content/uploads/2024/01/Image-Analysis-and-Classification-1.png]
[rajbarcode.com/wp-content/uploads/elementor/thumbs/mv-f3-qk2lul5tvtlv2ehgdgh6uzqio3pr9vk3d8101wsp3q.png]
[rajbarcode.com/wp-content/uploads/elementor/thumbs/Seamless-Integration-with-Production-Lines-and-Control-Systems-1-qk63dns7fbvo2fvpb9gsropjdkjqk5rdqkv7xyav8s.png]
[rajbarcode.com/wp-content/uploads/elementor/thumbs/Customizable-Inspection-Criteria-and-Rules-1-qk63dqlpztzj19rlusooh5zx5q5u792kqytods6oq4.png]
[rajbarcode.com/solutions/machine-vision-solution/index.html]
[rajbarcode.com/wp-content/themes/vaximo/assets/js/odometer.min5768.js]
[rajbarcode.com/wp-json/oembed/1.0/embedfff4.json]
[rajbarcode.com/wp-json/oembed/1.0/embede1e3]
[rajbarcode.com/wp-json/wp/v2/pages/16617.json]
[rajbarcode.com/wp-content/uploads/2024/11/label-management.png]
[rajbarcode.com/wp-content/uploads/2024/11/hands-scanning-qr-code-scaled.jpg]
[rajbarcode.com/wp-content/uploads/2024/11/alcoholic-drink.png]
[rajbarcode.com/wp-content/uploads/2024/11/chemical.png]
[rajbarcode.com/wp-content/uploads/2024/11/healthcare.png]
[rajbarcode.com/wp-content/uploads/2024/11/supermaket.png]
[rajbarcode.com/wp-content/uploads/2024/11/cloud-storage-network-server-online-backup-graphic-scaled.jpg]
[rajbarcode.com/wp-content/uploads/2024/11/new-label-printer.png]
[rajbarcode.com/wp-content/uploads/2024/09/RFID-Label-Printer-scaled.jpg]
[rajbarcode.com/wp-content/uploads/2024/09/mobile-printer.jpg]
[rajbarcode.com/wp-content/uploads/2024/11/printing-blue-human-brain-scaled.jpg]
[rajbarcode.com/wp-content/uploads/2024/12/product-img.jpg]
[rajbarcode.com/wp-content/uploads/2024/11/volunteer-scanning-food-scaled.jpg]
[rajbarcode.com/wp-content/uploads/2024/12/security-label.png]
[rajbarcode.com/wp-content/uploads/2024/11/paper-colorful-labels.jpg]
[rajbarcode.com/wp-content/uploads/2024/12/ghs-img.png]
[rajbarcode.com/wp-content/uploads/2024/12/gs1.png]
[rajbarcode.com/wp-content/uploads/2024/11/closeup-courier-attaching-address-label-scaled.jpg]
[rajbarcode.com/solutions/label-management-system/index.html]
[rajbarcode.com/wp-json/oembed/1.0/embeddd4e.json]
[rajbarcode.com/wp-json/oembed/1.0/embed5d43]
[rajbarcode.com/wp-content/themes/vaximo/assets/css/bootstrap.min2f29.css]
[rajbarcode.com/wp-content/themes/vaximo/assets/css/owl.theme.default.min2f29.css]
[rajbarcode.com/wp-content/themes/vaximo/assets/css/owl.carousel.min2f29.css]
[rajbarcode.com/wp-content/themes/vaximo/assets/css/magnific-popup.min2f29.css]
[rajbarcode.com/wp-content/themes/vaximo/assets/css/animate.min2f29.css]
[rajbarcode.com/wp-content/themes/vaximo/assets/css/boxicons.min2f29.css]
[rajbarcode.com/wp-content/themes/vaximo/assets/css/flaticon2f29.css]
[rajbarcode.com/wp-content/themes/vaximo/assets/css/meanmenu2f29.css]
[rajbarcode.com/wp-content/themes/vaximo/assets/css/nice-select.min2f29.css]
[rajbarcode.com/wp-content/themes/vaximo/assets/css/odometer.min2f29.css]
[rajbarcode.com/wp-content/themes/vaximo/assets/css/all.min2f29.css]
[rajbarcode.com/wp-content/themes/vaximo/assets/css/style.min2f29.css]
[rajbarcode.com/wp-content/themes/vaximo/assets/css/responsive.min2f29.css]
[rajbarcode.com/wp-content/themes/vaximo/assets/js/popper.min2f29.js]
[rajbarcode.com/wp-content/themes/vaximo/assets/js/bootstrap.bundle.min2f29.js]
[rajbarcode.com/wp-content/themes/vaximo/assets/js/jquery.meanmenu2f29.js]
[rajbarcode.com/wp-content/themes/vaximo/assets/js/wow.min2f29.js]
[rajbarcode.com/wp-content/themes/vaximo/assets/js/owl.carousel.min2f29.js]
[rajbarcode.com/wp-content/themes/vaximo/assets/js/jquery.magnific-popup.min2f29.js]
[rajbarcode.com/wp-content/themes/vaximo/assets/js/jquery.nice-select.min2f29.js]
[rajbarcode.com/wp-content/themes/vaximo/assets/js/parallax.min2f29.js]
[rajbarcode.com/wp-content/themes/vaximo/assets/js/jquery.appear.min2f29.js]
[rajbarcode.com/wp-content/themes/vaximo/assets/js/ofi.min2f29.js]
[rajbarcode.com/wp-content/themes/vaximo/assets/js/carousel-thumbs.min2f29.js]
[rajbarcode.com/wp-content/themes/vaximo/assets/js/main.min2f29.js]
[rajbarcode.com/wp-json/wp/v2/pages/16704.json]
[rajbarcode.com/wp-content/uploads/2025/02/trace-trake-banner-new.png]
[rajbarcode.com/wp-content/uploads/2025/02/trace-track-intro.png]
[rajbarcode.com/wp-content/uploads/2025/02/why-track-trace1.png]
[rajbarcode.com/wp-content/uploads/2025/02/why-track-trace2.jpg]
[rajbarcode.com/wp-content/uploads/2024/11/distribution.png]
[rajbarcode.com/wp-content/uploads/2024/12/ancillary-manufacturing-icon.png]
[rajbarcode.com/wp-content/uploads/2024/12/machine-vision-system-scaled.jpg]
[rajbarcode.com/wp-content/uploads/2024/12/Barcode-Scanners.jpg]
[rajbarcode.com/wp-content/uploads/2024/12/MC3300-RFID-Series.jpg]
[rajbarcode.com/wp-content/uploads/2024/12/industrial-tablet.jpg]
[rajbarcode.com/wp-content/uploads/2024/12/mobile-barcode-printer.jpg]
[rajbarcode.com/wp-content/uploads/2024/12/desktop-barcode-printer.png]
[rajbarcode.com/solutions/track-trace/index.html]
[rajbarcode.com/wp-content/themes/vaximo/assets/js/odometer.min2f29.js]
[rajbarcode.com/wp-json/oembed/1.0/embed29e6.json]
[rajbarcode.com/wp-json/oembed/1.0/embed9675]
[rajbarcode.com/wp-content/themes/vaximo/assets/css/bootstrap.min1a50.css]
[rajbarcode.com/wp-content/themes/vaximo/assets/css/owl.theme.default.min1a50.css]
[rajbarcode.com/wp-content/themes/vaximo/assets/css/owl.carousel.min1a50.css]
[rajbarcode.com/wp-content/themes/vaximo/assets/css/magnific-popup.min1a50.css]
[rajbarcode.com/wp-content/themes/vaximo/assets/css/animate.min1a50.css]
[rajbarcode.com/wp-content/themes/vaximo/assets/css/boxicons.min1a50.css]
[rajbarcode.com/wp-content/themes/vaximo/assets/css/flaticon1a50.css]
[rajbarcode.com/wp-content/themes/vaximo/assets/css/meanmenu1a50.css]
[rajbarcode.com/wp-content/themes/vaximo/assets/css/nice-select.min1a50.css]
[rajbarcode.com/wp-content/themes/vaximo/assets/css/odometer.min1a50.css]
[rajbarcode.com/wp-content/themes/vaximo/assets/css/all.min1a50.css]
[rajbarcode.com/wp-content/themes/vaximo/assets/css/style.min1a50.css]
[rajbarcode.com/wp-content/themes/vaximo/assets/css/responsive.min1a50.css]
[rajbarcode.com/wp-content/themes/vaximo/assets/js/popper.min1a50.js]
[rajbarcode.com/wp-content/themes/vaximo/assets/js/bootstrap.bundle.min1a50.js]
[rajbarcode.com/wp-content/themes/vaximo/assets/js/jquery.meanmenu1a50.js]
[rajbarcode.com/wp-content/themes/vaximo/assets/js/wow.min1a50.js]
[rajbarcode.com/wp-content/themes/vaximo/assets/js/owl.carousel.min1a50.js]
[rajbarcode.com/wp-content/themes/vaximo/assets/js/jquery.magnific-popup.min1a50.js]
[rajbarcode.com/wp-content/themes/vaximo/assets/js/jquery.nice-select.min1a50.js]
[rajbarcode.com/wp-content/themes/vaximo/assets/js/parallax.min1a50.js]
[rajbarcode.com/wp-content/themes/vaximo/assets/js/jquery.appear.min1a50.js]
[rajbarcode.com/wp-content/themes/vaximo/assets/js/ofi.min1a50.js]
[rajbarcode.com/wp-content/themes/vaximo/assets/js/carousel-thumbs.min1a50.js]
[rajbarcode.com/wp-content/themes/vaximo/assets/js/main.min1a50.js]
[rajbarcode.com/wp-json/wp/v2/pages/17159.json]
[rajbarcode.com/wp-content/uploads/2025/06/mobilize-banner.jpg]
[rajbarcode.com/wp-content/uploads/2025/06/image.png]
[rajbarcode.com/wp-content/uploads/2025/04/enterprise-resource-planning-holographic-interface.jpg]
[rajbarcode.com/wp-content/uploads/2024/11/close-up-mobile-phone-with-cloud-apps-1-scaled.jpg]
[rajbarcode.com/wp-content/uploads/2025/04/representation-user-experience-interface-design-smartphone-scaled.jpg]
[rajbarcode.com/wp-content/uploads/2025/04/standard-quality-control-concept-m-2.jpg]
[rajbarcode.com/wp-content/uploads/2025/04/saas-concept-collage-scaled.jpg]
[rajbarcode.com/wp-content/uploads/2025/04/programming-background-collage.jpg]
[rajbarcode.com/wp-content/uploads/2025/04/standard-quality-control-concept-m-scaled.jpg]
[rajbarcode.com/wp-content/uploads/2025/04/standard-quality-control-concept-m-1.jpg]
[rajbarcode.com/solutions/mobilizing-erp/index.html]
[rajbarcode.com/wp-content/themes/vaximo/assets/js/odometer.min1a50.js]
[rajbarcode.com/wp-json/oembed/1.0/embed6bd0.json]
[rajbarcode.com/wp-json/oembed/1.0/embedf7dd]
[rajbarcode.com/wp-json/wp/v2/pages/16506.json]
[rajbarcode.com/wp-content/uploads/2024/11/assets-tracking.png]
[rajbarcode.com/wp-content/uploads/2024/11/asset1.png]
[rajbarcode.com/wp-content/uploads/2024/11/asset-tracking-2.jpg]
[rajbarcode.com/wp-content/uploads/2024/11/crane.png]
[rajbarcode.com/wp-content/uploads/2024/11/computer.png]
[rajbarcode.com/wp-content/uploads/2024/11/office-workers-using-finance-graphs-scaled.jpg]
[rajbarcode.com/solutions/asset-tracking/index.html]
[rajbarcode.com/wp-json/oembed/1.0/embed8d58.json]
[rajbarcode.com/wp-json/oembed/1.0/embed3ac6]
[rajbarcode.com/wp-content/themes/vaximo/assets/css/bootstrap.mind945.css]
[rajbarcode.com/wp-content/themes/vaximo/assets/css/owl.theme.default.mind945.css]
[rajbarcode.com/wp-content/themes/vaximo/assets/css/owl.carousel.mind945.css]
[rajbarcode.com/wp-content/themes/vaximo/assets/css/magnific-popup.mind945.css]
[rajbarcode.com/wp-content/themes/vaximo/assets/css/animate.mind945.css]
[rajbarcode.com/wp-content/themes/vaximo/assets/css/boxicons.mind945.css]
[rajbarcode.com/wp-content/themes/vaximo/assets/css/flaticond945.css]
[rajbarcode.com/wp-content/themes/vaximo/assets/css/meanmenud945.css]
[rajbarcode.com/wp-content/themes/vaximo/assets/css/nice-select.mind945.css]
[rajbarcode.com/wp-content/themes/vaximo/assets/css/odometer.mind945.css]
[rajbarcode.com/wp-content/themes/vaximo/assets/css/all.mind945.css]
[rajbarcode.com/wp-content/themes/vaximo/assets/css/style.mind945.css]
[rajbarcode.com/wp-content/themes/vaximo/assets/css/responsive.mind945.css]
[rajbarcode.com/wp-content/themes/vaximo/assets/js/popper.mind945.js]
[rajbarcode.com/wp-content/themes/vaximo/assets/js/bootstrap.bundle.mind945.js]
[rajbarcode.com/wp-content/themes/vaximo/assets/js/jquery.meanmenud945.js]
[rajbarcode.com/wp-content/themes/vaximo/assets/js/wow.mind945.js]
[rajbarcode.com/wp-content/themes/vaximo/assets/js/owl.carousel.mind945.js]
[rajbarcode.com/wp-content/themes/vaximo/assets/js/jquery.magnific-popup.mind945.js]
[rajbarcode.com/wp-content/themes/vaximo/assets/js/jquery.nice-select.mind945.js]
[rajbarcode.com/wp-content/themes/vaximo/assets/js/parallax.mind945.js]
[rajbarcode.com/wp-content/themes/vaximo/assets/js/jquery.appear.mind945.js]
[rajbarcode.com/wp-content/themes/vaximo/assets/js/ofi.mind945.js]
[rajbarcode.com/wp-content/themes/vaximo/assets/js/carousel-thumbs.mind945.js]
[rajbarcode.com/wp-content/themes/vaximo/assets/js/main.mind945.js]
[rajbarcode.com/wp-json/wp/v2/pages/17253.json]
[rajbarcode.com/wp-content/uploads/2025/08/girl-elog.png]
[rajbarcode.com/wp-content/uploads/2025/08/Utility-Workers.jpg]
[rajbarcode.com/wp-content/uploads/2025/08/Warehouse-Worker.jpg]
[rajbarcode.com/wp-content/uploads/2025/08/food-manufacturing.jpg]
[rajbarcode.com/wp-content/uploads/2025/08/layer.png]
[rajbarcode.com/wp-content/uploads/2025/08/web-maintenance.png]
[rajbarcode.com/wp-content/uploads/2025/08/browser.png]
[rajbarcode.com/wp-content/uploads/2025/08/coding.png]
[rajbarcode.com/wp-content/uploads/2025/08/smart-devices.png]
[rajbarcode.com/wp-content/uploads/2025/08/mechanism.png]
[rajbarcode.com/wp-content/uploads/2025/08/freezer.png]
[rajbarcode.com/wp-content/uploads/2025/08/hydropower.png]
[rajbarcode.com/wp-content/uploads/2025/08/microscope.png]
[rajbarcode.com/wp-content/uploads/2025/08/ceramic.png]
[rajbarcode.com/wp-content/uploads/2025/08/property-management.png]
[rajbarcode.com/wp-content/uploads/2025/08/philanthropy.png]
[rajbarcode.com/wp-content/uploads/2025/08/petrochemical.png]
[rajbarcode.com/solutions/e-log-sheets/index.html]
[rajbarcode.com/wp-content/themes/vaximo/assets/js/odometer.mind945.js]
[rajbarcode.com/wp-content/uploads/2023/11/service-banner.jpg]
[rajbarcode.com/wp-json/oembed/1.0/embed88db.json]
[rajbarcode.com/wp-json/oembed/1.0/embedac72]
[rajbarcode.com/wp-content/themes/vaximo/assets/css/bootstrap.minf8e7.css]
[rajbarcode.com/wp-content/themes/vaximo/assets/css/owl.theme.default.minf8e7.css]
[rajbarcode.com/wp-content/themes/vaximo/assets/css/owl.carousel.minf8e7.css]
[rajbarcode.com/wp-content/themes/vaximo/assets/css/magnific-popup.minf8e7.css]
[rajbarcode.com/wp-content/themes/vaximo/assets/css/animate.minf8e7.css]
[rajbarcode.com/wp-content/themes/vaximo/assets/css/boxicons.minf8e7.css]
[rajbarcode.com/wp-content/themes/vaximo/assets/css/flaticonf8e7.css]
[rajbarcode.com/wp-content/themes/vaximo/assets/css/meanmenuf8e7.css]
[rajbarcode.com/wp-content/themes/vaximo/assets/css/nice-select.minf8e7.css]
[rajbarcode.com/wp-content/themes/vaximo/assets/css/odometer.minf8e7.css]
[rajbarcode.com/wp-content/themes/vaximo/assets/css/all.minf8e7.css]
[rajbarcode.com/wp-content/themes/vaximo/assets/css/style.minf8e7.css]
[rajbarcode.com/wp-content/themes/vaximo/assets/css/responsive.minf8e7.css]
[rajbarcode.com/wp-content/uploads/elementor/css/post-9012d3cd.css]
[rajbarcode.com/wp-content/themes/vaximo/assets/js/popper.minf8e7.js]
[rajbarcode.com/wp-content/themes/vaximo/assets/js/bootstrap.bundle.minf8e7.js]
[rajbarcode.com/wp-content/themes/vaximo/assets/js/jquery.meanmenuf8e7.js]
[rajbarcode.com/wp-content/themes/vaximo/assets/js/wow.minf8e7.js]
[rajbarcode.com/wp-content/themes/vaximo/assets/js/owl.carousel.minf8e7.js]
[rajbarcode.com/wp-content/themes/vaximo/assets/js/jquery.magnific-popup.minf8e7.js]
[rajbarcode.com/wp-content/themes/vaximo/assets/js/jquery.nice-select.minf8e7.js]
[rajbarcode.com/wp-content/themes/vaximo/assets/js/parallax.minf8e7.js]
[rajbarcode.com/wp-content/themes/vaximo/assets/js/jquery.appear.minf8e7.js]
[rajbarcode.com/wp-content/themes/vaximo/assets/js/ofi.minf8e7.js]
[rajbarcode.com/wp-content/themes/vaximo/assets/js/carousel-thumbs.minf8e7.js]
[rajbarcode.com/wp-content/themes/vaximo/assets/js/main.minf8e7.js]
[rajbarcode.com/wp-json/wp/v2/pages/9012.json]
[rajbarcode.com/services/index.html]
[rajbarcode.com/wp-content/themes/vaximo/assets/js/odometer.minf8e7.js]
[rajbarcode.com/wp-json/oembed/1.0/embed5e19.json]
[rajbarcode.com/wp-json/oembed/1.0/embed2cdd]
[rajbarcode.com/wp-content/themes/vaximo/assets/css/bootstrap.min852d.css]
[rajbarcode.com/wp-content/themes/vaximo/assets/css/owl.theme.default.min852d.css]
[rajbarcode.com/wp-content/themes/vaximo/assets/css/owl.carousel.min852d.css]
[rajbarcode.com/wp-content/themes/vaximo/assets/css/magnific-popup.min852d.css]
[rajbarcode.com/wp-content/themes/vaximo/assets/css/animate.min852d.css]
[rajbarcode.com/wp-content/themes/vaximo/assets/css/boxicons.min852d.css]
[rajbarcode.com/wp-content/themes/vaximo/assets/css/flaticon852d.css]
[rajbarcode.com/wp-content/themes/vaximo/assets/css/meanmenu852d.css]
[rajbarcode.com/wp-content/themes/vaximo/assets/css/nice-select.min852d.css]
[rajbarcode.com/wp-content/themes/vaximo/assets/css/odometer.min852d.css]
[rajbarcode.com/wp-content/themes/vaximo/assets/css/all.min852d.css]
[rajbarcode.com/wp-content/themes/vaximo/assets/css/style.min852d.css]
[rajbarcode.com/wp-content/themes/vaximo/assets/css/responsive.min852d.css]
[rajbarcode.com/wp-content/uploads/elementor/css/post-455694c7.css]
[rajbarcode.com/wp-content/themes/vaximo/assets/js/popper.min852d.js]
[rajbarcode.com/wp-content/themes/vaximo/assets/js/bootstrap.bundle.min852d.js]
[rajbarcode.com/wp-content/themes/vaximo/assets/js/jquery.meanmenu852d.js]
[rajbarcode.com/wp-content/themes/vaximo/assets/js/wow.min852d.js]
[rajbarcode.com/wp-content/themes/vaximo/assets/js/owl.carousel.min852d.js]
[rajbarcode.com/wp-content/themes/vaximo/assets/js/jquery.magnific-popup.min852d.js]
[rajbarcode.com/wp-content/themes/vaximo/assets/js/jquery.nice-select.min852d.js]
[rajbarcode.com/wp-content/themes/vaximo/assets/js/parallax.min852d.js]
[rajbarcode.com/wp-content/themes/vaximo/assets/js/jquery.appear.min852d.js]
[rajbarcode.com/wp-content/themes/vaximo/assets/js/ofi.min852d.js]
[rajbarcode.com/wp-content/themes/vaximo/assets/js/carousel-thumbs.min852d.js]
[rajbarcode.com/wp-content/themes/vaximo/assets/js/main.min852d.js]
[rajbarcode.com/wp-json/wp/v2/pages/4556.json]
[rajbarcode.com/wp-content/uploads/2023/08/Untitled-design-2023-05-19T145054.064-1024x576.webp]
[rajbarcode.com/services/gs1-consulting-services/index.html]
[rajbarcode.com/wp-content/themes/vaximo/assets/js/odometer.min852d.js]
[rajbarcode.com/wp-json/oembed/1.0/embed944d.json]
[rajbarcode.com/wp-json/oembed/1.0/embed752f]
[rajbarcode.com/wp-content/uploads/elementor/css/post-457614f2.css]
[rajbarcode.com/wp-json/wp/v2/pages/4576.json]
[rajbarcode.com/wp-content/uploads/2023/10/man-is-holding-ram-slot-upgrade-computer_191163-1911.jpg]
[rajbarcode.com/wp-content/uploads/2023/10/toolbox-with-various-tools_23-2147897917.jpg]
[rajbarcode.com/services/comprehensive-hardware-service-pack/index.html]
[rajbarcode.com/wp-json/oembed/1.0/embed89ce.json]
[rajbarcode.com/wp-json/oembed/1.0/embed9fca]
[rajbarcode.com/wp-content/themes/vaximo/assets/css/bootstrap.min197e.css]
[rajbarcode.com/wp-content/themes/vaximo/assets/css/owl.theme.default.min197e.css]
[rajbarcode.com/wp-content/themes/vaximo/assets/css/owl.carousel.min197e.css]
[rajbarcode.com/wp-content/themes/vaximo/assets/css/magnific-popup.min197e.css]
[rajbarcode.com/wp-content/themes/vaximo/assets/css/animate.min197e.css]
[rajbarcode.com/wp-content/themes/vaximo/assets/css/boxicons.min197e.css]
[rajbarcode.com/wp-content/themes/vaximo/assets/css/flaticon197e.css]
[rajbarcode.com/wp-content/themes/vaximo/assets/css/meanmenu197e.css]
[rajbarcode.com/wp-content/themes/vaximo/assets/css/nice-select.min197e.css]
[rajbarcode.com/wp-content/themes/vaximo/assets/css/odometer.min197e.css]
[rajbarcode.com/wp-content/themes/vaximo/assets/css/all.min197e.css]
[rajbarcode.com/wp-content/themes/vaximo/assets/css/style.min197e.css]
[rajbarcode.com/wp-content/themes/vaximo/assets/css/responsive.min197e.css]
[rajbarcode.com/wp-content/uploads/elementor/css/post-45817a2c.css]
[rajbarcode.com/wp-content/themes/vaximo/assets/js/popper.min197e.js]
[rajbarcode.com/wp-content/themes/vaximo/assets/js/bootstrap.bundle.min197e.js]
[rajbarcode.com/wp-content/themes/vaximo/assets/js/jquery.meanmenu197e.js]
[rajbarcode.com/wp-content/themes/vaximo/assets/js/wow.min197e.js]
[rajbarcode.com/wp-content/themes/vaximo/assets/js/owl.carousel.min197e.js]
[rajbarcode.com/wp-content/themes/vaximo/assets/js/jquery.magnific-popup.min197e.js]
[rajbarcode.com/wp-content/themes/vaximo/assets/js/jquery.nice-select.min197e.js]
[rajbarcode.com/wp-content/themes/vaximo/assets/js/parallax.min197e.js]
[rajbarcode.com/wp-content/themes/vaximo/assets/js/jquery.appear.min197e.js]
[rajbarcode.com/wp-content/themes/vaximo/assets/js/ofi.min197e.js]
[rajbarcode.com/wp-content/themes/vaximo/assets/js/carousel-thumbs.min197e.js]
[rajbarcode.com/wp-content/themes/vaximo/assets/js/main.min197e.js]
[rajbarcode.com/wp-json/wp/v2/pages/4581.json]
[rajbarcode.com/wp-content/uploads/2023/10/erp-enterprise-resource-planning-software-modish-business-plan-marketing-strategy_31965-202594.jpg]
[rajbarcode.com/wp-content/uploads/2023/10/colleagues-wearing-safety-cap-work-indoors_23-2148976243.jpg]
[rajbarcode.com/wp-content/uploads/2023/10/smart-robot-arm-systems-innovative-warehouse-factory-digital-technology_31965-18660-1.jpg]
[rajbarcode.com/services/hardware-integration-with-sap-and-other-erp-systems/index.html]
[rajbarcode.com/wp-content/themes/vaximo/assets/js/odometer.min197e.js]
[rajbarcode.com/wp-json/oembed/1.0/embeda016.json]
[rajbarcode.com/wp-json/oembed/1.0/embedd072]
[rajbarcode.com/wp-content/themes/vaximo/assets/css/bootstrap.min6a1b.css]
[rajbarcode.com/wp-content/themes/vaximo/assets/css/owl.theme.default.min6a1b.css]
[rajbarcode.com/wp-content/themes/vaximo/assets/css/owl.carousel.min6a1b.css]
[rajbarcode.com/wp-content/themes/vaximo/assets/css/magnific-popup.min6a1b.css]
[rajbarcode.com/wp-content/themes/vaximo/assets/css/animate.min6a1b.css]
[rajbarcode.com/wp-content/themes/vaximo/assets/css/boxicons.min6a1b.css]
[rajbarcode.com/wp-content/themes/vaximo/assets/css/flaticon6a1b.css]
[rajbarcode.com/wp-content/themes/vaximo/assets/css/meanmenu6a1b.css]
[rajbarcode.com/wp-content/themes/vaximo/assets/css/nice-select.min6a1b.css]
[rajbarcode.com/wp-content/themes/vaximo/assets/css/odometer.min6a1b.css]
[rajbarcode.com/wp-content/themes/vaximo/assets/css/all.min6a1b.css]
[rajbarcode.com/wp-content/themes/vaximo/assets/css/style.min6a1b.css]
[rajbarcode.com/wp-content/themes/vaximo/assets/css/responsive.min6a1b.css]
[rajbarcode.com/wp-content/uploads/elementor/css/post-45924b82.css]
[rajbarcode.com/wp-content/themes/vaximo/assets/js/popper.min6a1b.js]
[rajbarcode.com/wp-content/themes/vaximo/assets/js/bootstrap.bundle.min6a1b.js]
[rajbarcode.com/wp-content/themes/vaximo/assets/js/jquery.meanmenu6a1b.js]
[rajbarcode.com/wp-content/themes/vaximo/assets/js/wow.min6a1b.js]
[rajbarcode.com/wp-content/themes/vaximo/assets/js/owl.carousel.min6a1b.js]
[rajbarcode.com/wp-content/themes/vaximo/assets/js/jquery.magnific-popup.min6a1b.js]
[rajbarcode.com/wp-content/themes/vaximo/assets/js/jquery.nice-select.min6a1b.js]
[rajbarcode.com/wp-content/themes/vaximo/assets/js/parallax.min6a1b.js]
[rajbarcode.com/wp-content/themes/vaximo/assets/js/jquery.appear.min6a1b.js]
[rajbarcode.com/wp-content/themes/vaximo/assets/js/ofi.min6a1b.js]
[rajbarcode.com/wp-content/themes/vaximo/assets/js/carousel-thumbs.min6a1b.js]
[rajbarcode.com/wp-content/themes/vaximo/assets/js/main.min6a1b.js]
[rajbarcode.com/wp-json/wp/v2/pages/4592.json]
[rajbarcode.com/wp-content/uploads/2020/07/81TCXniM2-L-1024x683.jpg]
[rajbarcode.com/wp-content/uploads/2020/07/iStock-1275786906_1_-1024x549.webp]
[rajbarcode.com/services/preventive-maintenance-onsite-repair-program/index.html]
[rajbarcode.com/wp-content/themes/vaximo/assets/js/odometer.min6a1b.js]
[rajbarcode.com/wp-json/oembed/1.0/embede107.json]
[rajbarcode.com/wp-json/oembed/1.0/embedd92e]
[rajbarcode.com/wp-content/themes/vaximo/assets/css/bootstrap.min9ee7.css]
[rajbarcode.com/wp-content/themes/vaximo/assets/css/owl.theme.default.min9ee7.css]
[rajbarcode.com/wp-content/themes/vaximo/assets/css/owl.carousel.min9ee7.css]
[rajbarcode.com/wp-content/themes/vaximo/assets/css/magnific-popup.min9ee7.css]
[rajbarcode.com/wp-content/themes/vaximo/assets/css/animate.min9ee7.css]
[rajbarcode.com/wp-content/themes/vaximo/assets/css/boxicons.min9ee7.css]
[rajbarcode.com/wp-content/themes/vaximo/assets/css/flaticon9ee7.css]
[rajbarcode.com/wp-content/themes/vaximo/assets/css/meanmenu9ee7.css]
[rajbarcode.com/wp-content/themes/vaximo/assets/css/nice-select.min9ee7.css]
[rajbarcode.com/wp-content/themes/vaximo/assets/css/odometer.min9ee7.css]
[rajbarcode.com/wp-content/themes/vaximo/assets/css/all.min9ee7.css]
[rajbarcode.com/wp-content/themes/vaximo/assets/css/responsive.min9ee7.css]
[rajbarcode.com/wp-content/themes/vaximo/assets/css/style.min9ee7.css]
[rajbarcode.com/wp-content/themes/vaximo/assets/js/popper.min9ee7.js]
[rajbarcode.com/wp-content/themes/vaximo/assets/js/bootstrap.bundle.min9ee7.js]
[rajbarcode.com/wp-content/themes/vaximo/assets/js/jquery.meanmenu9ee7.js]
[rajbarcode.com/wp-content/themes/vaximo/assets/js/wow.min9ee7.js]
[rajbarcode.com/wp-content/themes/vaximo/assets/js/owl.carousel.min9ee7.js]
[rajbarcode.com/wp-content/themes/vaximo/assets/js/jquery.magnific-popup.min9ee7.js]
[rajbarcode.com/wp-content/themes/vaximo/assets/js/jquery.nice-select.min9ee7.js]
[rajbarcode.com/wp-content/themes/vaximo/assets/js/parallax.min9ee7.js]
[rajbarcode.com/wp-content/themes/vaximo/assets/js/jquery.appear.min9ee7.js]
[rajbarcode.com/wp-content/themes/vaximo/assets/js/ofi.min9ee7.js]
[rajbarcode.com/wp-content/themes/vaximo/assets/js/carousel-thumbs.min9ee7.js]
[rajbarcode.com/wp-content/themes/vaximo/assets/js/main.min9ee7.js]
[rajbarcode.com/wp-json/wp/v2/pages/14443.json]
[rajbarcode.com/industries/index.html]
[rajbarcode.com/wp-content/themes/vaximo/assets/js/odometer.min9ee7.js]
[rajbarcode.com/wp-json/oembed/1.0/embed2d20.json]
[rajbarcode.com/wp-json/oembed/1.0/embed59ce]
[rajbarcode.com/wp-content/uploads/elementor/css/post-85268b00.css]
[rajbarcode.com/wp-json/wp/v2/pages/8526.json]
[rajbarcode.com/wp-content/uploads/2024/02/manufacturing.png]
[rajbarcode.com/wp-content/uploads/elementor/thumbs/manufacturing-1-qk63h2x2amk58vb76tw2299f4yx6vmjjhhi5i991qu.png]
[rajbarcode.com/wp-content/uploads/2024/02/manufacturing-2-1.png]
[rajbarcode.com/wp-content/uploads/elementor/thumbs/manufacturing-3-qk63gqp5ts3f1xsy66lwnucfeylf3k713t0u9nr5zq.png]
[rajbarcode.com/wp-content/uploads/elementor/thumbs/manufacturing-4-qk63gugil48nev94pn1a7vrrukuin8emucgghpku5o.png]
[rajbarcode.com/wp-content/uploads/elementor/thumbs/manufacturing-5-qk63gxa15mcidp519695xd25mqgmabptuqewxjgnn0.png]
[rajbarcode.com/wp-content/uploads/elementor/thumbs/manufacturing-6-qk63h03jq4gdcj0xsph1mucjew2pxf10v4ddddch4c.png]
[rajbarcode.com/wp-content/uploads/2024/02/transport-3.png]
[rajbarcode.com/wp-content/uploads/elementor/thumbs/barcode-scanner-qk63oyse74k44hoxbb3v48dxwrmvuvlx6zw7v61d50.png]
[rajbarcode.com/wp-content/uploads/elementor/thumbs/tan-qk63p4fdpd7yo4w382s2cik0q614d54ivafsae2bv2.png]
[rajbarcode.com/wp-content/uploads/2024/02/rfid-re.png]
[rajbarcode.com/wp-content/uploads/2024/02/mv.png]
[rajbarcode.com/wp-content/uploads/2024/02/print-app.png]
[rajbarcode.com/manufacturing/index.html]
[rajbarcode.com/wp-json/oembed/1.0/embed1bf9.json]
[rajbarcode.com/wp-json/oembed/1.0/embede52a]
[rajbarcode.com/wp-content/themes/vaximo/assets/css/bootstrap.min261d.css]
[rajbarcode.com/wp-content/themes/vaximo/assets/css/owl.theme.default.min261d.css]
[rajbarcode.com/wp-content/themes/vaximo/assets/css/owl.carousel.min261d.css]
[rajbarcode.com/wp-content/themes/vaximo/assets/css/magnific-popup.min261d.css]
[rajbarcode.com/wp-content/themes/vaximo/assets/css/animate.min261d.css]
[rajbarcode.com/wp-content/themes/vaximo/assets/css/boxicons.min261d.css]
[rajbarcode.com/wp-content/themes/vaximo/assets/css/flaticon261d.css]
[rajbarcode.com/wp-content/themes/vaximo/assets/css/meanmenu261d.css]
[rajbarcode.com/wp-content/themes/vaximo/assets/css/nice-select.min261d.css]
[rajbarcode.com/wp-content/themes/vaximo/assets/css/odometer.min261d.css]
[rajbarcode.com/wp-content/themes/vaximo/assets/css/all.min261d.css]
[rajbarcode.com/wp-content/themes/vaximo/assets/css/style.min261d.css]
[rajbarcode.com/wp-content/themes/vaximo/assets/css/responsive.min261d.css]
[rajbarcode.com/wp-content/uploads/elementor/css/post-85497a47.css]
[rajbarcode.com/wp-content/themes/vaximo/assets/js/popper.min261d.js]
[rajbarcode.com/wp-content/themes/vaximo/assets/js/bootstrap.bundle.min261d.js]
[rajbarcode.com/wp-content/themes/vaximo/assets/js/jquery.meanmenu261d.js]
[rajbarcode.com/wp-content/themes/vaximo/assets/js/wow.min261d.js]
[rajbarcode.com/wp-content/themes/vaximo/assets/js/owl.carousel.min261d.js]
[rajbarcode.com/wp-content/themes/vaximo/assets/js/jquery.magnific-popup.min261d.js]
[rajbarcode.com/wp-content/themes/vaximo/assets/js/jquery.nice-select.min261d.js]
[rajbarcode.com/wp-content/themes/vaximo/assets/js/parallax.min261d.js]
[rajbarcode.com/wp-content/themes/vaximo/assets/js/jquery.appear.min261d.js]
[rajbarcode.com/wp-content/themes/vaximo/assets/js/ofi.min261d.js]
[rajbarcode.com/wp-content/themes/vaximo/assets/js/carousel-thumbs.min261d.js]
[rajbarcode.com/wp-content/themes/vaximo/assets/js/main.min261d.js]
[rajbarcode.com/wp-json/wp/v2/pages/8549.json]
[rajbarcode.com/wp-content/uploads/2024/02/transport.png]
[rajbarcode.com/wp-content/uploads/elementor/thumbs/transport-1-qk63ir2qg0uhvwvtfjw6hu2x5mook96d1r987yruom.png]
[rajbarcode.com/wp-content/uploads/2024/02/transport-2-1.png]
[rajbarcode.com/wp-content/uploads/elementor/thumbs/transport-3-qk63imdjhuo29v2n6zv1nd9m6pbuhrnpd3zstkytjq.png]
[rajbarcode.com/wp-content/uploads/elementor/thumbs/transport-4-qk63io97viqpzklk1fh62f61fju7m1nufe4g32va24.png]
[rajbarcode.com/wp-content/uploads/2024/02/transport-2.png]
[rajbarcode.com/wp-content/uploads/2024/02/tan.png]
[rajbarcode.com/transport-logistics/index.html]
[rajbarcode.com/wp-content/themes/vaximo/assets/js/odometer.min261d.js]
[rajbarcode.com/wp-json/oembed/1.0/embed3e4b.json]
[rajbarcode.com/wp-json/oembed/1.0/embed4e82]
[rajbarcode.com/wp-content/themes/vaximo/assets/css/bootstrap.min4592.css]
[rajbarcode.com/wp-content/themes/vaximo/assets/css/owl.theme.default.min4592.css]
[rajbarcode.com/wp-content/themes/vaximo/assets/css/owl.carousel.min4592.css]
[rajbarcode.com/wp-content/themes/vaximo/assets/css/magnific-popup.min4592.css]
[rajbarcode.com/wp-content/themes/vaximo/assets/css/animate.min4592.css]
[rajbarcode.com/wp-content/themes/vaximo/assets/css/boxicons.min4592.css]
[rajbarcode.com/wp-content/themes/vaximo/assets/css/flaticon4592.css]
[rajbarcode.com/wp-content/themes/vaximo/assets/css/meanmenu4592.css]
[rajbarcode.com/wp-content/themes/vaximo/assets/css/nice-select.min4592.css]
[rajbarcode.com/wp-content/themes/vaximo/assets/css/odometer.min4592.css]
[rajbarcode.com/wp-content/themes/vaximo/assets/css/all.min4592.css]
[rajbarcode.com/wp-content/themes/vaximo/assets/css/style.min4592.css]
[rajbarcode.com/wp-content/themes/vaximo/assets/css/responsive.min4592.css]
[rajbarcode.com/wp-content/uploads/elementor/css/post-8566b48f.css]
[rajbarcode.com/wp-content/themes/vaximo/assets/js/popper.min4592.js]
[rajbarcode.com/wp-content/themes/vaximo/assets/js/bootstrap.bundle.min4592.js]
[rajbarcode.com/wp-content/themes/vaximo/assets/js/jquery.meanmenu4592.js]
[rajbarcode.com/wp-content/themes/vaximo/assets/js/wow.min4592.js]
[rajbarcode.com/wp-content/themes/vaximo/assets/js/owl.carousel.min4592.js]
[rajbarcode.com/wp-content/themes/vaximo/assets/js/jquery.magnific-popup.min4592.js]
[rajbarcode.com/wp-content/themes/vaximo/assets/js/jquery.nice-select.min4592.js]
[rajbarcode.com/wp-content/themes/vaximo/assets/js/parallax.min4592.js]
[rajbarcode.com/wp-content/themes/vaximo/assets/js/jquery.appear.min4592.js]
[rajbarcode.com/wp-content/themes/vaximo/assets/js/ofi.min4592.js]
[rajbarcode.com/wp-content/themes/vaximo/assets/js/carousel-thumbs.min4592.js]
[rajbarcode.com/wp-content/themes/vaximo/assets/js/main.min4592.js]
[rajbarcode.com/wp-json/wp/v2/pages/8566.json]
[rajbarcode.com/wp-content/uploads/2024/02/pharma.png]
[rajbarcode.com/wp-content/uploads/elementor/thumbs/pharma-1-qk63kmr443f53u5igd5bhd03xdf3ygn1b286rvzi8m.png]
[rajbarcode.com/wp-content/uploads/2024/02/pharma-2-1.png]
[rajbarcode.com/wp-content/uploads/elementor/thumbs/pharma-3-qk63ki1x5x8phscc7t46mw6syg29vz4dmeyrdi6h3q.png]
[rajbarcode.com/wp-content/uploads/elementor/thumbs/pharma-2-qk63k5u0p2rzauu375u18h9t8fqi3wrv8qhg4wolcm.png]
[rajbarcode.com/wp-content/uploads/2024/02/pharma-2.png]
[rajbarcode.com/wp-content/uploads/2024/02/sanitaryware-4.png]
[rajbarcode.com/wp-content/uploads/2024/02/label-printer.png]
[rajbarcode.com/wp-content/uploads/2024/02/barcode-scanner.png]
[rajbarcode.com/pharmaceuticals/index.html]
[rajbarcode.com/wp-content/themes/vaximo/assets/js/odometer.min4592.js]
[rajbarcode.com/wp-json/oembed/1.0/embededd8.json]
[rajbarcode.com/wp-json/oembed/1.0/embed0a54]
[rajbarcode.com/wp-content/themes/vaximo/assets/css/bootstrap.min2ba4.css]
[rajbarcode.com/wp-content/themes/vaximo/assets/css/owl.theme.default.min2ba4.css]
[rajbarcode.com/wp-content/themes/vaximo/assets/css/owl.carousel.min2ba4.css]
[rajbarcode.com/wp-content/themes/vaximo/assets/css/magnific-popup.min2ba4.css]
[rajbarcode.com/wp-content/themes/vaximo/assets/css/animate.min2ba4.css]
[rajbarcode.com/automotives/index.html]
[rajbarcode.com/wp-content/themes/vaximo/assets/css/boxicons.min2ba4.css]
[rajbarcode.com/wp-content/themes/vaximo/assets/css/flaticon2ba4.css]
[rajbarcode.com/wp-content/themes/vaximo/assets/css/meanmenu2ba4.css]
[rajbarcode.com/wp-content/themes/vaximo/assets/css/nice-select.min2ba4.css]
[rajbarcode.com/wp-content/themes/vaximo/assets/css/odometer.min2ba4.css]
[rajbarcode.com/wp-content/themes/vaximo/assets/css/all.min2ba4.css]
[rajbarcode.com/wp-content/themes/vaximo/assets/css/style.min2ba4.css]
[rajbarcode.com/wp-content/themes/vaximo/assets/css/responsive.min2ba4.css]
[rajbarcode.com/wp-content/uploads/elementor/css/post-856138d4.css]
[rajbarcode.com/wp-content/themes/vaximo/assets/js/popper.min2ba4.js]
[rajbarcode.com/wp-content/themes/vaximo/assets/js/bootstrap.bundle.min2ba4.js]
[rajbarcode.com/wp-content/themes/vaximo/assets/js/jquery.meanmenu2ba4.js]
[rajbarcode.com/wp-content/themes/vaximo/assets/js/wow.min2ba4.js]
[rajbarcode.com/wp-content/themes/vaximo/assets/js/owl.carousel.min2ba4.js]
[rajbarcode.com/wp-content/themes/vaximo/assets/js/jquery.magnific-popup.min2ba4.js]
[rajbarcode.com/wp-content/themes/vaximo/assets/js/jquery.nice-select.min2ba4.js]
[rajbarcode.com/wp-content/themes/vaximo/assets/js/parallax.min2ba4.js]
[rajbarcode.com/wp-content/themes/vaximo/assets/js/jquery.appear.min2ba4.js]
[rajbarcode.com/wp-content/themes/vaximo/assets/js/ofi.min2ba4.js]
[rajbarcode.com/wp-content/themes/vaximo/assets/js/carousel-thumbs.min2ba4.js]
[rajbarcode.com/wp-content/themes/vaximo/assets/js/main.min2ba4.js]
[rajbarcode.com/wp-json/wp/v2/pages/8561.json]
[rajbarcode.com/wp-content/uploads/2024/02/chemical.png]
[rajbarcode.com/wp-content/uploads/elementor/thumbs/chemical-1-qk63jekp6vqny5xomc1uq65g09guworngzkd7vt0d2.png]
[rajbarcode.com/wp-content/uploads/elementor/thumbs/chemical-3-qk63j8xo1viy0i5vj9m3b7kofy8nmi59g7ngc81dee.png]
[rajbarcode.com/wp-content/uploads/elementor/thumbs/chemical-2-qk63iuu37czn6cqctliort4rj665f1lae9v652m9zq.png]
[rajbarcode.com/wp-content/uploads/2024/02/sanitaryware.png]
[rajbarcode.com/wp-content/uploads/elementor/thumbs/smart-warehouse-management-system-using-augmented-reality-technology_31965-11938-qk2lm6hsr63magaqm8g6u6hlg3x747z79msbtr8pm4.jpg]
[rajbarcode.com/chemicals/index.html]
[rajbarcode.com/wp-content/themes/vaximo/assets/js/odometer.min2ba4.js]
[rajbarcode.com/wp-content/uploads/elementor/thumbs/warehouse-management-innovative-software-computer-real-time-monitoring_31965-21147-e1695487151255-qk2lm2qfztydxiuk2s0ta5290ho3kjrlj3cplpf]
[rajbarcode.com/wp-json/oembed/1.0/embed9cf0.json]
[rajbarcode.com/wp-json/oembed/1.0/embedc2ec]
[rajbarcode.com/wp-content/uploads/elementor/css/post-8579e309.css]
[rajbarcode.com/wp-json/wp/v2/pages/8579.json]
[rajbarcode.com/wp-content/uploads/2024/02/retail.png]
[rajbarcode.com/wp-content/uploads/elementor/thumbs/retail-1-qk63l5jvws4vk1e7el9uv89bt2ug8epo1n9wdf7ms6.png]
[rajbarcode.com/wp-content/uploads/elementor/thumbs/sanitaryware-qk63g0doif3h3cgtla1803d0u8yrsx3827kx4utfos.png]
[rajbarcode.com/wp-content/uploads/2020/07/Barcode-Scanning-in-the-Warehouse-scaled-1-1024x717.jpg]
[rajbarcode.com/wp-content/uploads/2024/02/kiosk.png]
[rajbarcode.com/wp-content/uploads/2024/02/wear.png]
[rajbarcode.com/retail/index.html]
[rajbarcode.com/wp-json/oembed/1.0/embeddae9.json]
[rajbarcode.com/wp-json/oembed/1.0/embed4fe6]
[rajbarcode.com/wp-content/uploads/elementor/css/post-85478bbe.css]
[rajbarcode.com/wp-json/wp/v2/pages/8547.json]
[rajbarcode.com/wp-content/uploads/2024/02/health.png]
[rajbarcode.com/wp-content/uploads/elementor/thumbs/health-1-qk63lvvd854wl4bz4wnet1m8fv8q7xm5h9jht64lxy.png]
[rajbarcode.com/wp-content/uploads/elementor/thumbs/health-4-qk63locnpgup2q8ji879j5w1qv1f78kz695a9wf06k.png]
[rajbarcode.com/wp-content/uploads/2024/02/health-2.png]
[rajbarcode.com/health-care/index.html]
[rajbarcode.com/wp-json/oembed/1.0/embedf7e3.json]
[rajbarcode.com/wp-json/oembed/1.0/embed9b13]
[rajbarcode.com/wp-content/themes/vaximo/assets/css/bootstrap.min0f5c.css]
[rajbarcode.com/wp-content/themes/vaximo/assets/css/owl.theme.default.min0f5c.css]
[rajbarcode.com/wp-content/themes/vaximo/assets/css/owl.carousel.min0f5c.css]
[rajbarcode.com/wp-content/themes/vaximo/assets/css/magnific-popup.min0f5c.css]
[rajbarcode.com/wp-content/themes/vaximo/assets/css/animate.min0f5c.css]
[rajbarcode.com/wp-content/themes/vaximo/assets/css/boxicons.min0f5c.css]
[rajbarcode.com/wp-content/themes/vaximo/assets/css/flaticon0f5c.css]
[rajbarcode.com/wp-content/themes/vaximo/assets/css/meanmenu0f5c.css]
[rajbarcode.com/wp-content/themes/vaximo/assets/css/nice-select.min0f5c.css]
[rajbarcode.com/wp-content/themes/vaximo/assets/css/odometer.min0f5c.css]
[rajbarcode.com/wp-content/themes/vaximo/assets/css/all.min0f5c.css]
[rajbarcode.com/wp-content/themes/vaximo/assets/css/style.min0f5c.css]
[rajbarcode.com/wp-content/themes/vaximo/assets/css/responsive.min0f5c.css]
[rajbarcode.com/wp-content/uploads/elementor/css/post-85908a79.css]
[rajbarcode.com/wp-content/themes/vaximo/assets/js/popper.min0f5c.js]
[rajbarcode.com/wp-content/themes/vaximo/assets/js/bootstrap.bundle.min0f5c.js]
[rajbarcode.com/wp-content/themes/vaximo/assets/js/jquery.meanmenu0f5c.js]
[rajbarcode.com/wp-content/themes/vaximo/assets/js/wow.min0f5c.js]
[rajbarcode.com/wp-content/themes/vaximo/assets/js/owl.carousel.min0f5c.js]
[rajbarcode.com/wp-content/themes/vaximo/assets/js/jquery.magnific-popup.min0f5c.js]
[rajbarcode.com/wp-content/themes/vaximo/assets/js/jquery.nice-select.min0f5c.js]
[rajbarcode.com/wp-content/themes/vaximo/assets/js/parallax.min0f5c.js]
[rajbarcode.com/wp-content/themes/vaximo/assets/js/jquery.appear.min0f5c.js]
[rajbarcode.com/wp-content/themes/vaximo/assets/js/ofi.min0f5c.js]
[rajbarcode.com/wp-content/themes/vaximo/assets/js/carousel-thumbs.min0f5c.js]
[rajbarcode.com/wp-content/themes/vaximo/assets/js/main.min0f5c.js]
[rajbarcode.com/wp-json/wp/v2/pages/8590.json]
[rajbarcode.com/wp-content/uploads/2024/02/govt.png]
[rajbarcode.com/wp-content/uploads/elementor/thumbs/govt-1-qk63i7c4gi3h43ohmtd0jh28ojdz2lzzz1k155l4ba.png]
[rajbarcode.com/wp-content/uploads/2024/02/govt-2-1.png]
[rajbarcode.com/wp-content/uploads/elementor/thumbs/govt-3-qk63i1p3bhvr6fwojqx94ihh485rsfdly9n49hthcm.png]
[rajbarcode.com/wp-content/uploads/elementor/thumbs/network-warehouse-qk2lkz980sgfge1jmprcnhee4duba57jrorzr10tkc.jpg]
[rajbarcode.com/wp-content/uploads/elementor/thumbs/smart-robot-arm-systems-innovative-warehouse-factory-digital-technology_31965-18660-1-qk2lmyoyg767yr5s1kmzwzdf9o27j535dicw822wfg.792.dela]
[rajbarcode.com/government/index.html]
[rajbarcode.com/wp-content/themes/vaximo/assets/js/odometer.min0f5c.js]
[rajbarcode.com/wp-json/oembed/1.0/embed7e72.json]
[rajbarcode.com/wp-json/oembed/1.0/embed19d7]
[rajbarcode.com/wp-content/themes/vaximo/assets/css/bootstrap.mine077.css]
[rajbarcode.com/wp-content/themes/vaximo/assets/css/owl.theme.default.mine077.css]
[rajbarcode.com/wp-content/themes/vaximo/assets/css/owl.carousel.mine077.css]
[rajbarcode.com/wp-content/themes/vaximo/assets/css/magnific-popup.mine077.css]
[rajbarcode.com/wp-content/themes/vaximo/assets/css/animate.mine077.css]
[rajbarcode.com/wp-content/themes/vaximo/assets/css/boxicons.mine077.css]
[rajbarcode.com/wp-content/themes/vaximo/assets/css/flaticone077.css]
[rajbarcode.com/wp-content/themes/vaximo/assets/css/meanmenue077.css]
[rajbarcode.com/wp-content/themes/vaximo/assets/css/nice-select.mine077.css]
[rajbarcode.com/wp-content/themes/vaximo/assets/css/odometer.mine077.css]
[rajbarcode.com/wp-content/themes/vaximo/assets/css/all.mine077.css]
[rajbarcode.com/wp-content/themes/vaximo/assets/css/style.mine077.css]
[rajbarcode.com/wp-content/themes/vaximo/assets/css/responsive.mine077.css]
[rajbarcode.com/wp-content/uploads/elementor/css/post-141534538.css]
[rajbarcode.com/wp-content/themes/vaximo/assets/js/popper.mine077.js]
[rajbarcode.com/wp-content/themes/vaximo/assets/js/bootstrap.bundle.mine077.js]
[rajbarcode.com/wp-content/themes/vaximo/assets/js/jquery.meanmenue077.js]
[rajbarcode.com/wp-content/themes/vaximo/assets/js/wow.mine077.js]
[rajbarcode.com/wp-content/themes/vaximo/assets/js/owl.carousel.mine077.js]
[rajbarcode.com/wp-content/themes/vaximo/assets/js/jquery.magnific-popup.mine077.js]
[rajbarcode.com/wp-content/themes/vaximo/assets/js/jquery.nice-select.mine077.js]
[rajbarcode.com/wp-content/themes/vaximo/assets/js/parallax.mine077.js]
[rajbarcode.com/wp-content/themes/vaximo/assets/js/jquery.appear.mine077.js]
[rajbarcode.com/wp-content/themes/vaximo/assets/js/ofi.mine077.js]
[rajbarcode.com/wp-content/themes/vaximo/assets/js/carousel-thumbs.mine077.js]
[rajbarcode.com/wp-content/themes/vaximo/assets/js/main.mine077.js]
[rajbarcode.com/wp-json/wp/v2/pages/14153.json]
[rajbarcode.com/wp-content/uploads/2024/02/food-and-bev-1.png]
[rajbarcode.com/wp-content/uploads/elementor/thumbs/food-and-bev-4-qk63jxdgzkgeed6dkk6e41envyw76mua7km2tf14wm.png]
[rajbarcode.com/wp-content/uploads/2024/02/food-and-bev-2-1.png]
[rajbarcode.com/wp-content/uploads/elementor/thumbs/food-and-bev-3-qk63jujyf2cjfjah10yiek4a3ta3jjj376nmdl5bfa.png]
[rajbarcode.com/wp-content/uploads/elementor/thumbs/food-and-bev-2-qk63jhe7rduiwztl5v9qfnftsf2yjs2uhditnpotue.png]
[rajbarcode.com/wp-content/uploads/2024/02/food-and-bev-6.png]
[rajbarcode.com/wp-content/uploads/2024/02/food-and-bev-5.png]
[rajbarcode.com/food-and-beverage/index.html]
[rajbarcode.com/wp-content/themes/vaximo/assets/js/odometer.mine077.js]
[rajbarcode.com/wp-json/oembed/1.0/embedfc92.json]
[rajbarcode.com/wp-json/oembed/1.0/embed80cd]
[rajbarcode.com/wp-json/wp/v2/pages/16026.json]
[rajbarcode.com/wp-content/uploads/2024/11/RBS-2-image.png]
[rajbarcode.com/wp-content/uploads/2024/11/Screenshot-2024-11-14-161528.png]
[rajbarcode.com/wp-content/uploads/2024/11/senior-woman-and-man-managers-or-supervisors-worki-2024-10-18-09-31-11-utc-scaled.jpg]
[rajbarcode.com/wp-content/uploads/2023/11/i4.0-f5.png]
[rajbarcode.com/wp-content/uploads/2024/09/warehouse-workers-working-in-the-large-logistic-di-2023-11-27-05-09-09-utc-min-scaled.jpg]
[rajbarcode.com/wp-content/uploads/2024/11/Mobile-Computers-removebg.png]
[rajbarcode.com/wp-content/uploads/2024/11/Industrial-Touch-PC-removebg.png]
[rajbarcode.com/wp-content/uploads/2024/11/Tablets-removebg.png]
[rajbarcode.com/wp-content/uploads/2024/11/RFID-Reader-removebg.png]
[rajbarcode.com/wp-content/uploads/2024/11/Heat-Resistant-labels-removebg.png]
[rajbarcode.com/wp-content/uploads/2024/11/Barcode_Scanner-removebg.png]
[rajbarcode.com/wp-content/uploads/2024/11/Barcode-label-printer-removebg.png]
[rajbarcode.com/wp-content/uploads/2024/11/new-consumable.png]
[rajbarcode.com/sanitaryware-and-ceramics/index.html]
[rajbarcode.com/wp-content/uploads/2023/11/resources-banner.jpg]
[rajbarcode.com/wp-json/oembed/1.0/embed6604.json]
[rajbarcode.com/wp-json/oembed/1.0/embedb8ac]
[rajbarcode.com/wp-content/themes/vaximo/assets/css/bootstrap.min8f83.css]
[rajbarcode.com/wp-content/themes/vaximo/assets/css/owl.theme.default.min8f83.css]
[rajbarcode.com/wp-content/themes/vaximo/assets/css/owl.carousel.min8f83.css]
[rajbarcode.com/wp-content/themes/vaximo/assets/css/magnific-popup.min8f83.css]
[rajbarcode.com/wp-content/themes/vaximo/assets/css/animate.min8f83.css]
[rajbarcode.com/wp-content/themes/vaximo/assets/css/boxicons.min8f83.css]
[rajbarcode.com/wp-content/themes/vaximo/assets/css/flaticon8f83.css]
[rajbarcode.com/wp-content/themes/vaximo/assets/css/meanmenu8f83.css]
[rajbarcode.com/wp-content/themes/vaximo/assets/css/nice-select.min8f83.css]
[rajbarcode.com/wp-content/themes/vaximo/assets/css/odometer.min8f83.css]
[rajbarcode.com/wp-content/themes/vaximo/assets/css/all.min8f83.css]
[rajbarcode.com/wp-content/themes/vaximo/assets/css/style.min8f83.css]
[rajbarcode.com/wp-content/themes/vaximo/assets/css/responsive.min8f83.css]
[rajbarcode.com/wp-content/uploads/elementor/css/post-525316a9.css]
[rajbarcode.com/wp-content/plugins/exclusive-addons-for-elementor/assets/fonts/teeny-icon/teeny-icon-style.min07cb.css]
[rajbarcode.com/wp-content/themes/vaximo/assets/js/popper.min8f83.js]
[rajbarcode.com/wp-content/themes/vaximo/assets/js/bootstrap.bundle.min8f83.js]
[rajbarcode.com/wp-content/themes/vaximo/assets/js/jquery.meanmenu8f83.js]
[rajbarcode.com/wp-content/themes/vaximo/assets/js/wow.min8f83.js]
[rajbarcode.com/wp-content/themes/vaximo/assets/js/owl.carousel.min8f83.js]
[rajbarcode.com/wp-content/themes/vaximo/assets/js/jquery.magnific-popup.min8f83.js]
[rajbarcode.com/wp-content/themes/vaximo/assets/js/jquery.nice-select.min8f83.js]
[rajbarcode.com/wp-content/themes/vaximo/assets/js/parallax.min8f83.js]
[rajbarcode.com/wp-content/themes/vaximo/assets/js/jquery.appear.min8f83.js]
[rajbarcode.com/wp-content/themes/vaximo/assets/js/ofi.min8f83.js]
[rajbarcode.com/wp-content/themes/vaximo/assets/js/carousel-thumbs.min8f83.js]
[rajbarcode.com/wp-content/themes/vaximo/assets/js/main.min8f83.js]
[rajbarcode.com/wp-json/wp/v2/pages/5253.json]
[rajbarcode.com/resources/index.html]
[rajbarcode.com/wp-content/themes/vaximo/assets/js/odometer.min8f83.js]
[rajbarcode.com/wp-json/oembed/1.0/embedc4b5.json]
[rajbarcode.com/wp-json/oembed/1.0/embeda545]
[rajbarcode.com/wp-content/themes/vaximo/assets/css/bootstrap.min7da1.css]
[rajbarcode.com/wp-content/themes/vaximo/assets/css/owl.theme.default.min7da1.css]
[rajbarcode.com/wp-content/themes/vaximo/assets/css/owl.carousel.min7da1.css]
[rajbarcode.com/wp-content/themes/vaximo/assets/css/magnific-popup.min7da1.css]
[rajbarcode.com/wp-content/themes/vaximo/assets/css/animate.min7da1.css]
[rajbarcode.com/wp-content/themes/vaximo/assets/css/boxicons.min7da1.css]
[rajbarcode.com/wp-content/themes/vaximo/assets/css/flaticon7da1.css]
[rajbarcode.com/wp-content/themes/vaximo/assets/css/meanmenu7da1.css]
[rajbarcode.com/wp-content/themes/vaximo/assets/css/nice-select.min7da1.css]
[rajbarcode.com/wp-content/themes/vaximo/assets/css/odometer.min7da1.css]
[rajbarcode.com/wp-content/themes/vaximo/assets/css/all.min7da1.css]
[rajbarcode.com/wp-content/themes/vaximo/assets/css/style.min7da1.css]
[rajbarcode.com/wp-content/themes/vaximo/assets/css/responsive.min7da1.css]
[rajbarcode.com/wp-content/uploads/elementor/css/post-52919f08.css]
[rajbarcode.com/wp-content/themes/vaximo/assets/js/popper.min7da1.js]
[rajbarcode.com/wp-content/themes/vaximo/assets/js/bootstrap.bundle.min7da1.js]
[rajbarcode.com/wp-content/themes/vaximo/assets/js/jquery.meanmenu7da1.js]
[rajbarcode.com/wp-content/themes/vaximo/assets/js/wow.min7da1.js]
[rajbarcode.com/wp-content/themes/vaximo/assets/js/owl.carousel.min7da1.js]
[rajbarcode.com/wp-content/themes/vaximo/assets/js/jquery.magnific-popup.min7da1.js]
[rajbarcode.com/wp-content/themes/vaximo/assets/js/jquery.nice-select.min7da1.js]
[rajbarcode.com/wp-content/themes/vaximo/assets/js/parallax.min7da1.js]
[rajbarcode.com/wp-content/themes/vaximo/assets/js/jquery.appear.min7da1.js]
[rajbarcode.com/wp-content/themes/vaximo/assets/js/ofi.min7da1.js]
[rajbarcode.com/wp-content/themes/vaximo/assets/js/carousel-thumbs.min7da1.js]
[rajbarcode.com/wp-content/themes/vaximo/assets/js/main.min7da1.js]
[rajbarcode.com/wp-json/wp/v2/pages/5291.json]
[rajbarcode.com/resources/case-studies/index.html]
[rajbarcode.com/wp-content/themes/vaximo/assets/js/odometer.min7da1.js]
[rajbarcode.com/wp-json/oembed/1.0/embed2fec.json]
[rajbarcode.com/wp-json/oembed/1.0/embed9540]
[rajbarcode.com/wp-content/themes/vaximo/assets/css/bootstrap.min9fa8.css]
[rajbarcode.com/wp-content/themes/vaximo/assets/css/owl.theme.default.min9fa8.css]
[rajbarcode.com/wp-content/themes/vaximo/assets/css/owl.carousel.min9fa8.css]
[rajbarcode.com/wp-content/themes/vaximo/assets/css/magnific-popup.min9fa8.css]
[rajbarcode.com/wp-content/themes/vaximo/assets/css/animate.min9fa8.css]
[rajbarcode.com/wp-content/themes/vaximo/assets/css/boxicons.min9fa8.css]
[rajbarcode.com/wp-content/themes/vaximo/assets/css/flaticon9fa8.css]
[rajbarcode.com/wp-content/themes/vaximo/assets/css/meanmenu9fa8.css]
[rajbarcode.com/wp-content/themes/vaximo/assets/css/nice-select.min9fa8.css]
[rajbarcode.com/wp-content/themes/vaximo/assets/css/odometer.min9fa8.css]
[rajbarcode.com/wp-content/themes/vaximo/assets/css/all.min9fa8.css]
[rajbarcode.com/wp-content/themes/vaximo/assets/css/style.min9fa8.css]
[rajbarcode.com/wp-content/themes/vaximo/assets/css/responsive.min9fa8.css]
[rajbarcode.com/wp-content/uploads/elementor/css/post-58361aca.css]
[rajbarcode.com/wp-content/themes/vaximo/assets/js/popper.min9fa8.js]
[rajbarcode.com/wp-content/themes/vaximo/assets/js/bootstrap.bundle.min9fa8.js]
[rajbarcode.com/wp-content/themes/vaximo/assets/js/jquery.meanmenu9fa8.js]
[rajbarcode.com/wp-content/themes/vaximo/assets/js/wow.min9fa8.js]
[rajbarcode.com/wp-content/themes/vaximo/assets/js/owl.carousel.min9fa8.js]
[rajbarcode.com/wp-content/themes/vaximo/assets/js/jquery.magnific-popup.min9fa8.js]
[rajbarcode.com/wp-content/themes/vaximo/assets/js/jquery.nice-select.min9fa8.js]
[rajbarcode.com/wp-content/themes/vaximo/assets/js/parallax.min9fa8.js]
[rajbarcode.com/wp-content/themes/vaximo/assets/js/jquery.appear.min9fa8.js]
[rajbarcode.com/wp-content/themes/vaximo/assets/js/ofi.min9fa8.js]
[rajbarcode.com/wp-content/themes/vaximo/assets/js/carousel-thumbs.min9fa8.js]
[rajbarcode.com/wp-content/themes/vaximo/assets/js/main.min9fa8.js]
[rajbarcode.com/wp-json/wp/v2/pages/5836.json]
[rajbarcode.com/wp-content/themes/vaximo/assets/js/odometer.min9fa8.js]
[rajbarcode.com/resources/certificates/index.html]
[rajbarcode.com/wp-content/uploads/2023/11/contactus-banner.jpg]
[rajbarcode.com/wp-json/oembed/1.0/embedcf7a.json]
[rajbarcode.com/resources/certificates/iso-certification/index.html]
[rajbarcode.com/wp-json/oembed/1.0/embeded05]
[rajbarcode.com/resources/certificates/fsc-certification/index.html]
[rajbarcode.com/wp-content/uploads/elementor/css/post-59625051.css]
[rajbarcode.com/wp-json/wp/v2/pages/5962.json]
[rajbarcode.com/career/index.html]
[rajbarcode.com/wp-content/themes/vaximo/assets/css/bootstrap.min8ad4.css]
[rajbarcode.com/wp-content/themes/vaximo/assets/css/owl.theme.default.min8ad4.css]
[rajbarcode.com/wp-content/themes/vaximo/assets/css/owl.carousel.min8ad4.css]
[rajbarcode.com/wp-content/themes/vaximo/assets/css/magnific-popup.min8ad4.css]
[rajbarcode.com/wp-content/themes/vaximo/assets/css/animate.min8ad4.css]
[rajbarcode.com/wp-content/themes/vaximo/assets/css/boxicons.min8ad4.css]
[rajbarcode.com/wp-content/themes/vaximo/assets/css/flaticon8ad4.css]
[rajbarcode.com/wp-content/themes/vaximo/assets/css/meanmenu8ad4.css]
[rajbarcode.com/wp-content/themes/vaximo/assets/css/nice-select.min8ad4.css]
[rajbarcode.com/wp-content/themes/vaximo/assets/css/odometer.min8ad4.css]
[rajbarcode.com/wp-content/themes/vaximo/assets/css/all.min8ad4.css]
[rajbarcode.com/wp-content/themes/vaximo/assets/css/style.min8ad4.css]
[rajbarcode.com/wp-content/themes/vaximo/assets/css/responsive.min8ad4.css]
[rajbarcode.com/wp-content/themes/vaximo/assets/js/popper.min8ad4.js]
[rajbarcode.com/wp-content/themes/vaximo/assets/js/bootstrap.bundle.min8ad4.js]
[rajbarcode.com/wp-content/themes/vaximo/assets/js/jquery.meanmenu8ad4.js]
[rajbarcode.com/wp-content/themes/vaximo/assets/js/wow.min8ad4.js]
[rajbarcode.com/blog/page/2/index.html]
[rajbarcode.com/wp-content/themes/vaximo/assets/js/owl.carousel.min8ad4.js]
[rajbarcode.com/wp-content/themes/vaximo/assets/js/jquery.magnific-popup.min8ad4.js]
[rajbarcode.com/wp-content/themes/vaximo/assets/js/jquery.nice-select.min8ad4.js]
[rajbarcode.com/wp-content/themes/vaximo/assets/js/parallax.min8ad4.js]
[rajbarcode.com/wp-content/themes/vaximo/assets/js/jquery.appear.min8ad4.js]
[rajbarcode.com/wp-content/themes/vaximo/assets/js/ofi.min8ad4.js]
[rajbarcode.com/wp-content/themes/vaximo/assets/js/carousel-thumbs.min8ad4.js]
[rajbarcode.com/wp-content/themes/vaximo/assets/js/main.min8ad4.js]
[rajbarcode.com/wp-content/themes/vaximo/assets/js/odometer.min8ad4.js]
[rajbarcode.com/blog/index.html]
[rajbarcode.com/author/muskan/index.html]
[rajbarcode.com/top-10-warehouse-challenges-and-how-technology-solves-them/index.html]
[rajbarcode.com/barcode-vs-rfid-a-5-question-due-diligence-checklist-for-warehouses/index.html]
[rajbarcode.com/how-to-achieve-inventory-accuracy-using-barcode-technology/index.html]
[rajbarcode.com/wp-json/oembed/1.0/embedb3fa.json]
[rajbarcode.com/reduce-human-errors-by-90-using-barcode-systems/index.html]
[rajbarcode.com/warehouse-mistakes-costing-industries/index.html]
[rajbarcode.com/why-production-delays-happen-and-how-wip-tracking-fixes-them/index.html]
[rajbarcode.com/manual-warehouse-vs-automated-warehouse-the-real-cost-breakdown/index.html]
[rajbarcode.com/wp-json/oembed/1.0/embed6229]
[rajbarcode.com/wp-content/plugins/elementor/assets/css/widget-google_maps.min2801.css]
[rajbarcode.com/wp-content/uploads/elementor/css/post-465f951.css]
[rajbarcode.com/how-wip-tracking-reduces-production-delays-in-manufacturing/index.html]
[rajbarcode.com/warehouse-automation-barcode-rfid/index.html]
[rajbarcode.com/wp-content/plugins/exclusive-addons-for-elementor/assets/fonts/feather-icon/feather-icon-style.min07cb.css]
[rajbarcode.com/category/asset-tracking/index.html]
[rajbarcode.com/category/enterprise-resource-planning/index.html]
[rajbarcode.com/wp-json/wp/v2/pages/465.json]
[rajbarcode.com/contact-us/index.html]
[rajbarcode.com/category/inventory-management/index.html]
[rajbarcode.com/category/pharmaceuticals/index.html]
[rajbarcode.com/wp-content/uploads/2024/01/new_track-_and_trace.svg]
[rajbarcode.com/category/rfid/index.html]
[rajbarcode.com/wp-content/uploads/2023/11/mobilizing-erp-1.svg]
[rajbarcode.com/wp-content/uploads/2023/11/Turn-Around-Time-Tracking-1.svg]
[rajbarcode.com/category/security/index.html]
[rajbarcode.com/category/track-trace/index.html]
[rajbarcode.com/category/uncategorized/index.html]
[rajbarcode.com/wp-content/uploads/2023/11/tatt.png]
[rajbarcode.com/wp-json/oembed/1.0/embed28f0.json]
[rajbarcode.com/wp-json/oembed/1.0/embed2a48]
[rajbarcode.com/wp-content/themes/vaximo/assets/css/bootstrap.min048e.css]
[rajbarcode.com/wp-content/themes/vaximo/assets/css/owl.theme.default.min048e.css]
[rajbarcode.com/wp-content/themes/vaximo/assets/css/owl.carousel.min048e.css]
[rajbarcode.com/wp-content/themes/vaximo/assets/css/magnific-popup.min048e.css]
[rajbarcode.com/wp-content/themes/vaximo/assets/css/animate.min048e.css]
[rajbarcode.com/wp-content/themes/vaximo/assets/css/boxicons.min048e.css]
[rajbarcode.com/wp-content/themes/vaximo/assets/css/flaticon048e.css]
[rajbarcode.com/wp-content/themes/vaximo/assets/css/meanmenu048e.css]
[rajbarcode.com/wp-content/themes/vaximo/assets/css/nice-select.min048e.css]
[rajbarcode.com/wp-content/themes/vaximo/assets/css/odometer.min048e.css]
[rajbarcode.com/wp-content/themes/vaximo/assets/css/all.min048e.css]
[rajbarcode.com/wp-content/themes/vaximo/assets/css/style.min048e.css]
[rajbarcode.com/wp-content/themes/vaximo/assets/css/responsive.min048e.css]
[rajbarcode.com/wp-content/uploads/elementor/css/post-80536b42.css]
[rajbarcode.com/wp-content/themes/vaximo/assets/js/popper.min048e.js]
[rajbarcode.com/wp-content/themes/vaximo/assets/js/bootstrap.bundle.min048e.js]
[rajbarcode.com/wp-content/themes/vaximo/assets/js/jquery.meanmenu048e.js]
[rajbarcode.com/wp-content/themes/vaximo/assets/js/wow.min048e.js]
[rajbarcode.com/wp-content/themes/vaximo/assets/js/owl.carousel.min048e.js]
[rajbarcode.com/wp-content/themes/vaximo/assets/js/jquery.magnific-popup.min048e.js]
[rajbarcode.com/wp-content/themes/vaximo/assets/js/jquery.nice-select.min048e.js]
[rajbarcode.com/wp-content/themes/vaximo/assets/js/parallax.min048e.js]
[rajbarcode.com/wp-content/themes/vaximo/assets/js/jquery.appear.min048e.js]
[rajbarcode.com/wp-content/themes/vaximo/assets/js/ofi.min048e.js]
[rajbarcode.com/wp-content/themes/vaximo/assets/js/carousel-thumbs.min048e.js]
[rajbarcode.com/wp-content/themes/vaximo/assets/js/main.min048e.js]
[rajbarcode.com/wp-json/wp/v2/pages/8053.json]
[rajbarcode.com/wp-content/uploads/2023/11/tatt-intro.png]
[rajbarcode.com/wp-content/uploads/2023/11/tatt-why.png]
[rajbarcode.com/wp-content/uploads/elementor/thumbs/tatt-f1-qk2lv3yloiblilq5bolq8uzqjt53jtmq3t2png0tna.png]
[rajbarcode.com/wp-content/uploads/2023/11/tatt-f2.png]
[rajbarcode.com/wp-content/uploads/elementor/thumbs/tatt-f3-qk2lv8nsmoi14njbk8mv3bt1iqhxmb5dsgc51ttus6.png]
[rajbarcode.com/wp-content/uploads/elementor/thumbs/tatt-f4-qk2lvbhb76lz5z0v96nm2vgxcyvnya996v49slox4c.png]
[rajbarcode.com/wp-content/uploads/elementor/thumbs/tatt-f5-qk2lveatropu4swrspvhscrb54hrldkg792q8fkqlo.png]
[rajbarcode.com/solutions/turn-around-time-tracking/index.html]
[rajbarcode.com/wp-content/uploads/2023/11/Label-Management-System​-1.svg]
[rajbarcode.com/wp-content/uploads/2023/11/industry-4.0-1.svg]
[rajbarcode.com/wp-content/uploads/2023/11/elog-sheet-1.svg]
[rajbarcode.com/wp-content/uploads/2024/01/new_asset_tracking.svg]
[rajbarcode.com/wp-content/uploads/2023/11/machine-vision-1.svg]
[rajbarcode.com/wp-content/uploads/2024/02/manufacturing_white.svg]
[rajbarcode.com/wp-content/uploads/2024/02/Transport-and-Logistic.svg]
[rajbarcode.com/wp-content/uploads/2024/02/Pharmacuticals.svg]
[rajbarcode.com/wp-content/uploads/2024/02/Constructions.svg]
[rajbarcode.com/wp-content/uploads/2024/02/Automotives.svg]
[rajbarcode.com/wp-content/uploads/2024/02/Chemicals.svg]
[rajbarcode.com/wp-content/uploads/2024/02/Retail.svg]
[rajbarcode.com/wp-content/uploads/2024/02/Health-Care.svg]
[rajbarcode.com/wp-content/uploads/2024/02/Government.svg]
[rajbarcode.com/wp-content/uploads/2024/02/Food-and-Beverages.svg]
[rajbarcode.com/wp-content/uploads/2024/02/Ceramics-and-Sanitaryware.svg]
[rajbarcode.com/wp-content/themes/vaximo/assets/js/odometer.min048e.js]
[rajbarcode.com/wp-content/uploads/2023/08/side-view-adult-holding-smartphone-1.jpg]
[rajbarcode.com/wp-json/oembed/1.0/embed5d45.json]
[rajbarcode.com/wp-json/oembed/1.0/embed8b82]
[rajbarcode.com/wp-content/themes/vaximo/assets/css/bootstrap.minc22e.css]
[rajbarcode.com/wp-content/themes/vaximo/assets/css/owl.theme.default.minc22e.css]
[rajbarcode.com/wp-content/themes/vaximo/assets/css/owl.carousel.minc22e.css]
[rajbarcode.com/wp-content/themes/vaximo/assets/css/magnific-popup.minc22e.css]
[rajbarcode.com/wp-content/themes/vaximo/assets/css/animate.minc22e.css]
[rajbarcode.com/wp-content/themes/vaximo/assets/css/boxicons.minc22e.css]
[rajbarcode.com/wp-content/themes/vaximo/assets/css/flaticonc22e.css]
[rajbarcode.com/wp-content/themes/vaximo/assets/css/meanmenuc22e.css]
[rajbarcode.com/wp-content/themes/vaximo/assets/css/nice-select.minc22e.css]
[rajbarcode.com/wp-content/themes/vaximo/assets/css/odometer.minc22e.css]
[rajbarcode.com/wp-content/themes/vaximo/assets/css/all.minc22e.css]
[rajbarcode.com/wp-content/themes/vaximo/assets/css/style.minc22e.css]
[rajbarcode.com/wp-content/themes/vaximo/assets/css/responsive.minc22e.css]
[rajbarcode.com/wp-content/uploads/elementor/css/post-10009315d.css]
[rajbarcode.com/wp-content/themes/vaximo/assets/js/popper.minc22e.js]
[rajbarcode.com/wp-content/themes/vaximo/assets/js/bootstrap.bundle.minc22e.js]
[rajbarcode.com/wp-content/themes/vaximo/assets/js/jquery.meanmenuc22e.js]
[rajbarcode.com/wp-content/themes/vaximo/assets/js/wow.minc22e.js]
[rajbarcode.com/wp-content/themes/vaximo/assets/js/owl.carousel.minc22e.js]
[rajbarcode.com/wp-content/themes/vaximo/assets/js/jquery.magnific-popup.minc22e.js]
[rajbarcode.com/wp-content/themes/vaximo/assets/js/jquery.nice-select.minc22e.js]
[rajbarcode.com/wp-content/themes/vaximo/assets/js/parallax.minc22e.js]
[rajbarcode.com/wp-content/themes/vaximo/assets/js/jquery.appear.minc22e.js]
[rajbarcode.com/wp-content/themes/vaximo/assets/js/ofi.minc22e.js]
[rajbarcode.com/wp-content/themes/vaximo/assets/js/carousel-thumbs.minc22e.js]
[rajbarcode.com/wp-content/themes/vaximo/assets/js/main.minc22e.js]
[rajbarcode.com/wp-json/wp/v2/pages/10009.json]
[rajbarcode.com/wp-content/uploads/2024/02/Clients-14.png]
[rajbarcode.com/wp-content/uploads/2024/02/Clients-16-1024x1024.png]
[rajbarcode.com/wp-content/uploads/2024/02/Clients-17-1024x1024.png]
[rajbarcode.com/wp-content/uploads/2024/02/Karam-1024x1024.png]
[rajbarcode.com/wp-content/uploads/2023/11/Visit-Now-2-1024x1024.png]
[rajbarcode.com/wp-content/uploads/2024/03/Untitled-design-12-1024x1024.png]
[rajbarcode.com/wp-content/uploads/2024/02/Clients-6-1024x1024.png]
[rajbarcode.com/wp-content/uploads/2024/02/Clients-8-1024x1024.png]
[rajbarcode.com/wp-content/uploads/2024/02/Clients-11.png]
[rajbarcode.com/wp-content/uploads/2024/02/Clients-12-1024x1024.png]
[rajbarcode.com/wp-content/uploads/2024/02/Clients-3-1024x1024.png]
[rajbarcode.com/wp-content/uploads/2023/11/65-1.png]
[rajbarcode.com/wp-content/uploads/2023/11/73-1024x1024.png]
[rajbarcode.com/wp-content/uploads/2023/11/74-1024x1024.png]
[rajbarcode.com/wp-content/uploads/2023/11/72-1024x1024.png]
[rajbarcode.com/wp-content/uploads/2023/11/75.png]
[rajbarcode.com/wp-content/uploads/2023/11/76-1024x1024.png]
[rajbarcode.com/wp-content/uploads/2023/11/77-1024x1024.png]
[rajbarcode.com/wp-content/uploads/2023/11/79.png]
[rajbarcode.com/wp-content/uploads/2023/11/81-1024x1024.png]
[rajbarcode.com/wp-content/uploads/2023/11/82-1024x1024.png]
[rajbarcode.com/wp-content/uploads/2023/11/83.png]
[rajbarcode.com/wp-content/uploads/2023/11/85-1024x1024.png]
[rajbarcode.com/wp-content/uploads/2023/11/86-1024x1024.png]
[rajbarcode.com/wp-content/uploads/2023/11/87-1024x1024.png]
[rajbarcode.com/wp-content/uploads/2023/11/88.png]
[rajbarcode.com/wp-content/uploads/2023/11/89-1024x1024.png]
[rajbarcode.com/wp-content/uploads/2023/11/90-1024x1024.png]
[rajbarcode.com/wp-content/uploads/2023/11/91-1024x1024.png]
[rajbarcode.com/wp-content/uploads/2023/11/92.png]
[rajbarcode.com/wp-content/uploads/2023/11/93-1024x1024.png]
[rajbarcode.com/wp-content/uploads/2023/11/94-1024x1024.png]
[rajbarcode.com/wp-content/uploads/2023/11/96.png]
[rajbarcode.com/wp-content/uploads/2023/11/97-1024x1024.png]
[rajbarcode.com/wp-content/uploads/2023/11/98-1024x1024.png]
[rajbarcode.com/wp-content/uploads/2023/11/66-2-1024x1024.png]
[rajbarcode.com/wp-content/uploads/2023/11/100.png]
[rajbarcode.com/wp-content/uploads/2023/11/103-1024x1024.png]
[rajbarcode.com/wp-content/uploads/2023/11/104.png]
[rajbarcode.com/wp-content/uploads/2023/11/105-1024x1024.png]
[rajbarcode.com/our-clients/index.html]
[rajbarcode.com/wp-content/themes/vaximo/assets/js/odometer.minc22e.js]
[rajbarcode.com/wp-content/uploads/2023/11/99-1024x1024.png]
[rajbarcode.com/wp-json/oembed/1.0/embed69a4.json]
[rajbarcode.com/wp-json/oembed/1.0/embed7a42]
[rajbarcode.com/wp-content/themes/vaximo/assets/css/bootstrap.mincf57.css]
[rajbarcode.com/wp-content/themes/vaximo/assets/css/owl.theme.default.mincf57.css]
[rajbarcode.com/wp-content/themes/vaximo/assets/css/owl.carousel.mincf57.css]
[rajbarcode.com/wp-content/themes/vaximo/assets/css/magnific-popup.mincf57.css]
[rajbarcode.com/wp-content/themes/vaximo/assets/css/animate.mincf57.css]
[rajbarcode.com/wp-content/themes/vaximo/assets/css/boxicons.mincf57.css]
[rajbarcode.com/wp-content/themes/vaximo/assets/css/flaticoncf57.css]
[rajbarcode.com/wp-content/themes/vaximo/assets/css/meanmenucf57.css]
[rajbarcode.com/wp-content/themes/vaximo/assets/css/nice-select.mincf57.css]
[rajbarcode.com/wp-content/themes/vaximo/assets/css/odometer.mincf57.css]
[rajbarcode.com/wp-content/themes/vaximo/assets/css/all.mincf57.css]
[rajbarcode.com/wp-content/themes/vaximo/assets/css/style.mincf57.css]
[rajbarcode.com/wp-content/themes/vaximo/assets/css/responsive.mincf57.css]
[rajbarcode.com/wp-content/uploads/elementor/css/custom-widget-accordion.min061a.css]
[rajbarcode.com/wp-content/uploads/elementor/css/post-5308dc28.css]
[rajbarcode.com/wp-content/themes/vaximo/assets/js/popper.mincf57.js]
[rajbarcode.com/wp-content/themes/vaximo/assets/js/bootstrap.bundle.mincf57.js]
[rajbarcode.com/wp-content/themes/vaximo/assets/js/jquery.meanmenucf57.js]
[rajbarcode.com/wp-content/themes/vaximo/assets/js/wow.mincf57.js]
[rajbarcode.com/wp-content/themes/vaximo/assets/js/owl.carousel.mincf57.js]
[rajbarcode.com/wp-content/themes/vaximo/assets/js/jquery.magnific-popup.mincf57.js]
[rajbarcode.com/wp-content/themes/vaximo/assets/js/jquery.nice-select.mincf57.js]
[rajbarcode.com/wp-content/themes/vaximo/assets/js/parallax.mincf57.js]
[rajbarcode.com/wp-content/themes/vaximo/assets/js/jquery.appear.mincf57.js]
[rajbarcode.com/wp-content/themes/vaximo/assets/js/ofi.mincf57.js]
[rajbarcode.com/wp-content/themes/vaximo/assets/js/carousel-thumbs.mincf57.js]
[rajbarcode.com/wp-content/themes/vaximo/assets/js/main.mincf57.js]
[rajbarcode.com/wp-json/wp/v2/pages/5308.json]
[rajbarcode.com/wp-content/themes/vaximo/assets/js/odometer.mincf57.js]
[rajbarcode.com/resources/case-studies/case-study-food-industries/index.html]
[rajbarcode.com/wp-content/themes/vaximo/assets/css/bootstrap.minfee1.css]
[rajbarcode.com/wp-content/themes/vaximo/assets/css/owl.theme.default.minfee1.css]
[rajbarcode.com/wp-content/themes/vaximo/assets/css/owl.carousel.minfee1.css]
[rajbarcode.com/wp-content/themes/vaximo/assets/css/magnific-popup.minfee1.css]
[rajbarcode.com/wp-content/themes/vaximo/assets/css/animate.minfee1.css]
[rajbarcode.com/wp-content/themes/vaximo/assets/css/boxicons.minfee1.css]
[rajbarcode.com/wp-content/themes/vaximo/assets/css/flaticonfee1.css]
[rajbarcode.com/wp-content/themes/vaximo/assets/css/meanmenufee1.css]
[rajbarcode.com/wp-content/themes/vaximo/assets/css/nice-select.minfee1.css]
[rajbarcode.com/wp-content/themes/vaximo/assets/css/odometer.minfee1.css]
[rajbarcode.com/wp-content/themes/vaximo/assets/css/all.minfee1.css]
[rajbarcode.com/wp-content/themes/vaximo/assets/css/style.minfee1.css]
[rajbarcode.com/wp-content/themes/vaximo/assets/css/responsive.minfee1.css]
[rajbarcode.com/wp-content/uploads/elementor/css/post-7872dfae.css]
[rajbarcode.com/wp-content/themes/vaximo/assets/js/popper.minfee1.js]
[rajbarcode.com/wp-content/themes/vaximo/assets/js/bootstrap.bundle.minfee1.js]
[rajbarcode.com/wp-content/themes/vaximo/assets/js/jquery.meanmenufee1.js]
[rajbarcode.com/wp-content/themes/vaximo/assets/js/wow.minfee1.js]
[rajbarcode.com/wp-content/themes/vaximo/assets/js/owl.carousel.minfee1.js]
[rajbarcode.com/wp-content/themes/vaximo/assets/js/jquery.magnific-popup.minfee1.js]
[rajbarcode.com/wp-content/themes/vaximo/assets/js/jquery.nice-select.minfee1.js]
[rajbarcode.com/wp-content/themes/vaximo/assets/js/parallax.minfee1.js]
[rajbarcode.com/wp-content/themes/vaximo/assets/js/jquery.appear.minfee1.js]
[rajbarcode.com/wp-content/themes/vaximo/assets/js/ofi.minfee1.js]
[rajbarcode.com/wp-content/themes/vaximo/assets/js/carousel-thumbs.minfee1.js]
[rajbarcode.com/wp-content/themes/vaximo/assets/js/main.minfee1.js]
[rajbarcode.com/wp-json/wp/v2/pages/7872.json]
[rajbarcode.com/wp-content/themes/vaximo/assets/js/odometer.minfee1.js]
[rajbarcode.com/resources/case-studies/inventory-tracking-for-pharmaceuticals/index.html]
[rajbarcode.com/wp-json/oembed/1.0/embed3709.json]
[rajbarcode.com/wp-json/oembed/1.0/embed91a0]
[rajbarcode.com/wp-content/uploads/elementor/css/post-7878475e.css]
[rajbarcode.com/wp-json/wp/v2/pages/7878.json]
[rajbarcode.com/resources/case-studies/manufacturing-andon-system/index.html]
[rajbarcode.com/wp-json/oembed/1.0/embed1692.json]
[rajbarcode.com/wp-json/oembed/1.0/embed0741]
[rajbarcode.com/wp-content/themes/vaximo/assets/css/bootstrap.mind21a.css]
[rajbarcode.com/wp-content/themes/vaximo/assets/css/owl.theme.default.mind21a.css]
[rajbarcode.com/wp-content/themes/vaximo/assets/css/owl.carousel.mind21a.css]
[rajbarcode.com/wp-content/themes/vaximo/assets/css/magnific-popup.mind21a.css]
[rajbarcode.com/wp-content/themes/vaximo/assets/css/animate.mind21a.css]
[rajbarcode.com/wp-content/themes/vaximo/assets/css/boxicons.mind21a.css]
[rajbarcode.com/wp-content/themes/vaximo/assets/css/flaticond21a.css]
[rajbarcode.com/wp-content/themes/vaximo/assets/css/meanmenud21a.css]
[rajbarcode.com/wp-content/themes/vaximo/assets/css/nice-select.mind21a.css]
[rajbarcode.com/wp-content/themes/vaximo/assets/css/odometer.mind21a.css]
[rajbarcode.com/wp-content/themes/vaximo/assets/css/all.mind21a.css]
[rajbarcode.com/wp-content/themes/vaximo/assets/css/responsive.mind21a.css]
[rajbarcode.com/wp-content/themes/vaximo/assets/css/style.mind21a.css]
[rajbarcode.com/wp-content/uploads/elementor/css/post-7859d000.css]
[rajbarcode.com/wp-content/themes/vaximo/assets/js/popper.mind21a.js]
[rajbarcode.com/wp-content/themes/vaximo/assets/js/bootstrap.bundle.mind21a.js]
[rajbarcode.com/wp-content/themes/vaximo/assets/js/jquery.meanmenud21a.js]
[rajbarcode.com/wp-content/themes/vaximo/assets/js/wow.mind21a.js]
[rajbarcode.com/wp-content/themes/vaximo/assets/js/owl.carousel.mind21a.js]
[rajbarcode.com/wp-content/themes/vaximo/assets/js/jquery.magnific-popup.mind21a.js]
[rajbarcode.com/wp-content/themes/vaximo/assets/js/jquery.nice-select.mind21a.js]
[rajbarcode.com/wp-content/themes/vaximo/assets/js/parallax.mind21a.js]
[rajbarcode.com/wp-content/themes/vaximo/assets/js/jquery.appear.mind21a.js]
[rajbarcode.com/wp-content/themes/vaximo/assets/js/ofi.mind21a.js]
[rajbarcode.com/wp-content/themes/vaximo/assets/js/carousel-thumbs.mind21a.js]
[rajbarcode.com/wp-content/themes/vaximo/assets/js/main.mind21a.js]
[rajbarcode.com/wp-json/wp/v2/pages/7859.json]
[rajbarcode.com/resources/case-studies/order-tracking-field-mobility/index.html]
[rajbarcode.com/wp-content/themes/vaximo/assets/js/odometer.mind21a.js]
[rajbarcode.com/wp-json/oembed/1.0/embed1a05.json]
[rajbarcode.com/wp-json/oembed/1.0/embed38be]
[rajbarcode.com/wp-content/themes/vaximo/assets/css/bootstrap.min3f38.css]
[rajbarcode.com/wp-content/themes/vaximo/assets/css/owl.theme.default.min3f38.css]
[rajbarcode.com/wp-content/themes/vaximo/assets/css/owl.carousel.min3f38.css]
[rajbarcode.com/wp-content/themes/vaximo/assets/css/magnific-popup.min3f38.css]
[rajbarcode.com/wp-content/themes/vaximo/assets/css/animate.min3f38.css]
[rajbarcode.com/wp-content/themes/vaximo/assets/css/boxicons.min3f38.css]
[rajbarcode.com/wp-content/themes/vaximo/assets/css/flaticon3f38.css]
[rajbarcode.com/wp-content/themes/vaximo/assets/css/meanmenu3f38.css]
[rajbarcode.com/wp-content/themes/vaximo/assets/css/nice-select.min3f38.css]
[rajbarcode.com/wp-content/themes/vaximo/assets/css/odometer.min3f38.css]
[rajbarcode.com/wp-content/themes/vaximo/assets/css/all.min3f38.css]
[rajbarcode.com/wp-content/themes/vaximo/assets/css/style.min3f38.css]
[rajbarcode.com/wp-content/themes/vaximo/assets/css/responsive.min3f38.css]
[rajbarcode.com/wp-content/uploads/elementor/css/post-7880405d.css]
[rajbarcode.com/wp-content/themes/vaximo/assets/js/popper.min3f38.js]
[rajbarcode.com/wp-content/themes/vaximo/assets/js/bootstrap.bundle.min3f38.js]
[rajbarcode.com/wp-content/themes/vaximo/assets/js/jquery.meanmenu3f38.js]
[rajbarcode.com/wp-content/themes/vaximo/assets/js/wow.min3f38.js]
[rajbarcode.com/wp-content/themes/vaximo/assets/js/owl.carousel.min3f38.js]
[rajbarcode.com/wp-content/themes/vaximo/assets/js/jquery.magnific-popup.min3f38.js]
[rajbarcode.com/wp-content/themes/vaximo/assets/js/jquery.nice-select.min3f38.js]
[rajbarcode.com/wp-content/themes/vaximo/assets/js/parallax.min3f38.js]
[rajbarcode.com/wp-content/themes/vaximo/assets/js/jquery.appear.min3f38.js]
[rajbarcode.com/wp-content/themes/vaximo/assets/js/ofi.min3f38.js]
[rajbarcode.com/wp-content/themes/vaximo/assets/js/carousel-thumbs.min3f38.js]
[rajbarcode.com/wp-content/themes/vaximo/assets/js/main.min3f38.js]
[rajbarcode.com/wp-json/wp/v2/pages/7880.json]
[rajbarcode.com/resources/case-studies/work-in-process-tracking-system/index.html]
[rajbarcode.com/wp-content/themes/vaximo/assets/js/odometer.min3f38.js]
[rajbarcode.com/wp-json/oembed/1.0/embedca74.json]
[rajbarcode.com/wp-json/oembed/1.0/embed632b]
[rajbarcode.com/wp-content/themes/vaximo/assets/css/bootstrap.min82d5.css]
[rajbarcode.com/wp-content/themes/vaximo/assets/css/owl.theme.default.min82d5.css]
[rajbarcode.com/wp-content/themes/vaximo/assets/css/owl.carousel.min82d5.css]
[rajbarcode.com/wp-content/themes/vaximo/assets/css/magnific-popup.min82d5.css]
[rajbarcode.com/wp-content/themes/vaximo/assets/css/animate.min82d5.css]
[rajbarcode.com/wp-content/themes/vaximo/assets/css/boxicons.min82d5.css]
[rajbarcode.com/wp-content/themes/vaximo/assets/css/flaticon82d5.css]
[rajbarcode.com/wp-content/themes/vaximo/assets/css/meanmenu82d5.css]
[rajbarcode.com/wp-content/themes/vaximo/assets/css/nice-select.min82d5.css]
[rajbarcode.com/wp-content/themes/vaximo/assets/css/odometer.min82d5.css]
[rajbarcode.com/wp-content/themes/vaximo/assets/css/all.min82d5.css]
[rajbarcode.com/wp-content/themes/vaximo/assets/css/style.min82d5.css]
[rajbarcode.com/wp-content/themes/vaximo/assets/css/responsive.min82d5.css]
[rajbarcode.com/wp-content/uploads/elementor/css/post-78638b4e.css]
[rajbarcode.com/wp-content/themes/vaximo/assets/js/popper.min82d5.js]
[rajbarcode.com/wp-content/themes/vaximo/assets/js/bootstrap.bundle.min82d5.js]
[rajbarcode.com/wp-content/themes/vaximo/assets/js/jquery.meanmenu82d5.js]
[rajbarcode.com/wp-content/themes/vaximo/assets/js/wow.min82d5.js]
[rajbarcode.com/wp-content/themes/vaximo/assets/js/owl.carousel.min82d5.js]
[rajbarcode.com/wp-content/themes/vaximo/assets/js/jquery.magnific-popup.min82d5.js]
[rajbarcode.com/wp-content/themes/vaximo/assets/js/jquery.nice-select.min82d5.js]
[rajbarcode.com/wp-content/themes/vaximo/assets/js/parallax.min82d5.js]
[rajbarcode.com/wp-content/themes/vaximo/assets/js/jquery.appear.min82d5.js]
[rajbarcode.com/wp-content/themes/vaximo/assets/js/ofi.min82d5.js]
[rajbarcode.com/wp-content/themes/vaximo/assets/js/carousel-thumbs.min82d5.js]
[rajbarcode.com/wp-content/themes/vaximo/assets/js/main.min82d5.js]
[rajbarcode.com/wp-json/wp/v2/pages/7863.json]
[rajbarcode.com/resources/case-studies/line-automation-inspection-and-rejection-system-based-track-and-trace-solution/index.html]
[rajbarcode.com/wp-content/themes/vaximo/assets/js/odometer.min82d5.js]
[rajbarcode.com/wp-json/oembed/1.0/embed4bdd.json]
[rajbarcode.com/wp-json/oembed/1.0/embedf691]
[rajbarcode.com/wp-content/themes/vaximo/assets/css/bootstrap.min65cc.css]
[rajbarcode.com/wp-content/themes/vaximo/assets/css/owl.theme.default.min65cc.css]
[rajbarcode.com/wp-content/themes/vaximo/assets/css/owl.carousel.min65cc.css]
[rajbarcode.com/wp-content/themes/vaximo/assets/css/magnific-popup.min65cc.css]
[rajbarcode.com/wp-content/themes/vaximo/assets/css/animate.min65cc.css]
[rajbarcode.com/wp-content/themes/vaximo/assets/css/boxicons.min65cc.css]
[rajbarcode.com/wp-content/themes/vaximo/assets/css/flaticon65cc.css]
[rajbarcode.com/wp-content/themes/vaximo/assets/css/meanmenu65cc.css]
[rajbarcode.com/wp-content/themes/vaximo/assets/css/nice-select.min65cc.css]
[rajbarcode.com/wp-content/themes/vaximo/assets/css/odometer.min65cc.css]
[rajbarcode.com/wp-content/themes/vaximo/assets/css/all.min65cc.css]
[rajbarcode.com/wp-content/themes/vaximo/assets/css/style.min65cc.css]
[rajbarcode.com/wp-content/themes/vaximo/assets/css/responsive.min65cc.css]
[rajbarcode.com/wp-includes/blocks/paragraph/style.min8717.css]
[rajbarcode.com/wp-content/themes/vaximo/assets/js/popper.min65cc.js]
[rajbarcode.com/wp-content/themes/vaximo/assets/js/bootstrap.bundle.min65cc.js]
[rajbarcode.com/wp-content/themes/vaximo/assets/js/jquery.meanmenu65cc.js]
[rajbarcode.com/wp-content/themes/vaximo/assets/js/wow.min65cc.js]
[rajbarcode.com/wp-content/themes/vaximo/assets/js/owl.carousel.min65cc.js]
[rajbarcode.com/wp-content/themes/vaximo/assets/js/jquery.magnific-popup.min65cc.js]
[rajbarcode.com/wp-content/themes/vaximo/assets/js/jquery.nice-select.min65cc.js]
[rajbarcode.com/wp-content/themes/vaximo/assets/js/parallax.min65cc.js]
[rajbarcode.com/wp-content/themes/vaximo/assets/js/jquery.appear.min65cc.js]
[rajbarcode.com/wp-content/themes/vaximo/assets/js/ofi.min65cc.js]
[rajbarcode.com/wp-content/themes/vaximo/assets/js/carousel-thumbs.min65cc.js]
[rajbarcode.com/wp-content/themes/vaximo/assets/js/main.min65cc.js]
[rajbarcode.com/wp-json/wp/v2/pages/10779.json]
[rajbarcode.com/privacy-policy/index.html]
[rajbarcode.com/wp-content/themes/vaximo/assets/js/odometer.min65cc.js]
[rajbarcode.com/wp-json/oembed/1.0/embed6b9a.json]
[rajbarcode.com/wp-json/oembed/1.0/embeda09a]
[rajbarcode.com/wp-content/themes/vaximo/assets/css/bootstrap.min9386.css]
[rajbarcode.com/wp-content/themes/vaximo/assets/css/owl.theme.default.min9386.css]
[rajbarcode.com/wp-content/themes/vaximo/assets/css/owl.carousel.min9386.css]
[rajbarcode.com/wp-content/themes/vaximo/assets/css/magnific-popup.min9386.css]
[rajbarcode.com/wp-content/themes/vaximo/assets/css/animate.min9386.css]
[rajbarcode.com/wp-content/themes/vaximo/assets/css/boxicons.min9386.css]
[rajbarcode.com/wp-content/themes/vaximo/assets/css/flaticon9386.css]
[rajbarcode.com/wp-content/themes/vaximo/assets/css/meanmenu9386.css]
[rajbarcode.com/wp-content/themes/vaximo/assets/css/nice-select.min9386.css]
[rajbarcode.com/wp-content/themes/vaximo/assets/css/odometer.min9386.css]
[rajbarcode.com/wp-content/themes/vaximo/assets/css/all.min9386.css]
[rajbarcode.com/wp-content/themes/vaximo/assets/css/style.min9386.css]
[rajbarcode.com/wp-content/themes/vaximo/assets/css/responsive.min9386.css]
[rajbarcode.com/wp-includes/blocks/heading/style.min8717.css]
[rajbarcode.com/wp-includes/blocks/table/style.min8717.css]
[rajbarcode.com/wp-content/themes/vaximo/assets/js/popper.min9386.js]
[rajbarcode.com/wp-content/themes/vaximo/assets/js/bootstrap.bundle.min9386.js]
[rajbarcode.com/wp-content/themes/vaximo/assets/js/jquery.meanmenu9386.js]
[rajbarcode.com/wp-content/themes/vaximo/assets/js/wow.min9386.js]
[rajbarcode.com/wp-content/themes/vaximo/assets/js/owl.carousel.min9386.js]
[rajbarcode.com/wp-content/themes/vaximo/assets/js/jquery.magnific-popup.min9386.js]
[rajbarcode.com/wp-content/themes/vaximo/assets/js/jquery.nice-select.min9386.js]
[rajbarcode.com/wp-content/themes/vaximo/assets/js/parallax.min9386.js]
[rajbarcode.com/wp-content/themes/vaximo/assets/js/jquery.appear.min9386.js]
[rajbarcode.com/wp-content/themes/vaximo/assets/js/ofi.min9386.js]
[rajbarcode.com/wp-content/themes/vaximo/assets/js/carousel-thumbs.min9386.js]
[rajbarcode.com/wp-content/themes/vaximo/assets/js/main.min9386.js]
[rajbarcode.com/wp-json/wp/v2/pages/10792.json]
[rajbarcode.com/e-waste-management/index.html]
[rajbarcode.com/wp-content/themes/vaximo/assets/js/odometer.min9386.js]
[rajbarcode.com/wp-content/plugins/vaximo-toolkit/assets/fonts/fontawesome-webfont3e6e.svg]
[rajbarcode.com/wp-content/themes/vaximo/teenyicon7ad8.html]
[rajbarcode.com/wp-content/themes/vaximo/teenyicon7ad8-2.html]
[rajbarcode.com/wp-content/themes/vaximo/teenyicon7ad8-3.html]
[rajbarcode.com/wp-content/themes/vaximo/teenyicon7ad8-4.html]
[rajbarcode.com/wp-content/themes/vaximo/assets/css/owl.video.play.html]
[rajbarcode.com/wp-content/themes/vaximo/assets/fonts/boxiconsd41d.svg]
[rajbarcode.com/wp-content/themes/vaximo/assets/fonts/Flaticon.svg]
[rajbarcode.com/wp-content/themes/vaximo/assets/fonts/fa-brands-400.svg]
[rajbarcode.com/wp-content/themes/vaximo/assets/fonts/fa-regular-400.svg]
[rajbarcode.com/wp-content/themes/vaximo/assets/fonts/fa-solid-900.svg]
[rajbarcode.com/wp-content/themes/vaximo/assets/img/slider-img/1.html]
[rajbarcode.com/wp-content/themes/vaximo/assets/img/slider-img/2.html]
[rajbarcode.com/wp-content/themes/vaximo/assets/img/security-bg.html]
[rajbarcode.com/wp-content/themes/vaximo/assets/img/solution-img/1.html]
[rajbarcode.com/wp-content/themes/vaximo/assets/img/solution-img/2.html]
[rajbarcode.com/wp-content/themes/vaximo/assets/img/solution-img/3.html]
[rajbarcode.com/wp-content/themes/vaximo/assets/img/solution-img/4.html]
[rajbarcode.com/wp-content/themes/vaximo/assets/img/solution-img/5.html]
[rajbarcode.com/wp-content/themes/vaximo/assets/img/solution-img/6.html]
[rajbarcode.com/wp-content/themes/vaximo/assets/img/project/1.html]
[rajbarcode.com/wp-content/themes/vaximo/assets/img/project/2.html]
[rajbarcode.com/wp-content/themes/vaximo/assets/img/project/3.html]
[rajbarcode.com/wp-content/themes/vaximo/assets/img/complete-img.html]
[rajbarcode.com/wp-content/themes/vaximo/assets/img/client-img/bg.html]
[rajbarcode.com/wp-content/themes/vaximo/assets/img/cybersecurity-img.html]
[rajbarcode.com/wp-content/themes/vaximo/assets/img/cybersecurity-img-2.html]
[rajbarcode.com/wp-content/themes/vaximo/assets/img/cybersecurity-img-3.html]
[rajbarcode.com/wp-content/themes/vaximo/assets/img/performance-bg.html]
[rajbarcode.com/wp-content/themes/vaximo/assets/img/choose-bg.html]
[rajbarcode.com/wp-content/themes/vaximo/assets/img/log-in-img.html]
[rajbarcode.com/wp-content/themes/vaximo/assets/img/sign-in-img.html]
[rajbarcode.com/wp-content/themes/vaximo/assets/img/coming-soon-bg.html]
[rajbarcode.com/wp-content/themes/vaximo/assets/img/transform-img.html]
[rajbarcode.com/wp-content/themes/vaximo/assets/img/home-six/talk-bg.html]
[rajbarcode.com/wp-content/themes/vaximo/assets/img/more-home/banner/banner-1.html]
[rajbarcode.com/wp-content/themes/vaximo/assets/img/more-home/banner/banner-bg.html]
[rajbarcode.com/wp-content/themes/vaximo/assets/img/more-home/testimonials/testimonials-bg.html]
[rajbarcode.com/wp-content/plugins/exclusive-addons-for-elementor/assets/vendor/fonts/slick.svg]
[rajbarcode.com/wp-content/plugins/exclusive-addons-for-elementor/assets/vendor/fonts/feathericons/feathericons3869.html]
[rajbarcode.com/wp-content/plugins/exclusive-addons-for-elementor/assets/vendor/fonts/feathericons/feathericonsd41d.html]
[rajbarcode.com/wp-content/plugins/exclusive-addons-for-elementor/assets/vendor/fonts/feathericons/feathericons3869-2.html]
[rajbarcode.com/wp-content/plugins/exclusive-addons-for-elementor/assets/vendor/fonts/feathericons/feathericons3869-3.html]
[rajbarcode.com/wp-content/plugins/exclusive-addons-for-elementor/assets/vendor/fonts/feathericons/feathericons3869-4.html]
[rajbarcode.com/wp-content/plugins/exclusive-addons-for-elementor/assets/vendor/img/triangle.html]
[rajbarcode.com/wp-content/plugins/exclusive-addons-for-elementor/assets/vendor/img/triangle2.html]
[rajbarcode.com/wp-content/plugins/exclusive-addons-for-elementor/assets/fonts/exad-logo76ff.svg]
[rajbarcode.com/wp-content/plugins/elementor/assets/lib/eicons/fonts/eicons221d.svg]
[rajbarcode.com/wp-content/plugins/bdthemes-element-pack-lite/assets/images/loading.svg]
[rajbarcode.com/wp-content/plugins/bdthemes-element-pack-lite/assets/fonts/element-packe897.svg]
[rajbarcode.com/wp-content/plugins/elementskit-lite/widgets/init/assets/img/cross-out.svg]
[rajbarcode.com/wp-content/plugins/elementor/assets/lib/font-awesome/webfonts/fa-brands-400.svg]
[rajbarcode.com/wp-content/plugins/elementor/assets/lib/font-awesome/webfonts/fa-brands-400.woff2]
[rajbarcode.com/wp-content/plugins/elementor/assets/lib/font-awesome/webfonts/fa-solid-900.svg]
[rajbarcode.com/wp-content/plugins/exclusive-addons-for-elementor/assets/fonts/remix-icon/remixicondf6d.svg]
[rajbarcode.com/wp-content/themes/vaximo/assets/css/bootstrap.min6620.css]
[rajbarcode.com/wp-content/themes/vaximo/assets/css/owl.theme.default.min6620.css]
[rajbarcode.com/wp-content/themes/vaximo/assets/css/owl.carousel.min6620.css]
[rajbarcode.com/wp-content/themes/vaximo/assets/css/magnific-popup.min6620.css]
[rajbarcode.com/wp-content/themes/vaximo/assets/css/animate.min6620.css]
[rajbarcode.com/wp-content/themes/vaximo/assets/css/boxicons.min6620.css]
[rajbarcode.com/wp-content/themes/vaximo/assets/css/flaticon6620.css]
[rajbarcode.com/wp-content/themes/vaximo/assets/css/meanmenu6620.css]
[rajbarcode.com/wp-content/themes/vaximo/assets/css/nice-select.min6620.css]
[rajbarcode.com/wp-content/themes/vaximo/assets/css/odometer.min6620.css]
[rajbarcode.com/wp-content/themes/vaximo/assets/css/all.min6620.css]
[rajbarcode.com/wp-content/themes/vaximo/assets/css/style.min6620.css]
[rajbarcode.com/wp-content/themes/vaximo/assets/css/responsive.min6620.css]
[rajbarcode.com/wp-content/uploads/elementor/css/post-3019452f.css]
[rajbarcode.com/wp-content/uploads/elementor/google-fonts/fonts/barlowcondensed-htxzl3i-jcgchyj8vi-l6oo_au7b6xtru2h_nkw7aw.woff2]
[rajbarcode.com/wp-content/uploads/elementor/google-fonts/fonts/barlowcondensed-htxzl3i-jcgchyj8vi-l6oo_au7b6xtru2hxnkw.woff2]
[rajbarcode.com/wp-content/uploads/elementor/google-fonts/fonts/barlowcondensed-htxyl3i-jcgchyj8vi-l6oo_au7b6xtrf3dmtikgurs.woff2]
[rajbarcode.com/wp-content/uploads/elementor/google-fonts/fonts/barlowcondensed-htxyl3i-jcgchyj8vi-l6oo_au7b6xtrf3dmtykgurs.woff2]
[rajbarcode.com/wp-content/uploads/elementor/google-fonts/fonts/barlowcondensed-htxyl3i-jcgchyj8vi-l6oo_au7b6xtrf3dmu4kg.woff2]
[rajbarcode.com/wp-content/uploads/elementor/google-fonts/fonts/barlowcondensed-htxyl3i-jcgchyj8vi-l6oo_au7b6xtrc3pmtikgurs.woff2]
[rajbarcode.com/wp-content/uploads/elementor/google-fonts/fonts/barlowcondensed-htxyl3i-jcgchyj8vi-l6oo_au7b6xtrc3pmtykgurs.woff2]
[rajbarcode.com/wp-content/uploads/elementor/google-fonts/fonts/barlowcondensed-htxyl3i-jcgchyj8vi-l6oo_au7b6xtrc3pmu4kg.woff2]
[rajbarcode.com/wp-content/uploads/elementor/google-fonts/fonts/barlowcondensed-htxxl3i-jcgchyj8vi-l6oo_au7b6xtj11hzhkg.woff2]
[rajbarcode.com/wp-content/uploads/elementor/google-fonts/fonts/barlowcondensed-htxxl3i-jcgchyj8vi-l6oo_au7b6xtj1lhzhkg.woff2]
[rajbarcode.com/wp-content/uploads/elementor/google-fonts/fonts/barlowcondensed-htxxl3i-jcgchyj8vi-l6oo_au7b6xtj2fhz.woff2]
[rajbarcode.com/wp-content/uploads/elementor/google-fonts/fonts/barlowcondensed-htxyl3i-jcgchyj8vi-l6oo_au7b6xtrk3lmtikgurs.woff2]
[rajbarcode.com/wp-content/uploads/elementor/google-fonts/fonts/barlowcondensed-htxyl3i-jcgchyj8vi-l6oo_au7b6xtrk3lmtykgurs.woff2]
[rajbarcode.com/wp-content/uploads/elementor/google-fonts/fonts/barlowcondensed-htxyl3i-jcgchyj8vi-l6oo_au7b6xtrk3lmu4kg.woff2]
[rajbarcode.com/wp-content/uploads/elementor/google-fonts/fonts/barlowcondensed-htxyl3i-jcgchyj8vi-l6oo_au7b6xtrb3xmtikgurs.woff2]
[rajbarcode.com/wp-content/uploads/elementor/google-fonts/fonts/barlowcondensed-htxyl3i-jcgchyj8vi-l6oo_au7b6xtrb3xmtykgurs.woff2]
[rajbarcode.com/wp-content/uploads/elementor/google-fonts/fonts/barlowcondensed-htxyl3i-jcgchyj8vi-l6oo_au7b6xtrb3xmu4kg.woff2]
[rajbarcode.com/wp-content/uploads/elementor/google-fonts/fonts/barlowcondensed-htxyl3i-jcgchyj8vi-l6oo_au7b6xtry3tmtikgurs.woff2]
[rajbarcode.com/wp-content/uploads/elementor/google-fonts/fonts/barlowcondensed-htxyl3i-jcgchyj8vi-l6oo_au7b6xtry3tmtykgurs.woff2]
[rajbarcode.com/wp-content/uploads/elementor/google-fonts/fonts/barlowcondensed-htxyl3i-jcgchyj8vi-l6oo_au7b6xtry3tmu4kg.woff2]
[rajbarcode.com/wp-content/uploads/elementor/google-fonts/fonts/barlowcondensed-htxyl3i-jcgchyj8vi-l6oo_au7b6xtrf3fmtikgurs.woff2]
[rajbarcode.com/wp-content/uploads/elementor/google-fonts/fonts/barlowcondensed-htxyl3i-jcgchyj8vi-l6oo_au7b6xtrf3fmtykgurs.woff2]
[rajbarcode.com/wp-content/uploads/elementor/google-fonts/fonts/barlowcondensed-htxyl3i-jcgchyj8vi-l6oo_au7b6xtrf3fmu4kg.woff2]
[rajbarcode.com/wp-content/uploads/elementor/google-fonts/fonts/barlowcondensed-htxyl3i-jcgchyj8vi-l6oo_au7b6xtrw3bmtikgurs.woff2]
[rajbarcode.com/wp-content/uploads/elementor/google-fonts/fonts/barlowcondensed-htxyl3i-jcgchyj8vi-l6oo_au7b6xtrw3bmtykgurs.woff2]
[rajbarcode.com/wp-content/uploads/elementor/google-fonts/fonts/barlowcondensed-htxyl3i-jcgchyj8vi-l6oo_au7b6xtrw3bmu4kg.woff2]
[rajbarcode.com/wp-content/uploads/elementor/google-fonts/fonts/barlowcondensed-htxxl3i-jcgchyj8vi-l6oo_au7b43lj11hzhkg.woff2]
[rajbarcode.com/wp-content/uploads/elementor/google-fonts/fonts/barlowcondensed-htxxl3i-jcgchyj8vi-l6oo_au7b43lj1lhzhkg.woff2]
[rajbarcode.com/wp-content/uploads/elementor/google-fonts/fonts/barlowcondensed-htxxl3i-jcgchyj8vi-l6oo_au7b43lj2fhz.woff2]
[rajbarcode.com/wp-content/uploads/elementor/google-fonts/fonts/barlowcondensed-htxwl3i-jcgchyj8vi-l6oo_au7b497yz3nwuzec.woff2]
[rajbarcode.com/wp-content/uploads/elementor/google-fonts/fonts/barlowcondensed-htxwl3i-jcgchyj8vi-l6oo_au7b497yz3jwuzec.woff2]
[rajbarcode.com/wp-content/uploads/elementor/google-fonts/fonts/barlowcondensed-htxwl3i-jcgchyj8vi-l6oo_au7b497yz3bwuq.woff2]
[rajbarcode.com/wp-content/uploads/elementor/google-fonts/fonts/barlowcondensed-htxwl3i-jcgchyj8vi-l6oo_au7b47rxz3nwuzec.woff2]
[rajbarcode.com/wp-content/uploads/elementor/google-fonts/fonts/barlowcondensed-htxwl3i-jcgchyj8vi-l6oo_au7b47rxz3jwuzec.woff2]
[rajbarcode.com/wp-content/uploads/elementor/google-fonts/fonts/barlowcondensed-htxwl3i-jcgchyj8vi-l6oo_au7b47rxz3bwuq.woff2]
[rajbarcode.com/wp-content/uploads/elementor/google-fonts/fonts/barlowcondensed-htx3l3i-jcgchyj8vi-l6oo_au7b6x7t2kn3.woff2]
[rajbarcode.com/wp-content/uploads/elementor/google-fonts/fonts/barlowcondensed-htx3l3i-jcgchyj8vi-l6oo_au7b6x_t2kn3.woff2]
[rajbarcode.com/wp-content/uploads/elementor/google-fonts/fonts/barlowcondensed-htx3l3i-jcgchyj8vi-l6oo_au7b6xht2g.woff2]
[rajbarcode.com/wp-content/uploads/elementor/google-fonts/fonts/barlowcondensed-htxwl3i-jcgchyj8vi-l6oo_au7b4-lwz3nwuzec.woff2]
[rajbarcode.com/wp-content/uploads/elementor/google-fonts/fonts/barlowcondensed-htxwl3i-jcgchyj8vi-l6oo_au7b4-lwz3jwuzec.woff2]
[rajbarcode.com/wp-content/uploads/elementor/google-fonts/fonts/barlowcondensed-htxwl3i-jcgchyj8vi-l6oo_au7b4-lwz3bwuq.woff2]
[rajbarcode.com/wp-content/uploads/elementor/google-fonts/fonts/barlowcondensed-htxwl3i-jcgchyj8vi-l6oo_au7b4873z3nwuzec.woff2]
[rajbarcode.com/wp-content/uploads/elementor/google-fonts/fonts/barlowcondensed-htxwl3i-jcgchyj8vi-l6oo_au7b4873z3jwuzec.woff2]
[rajbarcode.com/wp-content/uploads/elementor/google-fonts/fonts/barlowcondensed-htxwl3i-jcgchyj8vi-l6oo_au7b4873z3bwuq.woff2]
[rajbarcode.com/wp-content/uploads/elementor/google-fonts/fonts/barlowcondensed-htxwl3i-jcgchyj8vi-l6oo_au7b46r2z3nwuzec.woff2]
[rajbarcode.com/wp-content/uploads/elementor/google-fonts/fonts/barlowcondensed-htxwl3i-jcgchyj8vi-l6oo_au7b46r2z3jwuzec.woff2]
[rajbarcode.com/wp-content/uploads/elementor/google-fonts/fonts/barlowcondensed-htxwl3i-jcgchyj8vi-l6oo_au7b46r2z3bwuq.woff2]
[rajbarcode.com/wp-content/uploads/elementor/google-fonts/fonts/barlowcondensed-htxwl3i-jcgchyj8vi-l6oo_au7b47b1z3nwuzec.woff2]
[rajbarcode.com/wp-content/uploads/elementor/google-fonts/fonts/barlowcondensed-htxwl3i-jcgchyj8vi-l6oo_au7b47b1z3jwuzec.woff2]
[rajbarcode.com/wp-content/uploads/elementor/google-fonts/fonts/barlowcondensed-htxwl3i-jcgchyj8vi-l6oo_au7b47b1z3bwuq.woff2]
[rajbarcode.com/wp-content/uploads/elementor/google-fonts/fonts/barlowcondensed-htxwl3i-jcgchyj8vi-l6oo_au7b45l0z3nwuzec.woff2]
[rajbarcode.com/wp-content/uploads/elementor/google-fonts/fonts/barlowcondensed-htxwl3i-jcgchyj8vi-l6oo_au7b45l0z3jwuzec.woff2]
[rajbarcode.com/wp-content/uploads/elementor/google-fonts/fonts/barlowcondensed-htxwl3i-jcgchyj8vi-l6oo_au7b45l0z3bwuq.woff2]
[rajbarcode.com/wp-content/uploads/elementor/google-fonts/css/barlowcondensed684a.css]
[rajbarcode.com/wp-content/uploads/elementor/css/post-31037bd9.css]
[rajbarcode.com/wp-content/themes/vaximo/assets/css/bootstrap.mineb9f.css]
[rajbarcode.com/wp-content/themes/vaximo/assets/css/owl.theme.default.mineb9f.css]
[rajbarcode.com/wp-content/themes/vaximo/assets/css/owl.carousel.mineb9f.css]
[rajbarcode.com/wp-content/themes/vaximo/assets/css/magnific-popup.mineb9f.css]
[rajbarcode.com/wp-content/themes/vaximo/assets/css/animate.mineb9f.css]
[rajbarcode.com/wp-content/themes/vaximo/assets/css/boxicons.mineb9f.css]
[rajbarcode.com/wp-content/themes/vaximo/assets/css/flaticoneb9f.css]
[rajbarcode.com/wp-content/themes/vaximo/assets/css/meanmenueb9f.css]
[rajbarcode.com/wp-content/themes/vaximo/assets/css/nice-select.mineb9f.css]
[rajbarcode.com/wp-content/themes/vaximo/assets/css/odometer.mineb9f.css]
[rajbarcode.com/wp-content/themes/vaximo/assets/css/all.mineb9f.css]
[rajbarcode.com/wp-content/themes/vaximo/assets/css/style.mineb9f.css]
[rajbarcode.com/wp-content/themes/vaximo/assets/css/responsive.mineb9f.css]
[rajbarcode.com/wp-content/uploads/elementor/css/post-6913595e.css]
[rajbarcode.com/wp-content/themes/vaximo/assets/css/bootstrap.min52b5.css]
[rajbarcode.com/wp-content/themes/vaximo/assets/css/owl.theme.default.min52b5.css]
[rajbarcode.com/wp-content/themes/vaximo/assets/css/owl.carousel.min52b5.css]
[rajbarcode.com/wp-content/themes/vaximo/assets/css/magnific-popup.min52b5.css]
[rajbarcode.com/wp-content/themes/vaximo/assets/css/animate.min52b5.css]
[rajbarcode.com/wp-content/themes/vaximo/assets/css/boxicons.min52b5.css]
[rajbarcode.com/wp-content/themes/vaximo/assets/css/flaticon52b5.css]
[rajbarcode.com/wp-content/themes/vaximo/assets/css/meanmenu52b5.css]
[rajbarcode.com/wp-content/themes/vaximo/assets/css/nice-select.min52b5.css]
[rajbarcode.com/wp-content/themes/vaximo/assets/css/odometer.min52b5.css]
[rajbarcode.com/wp-content/themes/vaximo/assets/css/all.min52b5.css]
[rajbarcode.com/wp-content/themes/vaximo/assets/css/style.min52b5.css]
[rajbarcode.com/wp-content/themes/vaximo/assets/css/responsive.min52b5.css]
[rajbarcode.com/wp-content/uploads/elementor/css/post-3114061a.css]
[rajbarcode.com/wp-content/uploads/2023/10/p_2.png]
[rajbarcode.com/wp-content/themes/vaximo/assets/js/jquery.magnific-popup.min52b5.js]
[rajbarcode.com/wp-content/themes/vaximo/assets/js/wow.min52b5.js]
[rajbarcode.com/wp-json/oembed/1.0/embed978c.json]
[rajbarcode.com/wp-json/oembed/1.0/embeda62b]
[rajbarcode.com/wp-content/themes/vaximo/assets/css/bootstrap.min5d19.css]
[rajbarcode.com/wp-content/themes/vaximo/assets/css/owl.theme.default.min5d19.css]
[rajbarcode.com/wp-content/themes/vaximo/assets/css/owl.carousel.min5d19.css]
[rajbarcode.com/wp-content/themes/vaximo/assets/css/magnific-popup.min5d19.css]
[rajbarcode.com/wp-content/themes/vaximo/assets/css/animate.min5d19.css]
[rajbarcode.com/wp-content/themes/vaximo/assets/css/boxicons.min5d19.css]
[rajbarcode.com/wp-content/themes/vaximo/assets/css/flaticon5d19.css]
[rajbarcode.com/wp-content/themes/vaximo/assets/css/meanmenu5d19.css]
[rajbarcode.com/wp-content/themes/vaximo/assets/css/nice-select.min5d19.css]
[rajbarcode.com/wp-content/themes/vaximo/assets/css/odometer.min5d19.css]
[rajbarcode.com/wp-content/themes/vaximo/assets/css/all.min5d19.css]
[rajbarcode.com/wp-content/themes/vaximo/assets/css/style.min5d19.css]
[rajbarcode.com/wp-content/themes/vaximo/assets/css/responsive.min5d19.css]
[rajbarcode.com/wp-content/uploads/elementor/css/post-3129f1a8.css]
[rajbarcode.com/wp-content/themes/vaximo/assets/js/popper.min5d19.js]
[rajbarcode.com/wp-content/themes/vaximo/assets/js/bootstrap.bundle.min5d19.js]
[rajbarcode.com/wp-content/themes/vaximo/assets/js/jquery.meanmenu5d19.js]
[rajbarcode.com/wp-content/themes/vaximo/assets/js/wow.min5d19.js]
[rajbarcode.com/wp-content/themes/vaximo/assets/js/owl.carousel.min5d19.js]
[rajbarcode.com/wp-content/themes/vaximo/assets/js/jquery.magnific-popup.min5d19.js]
[rajbarcode.com/wp-content/themes/vaximo/assets/js/jquery.nice-select.min5d19.js]
[rajbarcode.com/wp-content/themes/vaximo/assets/js/parallax.min5d19.js]
[rajbarcode.com/wp-content/themes/vaximo/assets/js/jquery.appear.min5d19.js]
[rajbarcode.com/wp-content/themes/vaximo/assets/js/ofi.min5d19.js]
[rajbarcode.com/wp-content/themes/vaximo/assets/js/carousel-thumbs.min5d19.js]
[rajbarcode.com/wp-content/themes/vaximo/assets/js/main.min5d19.js]
[rajbarcode.com/wp-json/wp/v2/pages/3129.json]
[rajbarcode.com/wp-content/uploads/2024/01/ZD220.pdf]
[rajbarcode.com/wp-content/uploads/2023/10/2-1.png]
[rajbarcode.com/wp-content/uploads/2024/01/ZD230.pdf]
[rajbarcode.com/wp-content/uploads/2023/10/3-3.png]
[rajbarcode.com/wp-content/uploads/2024/01/tsc-ta220.pdf]
[rajbarcode.com/wp-content/uploads/2023/10/4-1.png]
[rajbarcode.com/wp-content/uploads/2024/01/tsc-te-244.pdf]
[rajbarcode.com/wp-content/uploads/2023/10/5-2.png]
[rajbarcode.com/wp-content/uploads/2024/01/tsc-te200-te210-datasheet.pdf]
[rajbarcode.com/wp-content/uploads/2023/10/6-2.png]
[rajbarcode.com/wp-content/uploads/2024/01/ttp-345.pdf]
[rajbarcode.com/wp-content/uploads/2023/10/7-2.png]
[rajbarcode.com/wp-content/uploads/2024/01/TSC-DA-200-DA-300.pdf]
[rajbarcode.com/wp-content/uploads/2023/10/8-2.png]
[rajbarcode.com/wp-content/uploads/2023/10/7.png]
[rajbarcode.com/wp-content/uploads/2024/01/CL-E331.pdf]
[rajbarcode.com/wp-content/uploads/2023/10/9.png]
[rajbarcode.com/wp-content/uploads/2024/01/ZD-421.pdf]
[rajbarcode.com/wp-content/uploads/2023/10/10.png]
[rajbarcode.com/wp-content/uploads/2024/01/ZD621.pdf]
[rajbarcode.com/wp-content/uploads/2023/10/11.png]
[rajbarcode.com/wp-content/uploads/2023/10/LOGO.png]
[rajbarcode.com/wp-content/uploads/2024/01/TSC-TX210-TX310-TX610.pdf]
[rajbarcode.com/wp-content/uploads/2023/10/12-1.png]
[rajbarcode.com/wp-content/uploads/2024/01/TSC-T800-RFID.pdf]
[rajbarcode.com/wp-content/uploads/2023/10/13.png]
[rajbarcode.com/wp-content/uploads/2024/01/CLS621CLS631.pdf]
[rajbarcode.com/wp-content/uploads/2024/01/CLS6621.pdf]
[rajbarcode.com/wp-content/uploads/2024/02/ZD-510HC.png]
[rajbarcode.com/wp-content/uploads/2024/02/zd510-hc-spec-sheet-en-us.pdf]
[rajbarcode.com/wp-content/uploads/2023/10/8fcae918-bad0-4ff7-9077-760b08c4da53.png]
[rajbarcode.com/wp-content/uploads/2023/10/i_7.png]
[rajbarcode.com/printing-technology/label-printers/desktop-printers/index.html]
[rajbarcode.com/wp-content/themes/vaximo/assets/js/odometer.min5d19.js]
[rajbarcode.com/wp-json/oembed/1.0/embedf0d9.json]
[rajbarcode.com/wp-json/oembed/1.0/embed78b0]
[rajbarcode.com/wp-content/themes/vaximo/assets/css/bootstrap.min919d.css]
[rajbarcode.com/wp-content/themes/vaximo/assets/css/owl.theme.default.min919d.css]
[rajbarcode.com/wp-content/themes/vaximo/assets/css/owl.carousel.min919d.css]
[rajbarcode.com/wp-content/themes/vaximo/assets/css/magnific-popup.min919d.css]
[rajbarcode.com/wp-content/themes/vaximo/assets/css/animate.min919d.css]
[rajbarcode.com/wp-content/themes/vaximo/assets/css/boxicons.min919d.css]
[rajbarcode.com/wp-content/themes/vaximo/assets/css/flaticon919d.css]
[rajbarcode.com/wp-content/themes/vaximo/assets/css/meanmenu919d.css]
[rajbarcode.com/wp-content/themes/vaximo/assets/css/nice-select.min919d.css]
[rajbarcode.com/wp-content/themes/vaximo/assets/css/odometer.min919d.css]
[rajbarcode.com/wp-content/themes/vaximo/assets/css/all.min919d.css]
[rajbarcode.com/wp-content/themes/vaximo/assets/css/style.min919d.css]
[rajbarcode.com/wp-content/themes/vaximo/assets/css/responsive.min919d.css]
[rajbarcode.com/wp-content/uploads/elementor/css/post-598034b1.css]
[rajbarcode.com/wp-content/themes/vaximo/assets/js/popper.min919d.js]
[rajbarcode.com/wp-content/themes/vaximo/assets/js/bootstrap.bundle.min919d.js]
[rajbarcode.com/wp-content/themes/vaximo/assets/js/jquery.meanmenu919d.js]
[rajbarcode.com/wp-content/themes/vaximo/assets/js/wow.min919d.js]
[rajbarcode.com/wp-content/themes/vaximo/assets/js/owl.carousel.min919d.js]
[rajbarcode.com/wp-content/themes/vaximo/assets/js/jquery.magnific-popup.min919d.js]
[rajbarcode.com/wp-content/themes/vaximo/assets/js/jquery.nice-select.min919d.js]
[rajbarcode.com/wp-content/themes/vaximo/assets/js/parallax.min919d.js]
[rajbarcode.com/wp-content/themes/vaximo/assets/js/jquery.appear.min919d.js]
[rajbarcode.com/wp-content/themes/vaximo/assets/js/ofi.min919d.js]
[rajbarcode.com/wp-content/themes/vaximo/assets/js/carousel-thumbs.min919d.js]
[rajbarcode.com/wp-content/themes/vaximo/assets/js/main.min919d.js]
[rajbarcode.com/wp-json/wp/v2/pages/5980.json]
[rajbarcode.com/wp-content/uploads/2023/10/1-2.png]
[rajbarcode.com/wp-content/uploads/2024/02/zt211in-spec-sheet-en-us.pdf]
[rajbarcode.com/wp-content/uploads/2024/01/ZT231ZT231-RFID.pdf]
[rajbarcode.com/wp-content/uploads/2023/10/3.png]
[rajbarcode.com/wp-content/uploads/2024/01/ML240PML340P.pdf]
[rajbarcode.com/wp-content/uploads/2024/02/MB240T_MB340T.png]
[rajbarcode.com/wp-content/uploads/2024/01/MB240T-MB340T.pdf]
[rajbarcode.com/wp-content/uploads/2023/10/5.png]
[rajbarcode.com/wp-content/uploads/2024/01/T4000-4.pdf]
[rajbarcode.com/wp-content/uploads/2023/10/6.png]
[rajbarcode.com/wp-content/uploads/2024/01/CLS700.pdf]
[rajbarcode.com/wp-content/uploads/2024/01/ZT111.pdf]
[rajbarcode.com/wp-content/uploads/2023/09/tx200-tx300-tx600.jpg]
[rajbarcode.com/printing-technology/label-printers/mid-range-industrial-printers/index.html]
[rajbarcode.com/wp-content/themes/vaximo/assets/js/odometer.min919d.js]
[rajbarcode.com/wp-json/oembed/1.0/embed59e2.json]
[rajbarcode.com/wp-json/oembed/1.0/embedd644]
[rajbarcode.com/wp-content/uploads/elementor/css/post-59918316.css]
[rajbarcode.com/wp-json/wp/v2/pages/5991.json]
[rajbarcode.com/wp-content/uploads/2024/01/ZT411.pdf]
[rajbarcode.com/wp-content/uploads/2024/01/ZT421.pdf]
[rajbarcode.com/wp-content/uploads/2024/01/MH241TMH341TMH641T.pdf]
[rajbarcode.com/wp-content/uploads/2023/10/i_4.png]
[rajbarcode.com/wp-content/uploads/2024/01/MH261TMH361T.pdf]
[rajbarcode.com/wp-content/uploads/2023/10/i_5.png]
[rajbarcode.com/wp-content/uploads/2024/01/286MT384MT.pdf]
[rajbarcode.com/wp-content/uploads/2024/01/T6000-4-6.pdf]
[rajbarcode.com/wp-content/uploads/2023/10/i_8.png]
[rajbarcode.com/wp-content/uploads/2024/01/ZT510.pdf]
[rajbarcode.com/printing-technology/label-printers/industrial-printers/index.html]
[rajbarcode.com/wp-json/oembed/1.0/embed64a4.json]
[rajbarcode.com/wp-json/oembed/1.0/embed8871]
[rajbarcode.com/wp-content/themes/vaximo/assets/css/bootstrap.minc93f.css]
[rajbarcode.com/wp-content/themes/vaximo/assets/css/owl.theme.default.minc93f.css]
[rajbarcode.com/wp-content/themes/vaximo/assets/css/owl.carousel.minc93f.css]
[rajbarcode.com/wp-content/themes/vaximo/assets/css/magnific-popup.minc93f.css]
[rajbarcode.com/wp-content/themes/vaximo/assets/css/animate.minc93f.css]
[rajbarcode.com/wp-content/themes/vaximo/assets/css/boxicons.minc93f.css]
[rajbarcode.com/wp-content/themes/vaximo/assets/css/flaticonc93f.css]
[rajbarcode.com/wp-content/themes/vaximo/assets/css/meanmenuc93f.css]
[rajbarcode.com/wp-content/themes/vaximo/assets/css/nice-select.minc93f.css]
[rajbarcode.com/wp-content/themes/vaximo/assets/css/odometer.minc93f.css]
[rajbarcode.com/wp-content/themes/vaximo/assets/css/all.minc93f.css]
[rajbarcode.com/wp-content/themes/vaximo/assets/css/style.minc93f.css]
[rajbarcode.com/wp-content/themes/vaximo/assets/css/responsive.minc93f.css]
[rajbarcode.com/wp-content/uploads/elementor/css/post-59937010.css]
[rajbarcode.com/wp-content/themes/vaximo/assets/js/popper.minc93f.js]
[rajbarcode.com/wp-content/themes/vaximo/assets/js/bootstrap.bundle.minc93f.js]
[rajbarcode.com/wp-content/themes/vaximo/assets/js/jquery.meanmenuc93f.js]
[rajbarcode.com/wp-content/themes/vaximo/assets/js/wow.minc93f.js]
[rajbarcode.com/wp-content/themes/vaximo/assets/js/owl.carousel.minc93f.js]
[rajbarcode.com/wp-content/themes/vaximo/assets/js/jquery.magnific-popup.minc93f.js]
[rajbarcode.com/wp-content/themes/vaximo/assets/js/jquery.nice-select.minc93f.js]
[rajbarcode.com/wp-content/themes/vaximo/assets/js/parallax.minc93f.js]
[rajbarcode.com/wp-content/themes/vaximo/assets/js/jquery.appear.minc93f.js]
[rajbarcode.com/wp-content/themes/vaximo/assets/js/ofi.minc93f.js]
[rajbarcode.com/wp-content/themes/vaximo/assets/js/carousel-thumbs.minc93f.js]
[rajbarcode.com/wp-content/themes/vaximo/assets/js/main.minc93f.js]
[rajbarcode.com/wp-json/wp/v2/pages/5993.json]
[rajbarcode.com/wp-content/uploads/2023/10/H_2.png]
[rajbarcode.com/wp-content/uploads/2024/01/ZT611.pdf]
[rajbarcode.com/wp-content/uploads/2023/10/h_5.png]
[rajbarcode.com/wp-content/uploads/2024/01/220xi4-spec-sheet.pdf]
[rajbarcode.com/wp-content/uploads/2024/01/ZT510-Copy.pdf]
[rajbarcode.com/wp-content/uploads/2023/10/h_6.png]
[rajbarcode.com/wp-content/uploads/2024/01/MX241P-MX341P-MX641P.pdf]
[rajbarcode.com/wp-content/uploads/2023/10/h_6-1.png]
[rajbarcode.com/wp-content/uploads/2024/01/T8000-4-6-8.pdf]
[rajbarcode.com/wp-content/uploads/2024/01/220XI4.pdf]
[rajbarcode.com/printing-technology/label-printers/heavy-duty-industrial-printers/index.html]
[rajbarcode.com/wp-content/themes/vaximo/assets/css/bootstrap.min873f.css]
[rajbarcode.com/wp-content/themes/vaximo/assets/css/owl.theme.default.min873f.css]
[rajbarcode.com/wp-content/themes/vaximo/assets/css/owl.carousel.min873f.css]
[rajbarcode.com/wp-content/themes/vaximo/assets/css/magnific-popup.min873f.css]
[rajbarcode.com/wp-content/themes/vaximo/assets/css/animate.min873f.css]
[rajbarcode.com/wp-content/themes/vaximo/assets/css/boxicons.min873f.css]
[rajbarcode.com/wp-content/themes/vaximo/assets/css/flaticon873f.css]
[rajbarcode.com/wp-content/themes/vaximo/assets/css/meanmenu873f.css]
[rajbarcode.com/wp-content/themes/vaximo/assets/css/nice-select.min873f.css]
[rajbarcode.com/wp-content/themes/vaximo/assets/css/odometer.min873f.css]
[rajbarcode.com/wp-content/themes/vaximo/assets/css/all.min873f.css]
[rajbarcode.com/wp-content/themes/vaximo/assets/css/style.min873f.css]
[rajbarcode.com/wp-content/themes/vaximo/assets/css/responsive.min873f.css]
[rajbarcode.com/wp-content/uploads/elementor/css/post-5996964d.css]
[rajbarcode.com/wp-content/uploads/elementor/css/post-11858551a.css]
[rajbarcode.com/wp-content/themes/vaximo/assets/js/odometer.minc93f.js]
[rajbarcode.com/wp-content/themes/vaximo/assets/css/bootstrap.mina197.css]
[rajbarcode.com/wp-content/uploads/2024/01/ZQ100.pdf]
[rajbarcode.com/wp-content/themes/vaximo/assets/css/owl.theme.default.mina197.css]
[rajbarcode.com/wp-content/themes/vaximo/assets/css/owl.carousel.mina197.css]
[rajbarcode.com/wp-content/themes/vaximo/assets/css/magnific-popup.mina197.css]
[rajbarcode.com/wp-content/themes/vaximo/assets/css/animate.mina197.css]
[rajbarcode.com/wp-content/themes/vaximo/assets/css/boxicons.mina197.css]
[rajbarcode.com/wp-content/themes/vaximo/assets/css/flaticona197.css]
[rajbarcode.com/wp-content/themes/vaximo/assets/css/meanmenua197.css]
[rajbarcode.com/wp-content/themes/vaximo/assets/css/nice-select.mina197.css]
[rajbarcode.com/wp-content/themes/vaximo/assets/css/odometer.mina197.css]
[rajbarcode.com/wp-content/themes/vaximo/assets/css/all.mina197.css]
[rajbarcode.com/wp-content/themes/vaximo/assets/css/style.mina197.css]
[rajbarcode.com/wp-content/themes/vaximo/assets/css/responsive.mina197.css]
[rajbarcode.com/wp-content/uploads/elementor/css/post-59995e71.css]
[rajbarcode.com/wp-content/themes/vaximo/assets/css/bootstrap.min0808.css]
[rajbarcode.com/wp-content/themes/vaximo/assets/css/owl.theme.default.min0808.css]
[rajbarcode.com/wp-content/themes/vaximo/assets/css/owl.carousel.min0808.css]
[rajbarcode.com/wp-content/themes/vaximo/assets/css/magnific-popup.min0808.css]
[rajbarcode.com/wp-content/themes/vaximo/assets/css/animate.min0808.css]
[rajbarcode.com/wp-content/themes/vaximo/assets/css/boxicons.min0808.css]
[rajbarcode.com/wp-content/themes/vaximo/assets/css/flaticon0808.css]
[rajbarcode.com/wp-content/themes/vaximo/assets/css/meanmenu0808.css]
[rajbarcode.com/wp-content/themes/vaximo/assets/css/nice-select.min0808.css]
[rajbarcode.com/wp-content/themes/vaximo/assets/css/odometer.min0808.css]
[rajbarcode.com/wp-content/uploads/2024/01/ZQ200-570x372.png]
[rajbarcode.com/wp-content/themes/vaximo/assets/css/all.min0808.css]
[rajbarcode.com/wp-content/themes/vaximo/assets/css/style.min0808.css]
[rajbarcode.com/wp-content/themes/vaximo/assets/css/responsive.min0808.css]
[rajbarcode.com/wp-content/plugins/elementor/assets/css/conditionals/shapes.min2801.css]
[rajbarcode.com/wp-content/uploads/2024/01/7461-scaled.jpg]
[rajbarcode.com/wp-content/uploads/elementor/css/post-11939b48f.css]
[rajbarcode.com/wp-content/themes/vaximo/assets/css/bootstrap.min180d.css]
[rajbarcode.com/wp-content/themes/vaximo/assets/css/owl.theme.default.min180d.css]
[rajbarcode.com/wp-content/themes/vaximo/assets/css/owl.carousel.min180d.css]
[rajbarcode.com/wp-content/themes/vaximo/assets/css/magnific-popup.min180d.css]
[rajbarcode.com/wp-content/themes/vaximo/assets/css/animate.min180d.css]
[rajbarcode.com/wp-content/themes/vaximo/assets/css/boxicons.min180d.css]
[rajbarcode.com/wp-content/themes/vaximo/assets/css/flaticon180d.css]
[rajbarcode.com/wp-content/themes/vaximo/assets/css/meanmenu180d.css]
[rajbarcode.com/wp-content/themes/vaximo/assets/css/nice-select.min180d.css]
[rajbarcode.com/wp-content/themes/vaximo/assets/css/odometer.min180d.css]
[rajbarcode.com/wp-content/themes/vaximo/assets/css/all.min180d.css]
[rajbarcode.com/wp-content/themes/vaximo/assets/css/style.min180d.css]
[rajbarcode.com/wp-content/themes/vaximo/assets/css/responsive.min180d.css]
[rajbarcode.com/wp-content/uploads/elementor/css/post-6916361e.css]
[rajbarcode.com/wp-content/uploads/elementor/css/post-1112323ac.css]
[rajbarcode.com/wp-content/uploads/2024/01/ET51-ANDROID-TABLETS.png]
[rajbarcode.com/scanning-and-mobility-technology/wearable/index.html]
[rajbarcode.com/wp-content/themes/vaximo/assets/css/bootstrap.min6129.css]
[rajbarcode.com/wp-content/themes/vaximo/assets/css/owl.theme.default.min6129.css]
[rajbarcode.com/wp-content/themes/vaximo/assets/css/owl.carousel.min6129.css]
[rajbarcode.com/wp-content/themes/vaximo/assets/css/magnific-popup.min6129.css]
[rajbarcode.com/wp-content/themes/vaximo/assets/css/animate.min6129.css]
[rajbarcode.com/wp-content/themes/vaximo/assets/css/boxicons.min6129.css]
[rajbarcode.com/wp-content/themes/vaximo/assets/css/flaticon6129.css]
[rajbarcode.com/wp-content/themes/vaximo/assets/css/meanmenu6129.css]
[rajbarcode.com/wp-content/themes/vaximo/assets/css/nice-select.min6129.css]
[rajbarcode.com/wp-content/themes/vaximo/assets/css/odometer.min6129.css]
[rajbarcode.com/wp-content/themes/vaximo/assets/css/all.min6129.css]
[rajbarcode.com/wp-content/themes/vaximo/assets/css/style.min6129.css]
[rajbarcode.com/wp-content/themes/vaximo/assets/css/responsive.min6129.css]
[rajbarcode.com/wp-content/uploads/elementor/css/post-60048846.css]
[rajbarcode.com/wp-content/themes/vaximo/assets/css/bootstrap.minac7c.css]
[rajbarcode.com/wp-content/themes/vaximo/assets/css/owl.theme.default.minac7c.css]
[rajbarcode.com/wp-content/themes/vaximo/assets/css/owl.carousel.minac7c.css]
[rajbarcode.com/wp-content/themes/vaximo/assets/css/magnific-popup.minac7c.css]
[rajbarcode.com/wp-content/themes/vaximo/assets/css/animate.minac7c.css]
[rajbarcode.com/wp-content/themes/vaximo/assets/css/boxicons.minac7c.css]
[rajbarcode.com/wp-content/themes/vaximo/assets/css/flaticonac7c.css]
[rajbarcode.com/wp-content/themes/vaximo/assets/css/meanmenuac7c.css]
[rajbarcode.com/wp-content/themes/vaximo/assets/css/nice-select.minac7c.css]
[rajbarcode.com/wp-content/themes/vaximo/assets/css/odometer.minac7c.css]
[rajbarcode.com/wp-content/themes/vaximo/assets/css/all.minac7c.css]
[rajbarcode.com/wp-content/themes/vaximo/assets/css/style.minac7c.css]
[rajbarcode.com/wp-content/themes/vaximo/assets/css/responsive.minac7c.css]
[rajbarcode.com/wp-content/uploads/elementor/css/post-11004f2eb.css]
[rajbarcode.com/wp-content/themes/vaximo/assets/css/bootstrap.mind7b0.css]
[rajbarcode.com/wp-content/themes/vaximo/assets/css/owl.theme.default.mind7b0.css]
[rajbarcode.com/wp-content/themes/vaximo/assets/css/owl.carousel.mind7b0.css]
[rajbarcode.com/wp-content/themes/vaximo/assets/css/magnific-popup.mind7b0.css]
[rajbarcode.com/wp-content/themes/vaximo/assets/css/animate.mind7b0.css]
[rajbarcode.com/wp-content/themes/vaximo/assets/css/boxicons.mind7b0.css]
[rajbarcode.com/wp-content/themes/vaximo/assets/css/flaticond7b0.css]
[rajbarcode.com/wp-content/themes/vaximo/assets/css/meanmenud7b0.css]
[rajbarcode.com/wp-content/themes/vaximo/assets/css/nice-select.mind7b0.css]
[rajbarcode.com/wp-content/themes/vaximo/assets/css/odometer.mind7b0.css]
[rajbarcode.com/wp-content/themes/vaximo/assets/css/all.mind7b0.css]
[rajbarcode.com/wp-content/themes/vaximo/assets/css/style.mind7b0.css]
[rajbarcode.com/wp-content/themes/vaximo/assets/css/responsive.mind7b0.css]
[rajbarcode.com/wp-content/uploads/elementor/css/post-11104190e.css]
[rajbarcode.com/wp-content/uploads/elementor/css/post-74635273.css]
[rajbarcode.com/wp-content/themes/vaximo/assets/js/wow.minac7c.js]
[rajbarcode.com/wp-content/themes/vaximo/assets/css/bootstrap.min594d.css]
[rajbarcode.com/wp-content/themes/vaximo/assets/css/owl.theme.default.min594d.css]
[rajbarcode.com/wp-content/themes/vaximo/assets/css/owl.carousel.min594d.css]
[rajbarcode.com/wp-content/themes/vaximo/assets/css/magnific-popup.min594d.css]
[rajbarcode.com/wp-content/themes/vaximo/assets/css/animate.min594d.css]
[rajbarcode.com/wp-content/themes/vaximo/assets/css/boxicons.min594d.css]
[rajbarcode.com/wp-content/themes/vaximo/assets/css/flaticon594d.css]
[rajbarcode.com/wp-content/themes/vaximo/assets/css/meanmenu594d.css]
[rajbarcode.com/wp-content/themes/vaximo/assets/css/nice-select.min594d.css]
[rajbarcode.com/wp-content/themes/vaximo/assets/css/odometer.min594d.css]
[rajbarcode.com/wp-content/themes/vaximo/assets/css/all.min594d.css]
[rajbarcode.com/wp-content/themes/vaximo/assets/css/style.min594d.css]
[rajbarcode.com/wp-content/themes/vaximo/assets/css/responsive.min594d.css]
[rajbarcode.com/wp-content/uploads/elementor/css/post-11109e8ce.css]
[rajbarcode.com/wp-content/themes/vaximo/assets/css/bootstrap.min1b45.css]
[rajbarcode.com/wp-content/themes/vaximo/assets/css/owl.theme.default.min1b45.css]
[rajbarcode.com/wp-content/themes/vaximo/assets/css/owl.carousel.min1b45.css]
[rajbarcode.com/wp-content/themes/vaximo/assets/css/magnific-popup.min1b45.css]
[rajbarcode.com/wp-content/themes/vaximo/assets/css/animate.min1b45.css]
[rajbarcode.com/wp-content/themes/vaximo/assets/css/boxicons.min1b45.css]
[rajbarcode.com/wp-content/themes/vaximo/assets/css/flaticon1b45.css]
[rajbarcode.com/wp-content/themes/vaximo/assets/css/meanmenu1b45.css]
[rajbarcode.com/wp-content/themes/vaximo/assets/css/nice-select.min1b45.css]
[rajbarcode.com/wp-content/themes/vaximo/assets/css/odometer.min1b45.css]
[rajbarcode.com/wp-content/themes/vaximo/assets/css/all.min1b45.css]
[rajbarcode.com/wp-content/uploads/2024/01/CC6000-CUSTOMER-CONCIERGE.pdf]
[rajbarcode.com/wp-content/themes/vaximo/assets/css/style.min1b45.css]
[rajbarcode.com/wp-content/themes/vaximo/assets/css/responsive.min1b45.css]
[rajbarcode.com/wp-content/uploads/elementor/css/post-658614ea.css]
[rajbarcode.com/wp-content/themes/vaximo/assets/css/bootstrap.min8c09.css]
[rajbarcode.com/wp-content/themes/vaximo/assets/css/owl.theme.default.min8c09.css]
[rajbarcode.com/wp-content/themes/vaximo/assets/css/owl.carousel.min8c09.css]
[rajbarcode.com/wp-content/themes/vaximo/assets/css/magnific-popup.min8c09.css]
[rajbarcode.com/wp-content/themes/vaximo/assets/css/animate.min8c09.css]
[rajbarcode.com/wp-content/themes/vaximo/assets/css/boxicons.min8c09.css]
[rajbarcode.com/wp-content/themes/vaximo/assets/css/flaticon8c09.css]
[rajbarcode.com/wp-content/themes/vaximo/assets/css/meanmenu8c09.css]
[rajbarcode.com/wp-content/themes/vaximo/assets/css/nice-select.min8c09.css]
[rajbarcode.com/wp-content/themes/vaximo/assets/css/odometer.min8c09.css]
[rajbarcode.com/wp-content/themes/vaximo/assets/css/all.min8c09.css]
[rajbarcode.com/wp-content/themes/vaximo/assets/css/style.min8c09.css]
[rajbarcode.com/wp-content/themes/vaximo/assets/css/responsive.min8c09.css]
[rajbarcode.com/wp-content/uploads/elementor/css/post-7196380d.css]
[rajbarcode.com/wp-content/uploads/elementor/css/post-7014c2c3.css]
[rajbarcode.com/wp-content/themes/vaximo/assets/css/bootstrap.min994c.css]
[rajbarcode.com/wp-content/themes/vaximo/assets/css/owl.theme.default.min994c.css]
[rajbarcode.com/wp-content/themes/vaximo/assets/css/owl.carousel.min994c.css]
[rajbarcode.com/wp-content/themes/vaximo/assets/css/magnific-popup.min994c.css]
[rajbarcode.com/wp-content/themes/vaximo/assets/css/animate.min994c.css]
[rajbarcode.com/wp-content/themes/vaximo/assets/css/boxicons.min994c.css]
[rajbarcode.com/wp-content/themes/vaximo/assets/css/flaticon994c.css]
[rajbarcode.com/wp-content/themes/vaximo/assets/css/meanmenu994c.css]
[rajbarcode.com/wp-content/themes/vaximo/assets/css/nice-select.min994c.css]
[rajbarcode.com/wp-content/themes/vaximo/assets/css/odometer.min994c.css]
[rajbarcode.com/wp-content/themes/vaximo/assets/css/all.min994c.css]
[rajbarcode.com/wp-content/themes/vaximo/assets/css/style.min994c.css]
[rajbarcode.com/wp-content/themes/vaximo/assets/css/responsive.min994c.css]
[rajbarcode.com/wp-content/uploads/elementor/css/post-8353a900.css]
[rajbarcode.com/wp-content/themes/vaximo/assets/css/bootstrap.min338d.css]
[rajbarcode.com/wp-content/themes/vaximo/assets/css/owl.theme.default.min338d.css]
[rajbarcode.com/wp-content/themes/vaximo/assets/css/owl.carousel.min338d.css]
[rajbarcode.com/wp-content/themes/vaximo/assets/css/magnific-popup.min338d.css]
[rajbarcode.com/wp-content/themes/vaximo/assets/css/animate.min338d.css]
[rajbarcode.com/wp-content/themes/vaximo/assets/css/boxicons.min338d.css]
[rajbarcode.com/wp-content/themes/vaximo/assets/css/flaticon338d.css]
[rajbarcode.com/wp-content/themes/vaximo/assets/css/meanmenu338d.css]
[rajbarcode.com/wp-content/themes/vaximo/assets/css/nice-select.min338d.css]
[rajbarcode.com/wp-content/themes/vaximo/assets/css/odometer.min338d.css]
[rajbarcode.com/wp-content/themes/vaximo/assets/css/all.min338d.css]
[rajbarcode.com/wp-content/themes/vaximo/assets/css/style.min338d.css]
[rajbarcode.com/wp-content/themes/vaximo/assets/css/responsive.min338d.css]
[rajbarcode.com/wp-content/uploads/2023/11/7.png]
[rajbarcode.com/wp-json/oembed/1.0/embed1ab5]
[rajbarcode.com/wp-content/uploads/elementor/css/post-1111460b1.css]
[rajbarcode.com/wp-content/themes/vaximo/assets/css/bootstrap.min19b8.css]
[rajbarcode.com/wp-content/themes/vaximo/assets/css/owl.theme.default.min19b8.css]
[rajbarcode.com/wp-content/themes/vaximo/assets/css/owl.carousel.min19b8.css]
[rajbarcode.com/wp-content/themes/vaximo/assets/css/magnific-popup.min19b8.css]
[rajbarcode.com/wp-content/themes/vaximo/assets/css/animate.min19b8.css]
[rajbarcode.com/wp-content/themes/vaximo/assets/css/boxicons.min19b8.css]
[rajbarcode.com/wp-content/themes/vaximo/assets/css/flaticon19b8.css]
[rajbarcode.com/wp-content/themes/vaximo/assets/css/meanmenu19b8.css]
[rajbarcode.com/wp-content/themes/vaximo/assets/css/nice-select.min19b8.css]
[rajbarcode.com/wp-content/themes/vaximo/assets/css/odometer.min19b8.css]
[rajbarcode.com/wp-content/themes/vaximo/assets/css/all.min19b8.css]
[rajbarcode.com/wp-content/themes/vaximo/assets/css/style.min19b8.css]
[rajbarcode.com/wp-content/themes/vaximo/assets/css/responsive.min19b8.css]
[rajbarcode.com/wp-content/uploads/elementor/css/post-118091331.css]
[rajbarcode.com/wp-content/themes/vaximo/assets/css/bootstrap.min2c4b.css]
[rajbarcode.com/wp-content/themes/vaximo/assets/css/owl.theme.default.min2c4b.css]
[rajbarcode.com/wp-content/themes/vaximo/assets/css/owl.carousel.min2c4b.css]
[rajbarcode.com/wp-content/themes/vaximo/assets/css/magnific-popup.min2c4b.css]
[rajbarcode.com/wp-content/themes/vaximo/assets/css/animate.min2c4b.css]
[rajbarcode.com/wp-content/themes/vaximo/assets/css/boxicons.min2c4b.css]
[rajbarcode.com/wp-content/themes/vaximo/assets/css/flaticon2c4b.css]
[rajbarcode.com/wp-content/themes/vaximo/assets/css/meanmenu2c4b.css]
[rajbarcode.com/wp-content/themes/vaximo/assets/css/nice-select.min2c4b.css]
[rajbarcode.com/wp-content/themes/vaximo/assets/css/odometer.min2c4b.css]
[rajbarcode.com/wp-content/uploads/2023/12/2-1-e1703161600788.png]
[rajbarcode.com/wp-content/themes/vaximo/assets/css/all.min2c4b.css]
[rajbarcode.com/wp-content/themes/vaximo/assets/css/style.min2c4b.css]
[rajbarcode.com/wp-content/themes/vaximo/assets/css/responsive.min2c4b.css]
[rajbarcode.com/wp-content/uploads/elementor/css/post-116748631.css]
[rajbarcode.com/wp-content/themes/vaximo/assets/css/bootstrap.min2c0c.css]
[rajbarcode.com/wp-content/themes/vaximo/assets/css/owl.theme.default.min2c0c.css]
[rajbarcode.com/wp-content/themes/vaximo/assets/css/owl.carousel.min2c0c.css]
[rajbarcode.com/wp-content/themes/vaximo/assets/css/magnific-popup.min2c0c.css]
[rajbarcode.com/wp-content/themes/vaximo/assets/css/animate.min2c0c.css]
[rajbarcode.com/wp-content/themes/vaximo/assets/css/boxicons.min2c0c.css]
[rajbarcode.com/wp-content/themes/vaximo/assets/css/flaticon2c0c.css]
[rajbarcode.com/wp-content/themes/vaximo/assets/css/meanmenu2c0c.css]
[rajbarcode.com/wp-content/themes/vaximo/assets/css/nice-select.min2c0c.css]
[rajbarcode.com/wp-content/themes/vaximo/assets/css/odometer.min2c0c.css]
[rajbarcode.com/wp-content/themes/vaximo/assets/css/all.min2c0c.css]
[rajbarcode.com/wp-content/themes/vaximo/assets/css/style.min2c0c.css]
[rajbarcode.com/wp-content/themes/vaximo/assets/css/responsive.min2c0c.css]
[rajbarcode.com/wp-content/uploads/elementor/css/post-730414b6.css]
[rajbarcode.com/wp-content/themes/vaximo/assets/css/bootstrap.min9771.css]
[rajbarcode.com/wp-content/themes/vaximo/assets/css/owl.theme.default.min9771.css]
[rajbarcode.com/wp-content/themes/vaximo/assets/css/owl.carousel.min9771.css]
[rajbarcode.com/wp-content/themes/vaximo/assets/css/magnific-popup.min9771.css]
[rajbarcode.com/wp-content/themes/vaximo/assets/css/animate.min9771.css]
[rajbarcode.com/wp-content/themes/vaximo/assets/css/boxicons.min9771.css]
[rajbarcode.com/wp-content/themes/vaximo/assets/css/flaticon9771.css]
[rajbarcode.com/wp-content/themes/vaximo/assets/css/meanmenu9771.css]
[rajbarcode.com/wp-content/themes/vaximo/assets/css/nice-select.min9771.css]
[rajbarcode.com/wp-content/themes/vaximo/assets/css/odometer.min9771.css]
[rajbarcode.com/wp-content/themes/vaximo/assets/css/all.min9771.css]
[rajbarcode.com/wp-content/themes/vaximo/assets/css/style.min9771.css]
[rajbarcode.com/wp-content/themes/vaximo/assets/js/odometer.min19b8.js]
[rajbarcode.com/wp-content/themes/vaximo/assets/css/responsive.min9771.css]
[rajbarcode.com/wp-content/uploads/elementor/css/post-7810ce39.css]
[rajbarcode.com/wp-content/themes/vaximo/assets/css/bootstrap.mincf0e.css]
[rajbarcode.com/wp-content/themes/vaximo/assets/css/owl.theme.default.mincf0e.css]
[rajbarcode.com/wp-content/themes/vaximo/assets/css/owl.carousel.mincf0e.css]
[rajbarcode.com/wp-content/themes/vaximo/assets/css/magnific-popup.mincf0e.css]
[rajbarcode.com/wp-content/themes/vaximo/assets/css/animate.mincf0e.css]
[rajbarcode.com/wp-content/themes/vaximo/assets/css/boxicons.mincf0e.css]
[rajbarcode.com/wp-content/themes/vaximo/assets/css/flaticoncf0e.css]
[rajbarcode.com/wp-content/themes/vaximo/assets/css/meanmenucf0e.css]
[rajbarcode.com/wp-content/themes/vaximo/assets/css/nice-select.mincf0e.css]
[rajbarcode.com/wp-content/themes/vaximo/assets/css/odometer.mincf0e.css]
[rajbarcode.com/wp-content/themes/vaximo/assets/css/all.mincf0e.css]
[rajbarcode.com/wp-content/themes/vaximo/assets/css/style.mincf0e.css]
[rajbarcode.com/wp-content/themes/vaximo/assets/css/responsive.mincf0e.css]
[rajbarcode.com/wp-content/uploads/elementor/css/post-111501f38.css]
[rajbarcode.com/wp-content/themes/vaximo/assets/css/bootstrap.mindc3b.css]
[rajbarcode.com/wp-content/themes/vaximo/assets/css/owl.theme.default.mindc3b.css]
[rajbarcode.com/wp-content/themes/vaximo/assets/css/owl.carousel.mindc3b.css]
[rajbarcode.com/wp-content/themes/vaximo/assets/css/magnific-popup.mindc3b.css]
[rajbarcode.com/wp-content/themes/vaximo/assets/css/animate.mindc3b.css]
[rajbarcode.com/wp-content/themes/vaximo/assets/css/boxicons.mindc3b.css]
[rajbarcode.com/wp-content/themes/vaximo/assets/css/flaticondc3b.css]
[rajbarcode.com/wp-content/themes/vaximo/assets/css/meanmenudc3b.css]
[rajbarcode.com/wp-content/themes/vaximo/assets/css/nice-select.mindc3b.css]
[rajbarcode.com/wp-content/themes/vaximo/assets/css/odometer.mindc3b.css]
[rajbarcode.com/wp-content/themes/vaximo/assets/css/all.mindc3b.css]
[rajbarcode.com/wp-content/themes/vaximo/assets/css/style.mindc3b.css]
[rajbarcode.com/wp-content/themes/vaximo/assets/css/responsive.mindc3b.css]
[rajbarcode.com/wp-content/uploads/2024/02/DATAMAN-80-SERIES-FIXED-MOUNT-BARCODE-READERS.pdf]
[rajbarcode.com/wp-content/uploads/2023/11/erp-f2.png]
[rajbarcode.com/wp-content/uploads/2023/11/lms-intro.png]
[rajbarcode.com/wp-content/uploads/2023/11/i4.0-intro.png]
[rajbarcode.com/wp-content/uploads/2023/11/elog-intro.png]
[rajbarcode.com/wp-content/uploads/2023/11/at-f2.png]
[rajbarcode.com/wp-content/uploads/2023/11/mv-intro.png]
[rajbarcode.com/wp-content/uploads/elementor/css/post-366586a5.css]
[rajbarcode.com/wp-content/themes/vaximo/assets/css/bootstrap.mind4aa.css]
[rajbarcode.com/wp-content/themes/vaximo/assets/css/owl.theme.default.mind4aa.css]
[rajbarcode.com/wp-content/themes/vaximo/assets/css/owl.carousel.mind4aa.css]
[rajbarcode.com/wp-content/themes/vaximo/assets/css/magnific-popup.mind4aa.css]
[rajbarcode.com/wp-content/themes/vaximo/assets/css/animate.mind4aa.css]
[rajbarcode.com/wp-content/themes/vaximo/assets/css/boxicons.mind4aa.css]
[rajbarcode.com/wp-content/themes/vaximo/assets/css/flaticond4aa.css]
[rajbarcode.com/wp-content/themes/vaximo/assets/css/meanmenud4aa.css]
[rajbarcode.com/wp-content/themes/vaximo/assets/css/nice-select.mind4aa.css]
[rajbarcode.com/wp-content/themes/vaximo/assets/css/odometer.mind4aa.css]
[rajbarcode.com/wp-content/themes/vaximo/assets/css/all.mind4aa.css]
[rajbarcode.com/wp-content/themes/vaximo/assets/css/style.mind4aa.css]
[rajbarcode.com/wp-content/themes/vaximo/assets/css/responsive.mind4aa.css]
[rajbarcode.com/wp-content/themes/vaximo/assets/js/wow.mindc3b.js]
[rajbarcode.com/wp-content/themes/vaximo/assets/js/jquery.magnific-popup.mindc3b.js]
[rajbarcode.com/wp-content/uploads/2024/09/photography-web-cat-hero-mobile-computers-16x9-3600.jpg.imgw_.3600.3600-min-scaled.jpg]
[rajbarcode.com/wp-json/oembed/1.0/embedba70.json]
[rajbarcode.com/wp-json/oembed/1.0/embed5c78]
[rajbarcode.com/wp-content/themes/vaximo/assets/css/bootstrap.min8909.css]
[rajbarcode.com/wp-content/themes/vaximo/assets/css/owl.theme.default.min8909.css]
[rajbarcode.com/wp-content/themes/vaximo/assets/css/owl.carousel.min8909.css]
[rajbarcode.com/wp-content/themes/vaximo/assets/css/magnific-popup.min8909.css]
[rajbarcode.com/wp-content/themes/vaximo/assets/css/animate.min8909.css]
[rajbarcode.com/wp-content/themes/vaximo/assets/css/boxicons.min8909.css]
[rajbarcode.com/wp-content/themes/vaximo/assets/css/flaticon8909.css]
[rajbarcode.com/wp-content/themes/vaximo/assets/css/meanmenu8909.css]
[rajbarcode.com/wp-content/themes/vaximo/assets/css/nice-select.min8909.css]
[rajbarcode.com/wp-content/themes/vaximo/assets/css/odometer.min8909.css]
[rajbarcode.com/wp-content/themes/vaximo/assets/css/all.min8909.css]
[rajbarcode.com/wp-content/themes/vaximo/assets/css/responsive.min8909.css]
[rajbarcode.com/wp-content/themes/vaximo/assets/css/style.min8909.css]
[rajbarcode.com/wp-content/themes/vaximo/assets/js/popper.min8909.js]
[rajbarcode.com/wp-content/themes/vaximo/assets/js/bootstrap.bundle.min8909.js]
[rajbarcode.com/wp-content/themes/vaximo/assets/js/jquery.meanmenu8909.js]
[rajbarcode.com/wp-content/themes/vaximo/assets/js/wow.min8909.js]
[rajbarcode.com/wp-content/themes/vaximo/assets/js/owl.carousel.min8909.js]
[rajbarcode.com/wp-content/themes/vaximo/assets/js/jquery.magnific-popup.min8909.js]
[rajbarcode.com/wp-content/themes/vaximo/assets/js/jquery.nice-select.min8909.js]
[rajbarcode.com/wp-content/themes/vaximo/assets/js/parallax.min8909.js]
[rajbarcode.com/wp-content/themes/vaximo/assets/js/jquery.appear.min8909.js]
[rajbarcode.com/wp-content/themes/vaximo/assets/js/ofi.min8909.js]
[rajbarcode.com/wp-content/themes/vaximo/assets/js/carousel-thumbs.min8909.js]
[rajbarcode.com/wp-content/themes/vaximo/assets/js/main.min8909.js]
[rajbarcode.com/wp-json/wp/v2/pages/16774.json]
[rajbarcode.com/wp-content/uploads/2025/03/andon-banner-cut-new.png]
[rajbarcode.com/wp-content/uploads/2025/03/Andon-Push-scaled.jpg]
[rajbarcode.com/wp-content/uploads/2025/03/disparity-1.png]
[rajbarcode.com/wp-content/uploads/2025/03/demand-1.png]
[rajbarcode.com/wp-content/uploads/2025/02/andon-comprehensive-overview.jpg]
[rajbarcode.com/wp-content/uploads/2025/02/andon-enhance-coordination.jpg]
[rajbarcode.com/wp-content/uploads/2025/02/andon-boost-efficiency-scaled.jpg]
[rajbarcode.com/wp-content/uploads/2025/02/andon-enhance-accountability.jpg]
[rajbarcode.com/wp-content/uploads/2024/12/track-trace-intro-scaled.jpg]
[rajbarcode.com/wp-content/uploads/2025/02/TAKT-sub-image-3.jpg]
[rajbarcode.com/solutions/andon-takt-solution/index.html]
[rajbarcode.com/wp-content/themes/vaximo/assets/js/odometer.min8909.js]
[rajbarcode.com/wp-content/themes/vaximo/assets/css/bootstrap.min946c.css]
[rajbarcode.com/wp-content/themes/vaximo/assets/css/owl.theme.default.min946c.css]
[rajbarcode.com/wp-content/themes/vaximo/assets/css/owl.carousel.min946c.css]
[rajbarcode.com/wp-content/themes/vaximo/assets/css/magnific-popup.min946c.css]
[rajbarcode.com/wp-content/themes/vaximo/assets/css/animate.min946c.css]
[rajbarcode.com/wp-content/themes/vaximo/assets/css/boxicons.min946c.css]
[rajbarcode.com/wp-content/themes/vaximo/assets/css/flaticon946c.css]
[rajbarcode.com/wp-content/themes/vaximo/assets/css/meanmenu946c.css]
[rajbarcode.com/wp-content/themes/vaximo/assets/css/nice-select.min946c.css]
[rajbarcode.com/wp-content/themes/vaximo/assets/css/odometer.min946c.css]
[rajbarcode.com/wp-content/themes/vaximo/assets/css/all.min946c.css]
[rajbarcode.com/wp-content/themes/vaximo/assets/css/style.min946c.css]
[rajbarcode.com/wp-content/themes/vaximo/assets/css/responsive.min946c.css]
[rajbarcode.com/wp-content/themes/vaximo/assets/css/bootstrap.min5768.css]
[rajbarcode.com/wp-content/themes/vaximo/assets/css/owl.theme.default.min5768.css]
[rajbarcode.com/wp-content/themes/vaximo/assets/css/owl.carousel.min5768.css]
[rajbarcode.com/wp-content/themes/vaximo/assets/css/magnific-popup.min5768.css]
[rajbarcode.com/wp-content/themes/vaximo/assets/css/animate.min5768.css]
[rajbarcode.com/wp-content/themes/vaximo/assets/css/boxicons.min5768.css]
[rajbarcode.com/wp-content/themes/vaximo/assets/css/flaticon5768.css]
[rajbarcode.com/wp-content/themes/vaximo/assets/css/meanmenu5768.css]
[rajbarcode.com/wp-content/themes/vaximo/assets/css/nice-select.min5768.css]
[rajbarcode.com/wp-content/themes/vaximo/assets/css/odometer.min5768.css]
[rajbarcode.com/wp-content/themes/vaximo/assets/css/all.min5768.css]
[rajbarcode.com/wp-content/themes/vaximo/assets/css/style.min5768.css]
[rajbarcode.com/wp-content/themes/vaximo/assets/css/responsive.min5768.css]
[rajbarcode.com/wp-content/uploads/elementor/css/post-805714b9.css]
[rajbarcode.com/wp-content/themes/vaximo/assets/js/jquery.meanmenu946c.js]
[rajbarcode.com/wp-content/themes/vaximo/assets/js/popper.min946c.js]
[rajbarcode.com/wp-content/themes/vaximo/assets/css/bootstrap.min2f29.css]
[rajbarcode.com/wp-content/themes/vaximo/assets/css/owl.theme.default.min2f29.css]
[rajbarcode.com/wp-content/themes/vaximo/assets/css/owl.carousel.min2f29.css]
[rajbarcode.com/wp-content/themes/vaximo/assets/css/magnific-popup.min2f29.css]
[rajbarcode.com/wp-content/themes/vaximo/assets/css/animate.min2f29.css]
[rajbarcode.com/wp-content/themes/vaximo/assets/css/boxicons.min2f29.css]
[rajbarcode.com/wp-content/themes/vaximo/assets/css/flaticon2f29.css]
[rajbarcode.com/wp-content/themes/vaximo/assets/css/meanmenu2f29.css]
[rajbarcode.com/wp-content/themes/vaximo/assets/css/nice-select.min2f29.css]
[rajbarcode.com/wp-content/themes/vaximo/assets/css/odometer.min2f29.css]
[rajbarcode.com/wp-content/themes/vaximo/assets/css/all.min2f29.css]
[rajbarcode.com/wp-content/themes/vaximo/assets/js/jquery.magnific-popup.min5768.js]
[rajbarcode.com/wp-content/themes/vaximo/assets/css/style.min2f29.css]
[rajbarcode.com/wp-content/themes/vaximo/assets/css/responsive.min2f29.css]
[rajbarcode.com/wp-content/themes/vaximo/assets/css/bootstrap.min1a50.css]
[rajbarcode.com/wp-content/themes/vaximo/assets/css/owl.theme.default.min1a50.css]
[rajbarcode.com/wp-content/themes/vaximo/assets/css/owl.carousel.min1a50.css]
[rajbarcode.com/wp-content/themes/vaximo/assets/css/magnific-popup.min1a50.css]
[rajbarcode.com/wp-content/themes/vaximo/assets/css/animate.min1a50.css]
[rajbarcode.com/wp-content/themes/vaximo/assets/css/boxicons.min1a50.css]
[rajbarcode.com/wp-content/themes/vaximo/assets/css/flaticon1a50.css]
[rajbarcode.com/wp-content/themes/vaximo/assets/css/meanmenu1a50.css]
[rajbarcode.com/wp-content/themes/vaximo/assets/css/nice-select.min1a50.css]
[rajbarcode.com/wp-content/themes/vaximo/assets/css/odometer.min1a50.css]
[rajbarcode.com/wp-content/themes/vaximo/assets/css/all.min1a50.css]
[rajbarcode.com/wp-content/uploads/2024/11/logistics-delivery-cargo-freight-shipment-concept-1-scaled.jpg]
[rajbarcode.com/wp-content/uploads/2024/11/close-up-delivery-man-scaled.jpg]
[rajbarcode.com/wp-content/themes/vaximo/assets/css/style.min1a50.css]
[rajbarcode.com/wp-content/themes/vaximo/assets/css/responsive.min1a50.css]
[rajbarcode.com/wp-content/themes/vaximo/assets/css/bootstrap.mind945.css]
[rajbarcode.com/wp-content/themes/vaximo/assets/css/owl.theme.default.mind945.css]
[rajbarcode.com/wp-content/themes/vaximo/assets/css/owl.carousel.mind945.css]
[rajbarcode.com/wp-content/themes/vaximo/assets/css/magnific-popup.mind945.css]
[rajbarcode.com/wp-content/themes/vaximo/assets/css/animate.mind945.css]
[rajbarcode.com/wp-content/themes/vaximo/assets/css/boxicons.mind945.css]
[rajbarcode.com/wp-content/themes/vaximo/assets/css/flaticond945.css]
[rajbarcode.com/wp-content/themes/vaximo/assets/css/meanmenud945.css]
[rajbarcode.com/wp-content/themes/vaximo/assets/css/nice-select.mind945.css]
[rajbarcode.com/wp-content/themes/vaximo/assets/css/odometer.mind945.css]
[rajbarcode.com/wp-content/themes/vaximo/assets/css/all.mind945.css]
[rajbarcode.com/wp-content/themes/vaximo/assets/css/style.mind945.css]
[rajbarcode.com/wp-content/themes/vaximo/assets/css/responsive.mind945.css]
[rajbarcode.com/wp-content/themes/vaximo/assets/css/bootstrap.minf8e7.css]
[rajbarcode.com/wp-content/themes/vaximo/assets/css/owl.theme.default.minf8e7.css]
[rajbarcode.com/wp-content/themes/vaximo/assets/css/owl.carousel.minf8e7.css]
[rajbarcode.com/wp-content/themes/vaximo/assets/css/magnific-popup.minf8e7.css]
[rajbarcode.com/wp-content/themes/vaximo/assets/css/animate.minf8e7.css]
[rajbarcode.com/wp-content/themes/vaximo/assets/css/boxicons.minf8e7.css]
[rajbarcode.com/wp-content/themes/vaximo/assets/css/flaticonf8e7.css]
[rajbarcode.com/wp-content/themes/vaximo/assets/css/meanmenuf8e7.css]
[rajbarcode.com/wp-content/themes/vaximo/assets/css/nice-select.minf8e7.css]
[rajbarcode.com/wp-content/themes/vaximo/assets/css/odometer.minf8e7.css]
[rajbarcode.com/wp-content/themes/vaximo/assets/css/all.minf8e7.css]
[rajbarcode.com/wp-content/themes/vaximo/assets/css/style.minf8e7.css]
[rajbarcode.com/wp-content/themes/vaximo/assets/css/responsive.minf8e7.css]
[rajbarcode.com/wp-content/uploads/2023/09/Barcode-Scanning-in-the-Warehouse-scaled-1-e1700735266775.jpg]
[rajbarcode.com/wp-content/uploads/2024/11/asset-4.jpg]
[rajbarcode.com/wp-content/uploads/2023/08/gestao-de-estoque-1.jpg]
[rajbarcode.com/wp-content/uploads/elementor/css/post-9012d3cd.css]
[rajbarcode.com/wp-content/themes/vaximo/assets/css/bootstrap.min852d.css]
[rajbarcode.com/wp-content/themes/vaximo/assets/css/owl.theme.default.min852d.css]
[rajbarcode.com/wp-content/themes/vaximo/assets/css/owl.carousel.min852d.css]
[rajbarcode.com/wp-content/themes/vaximo/assets/css/magnific-popup.min852d.css]
[rajbarcode.com/wp-content/themes/vaximo/assets/css/animate.min852d.css]
[rajbarcode.com/wp-content/themes/vaximo/assets/css/boxicons.min852d.css]
[rajbarcode.com/wp-content/themes/vaximo/assets/css/flaticon852d.css]
[rajbarcode.com/wp-content/themes/vaximo/assets/css/meanmenu852d.css]
[rajbarcode.com/wp-content/themes/vaximo/assets/css/nice-select.min852d.css]
[rajbarcode.com/wp-content/themes/vaximo/assets/css/odometer.min852d.css]
[rajbarcode.com/wp-content/themes/vaximo/assets/css/all.min852d.css]
[rajbarcode.com/wp-content/themes/vaximo/assets/css/style.min852d.css]
[rajbarcode.com/wp-content/themes/vaximo/assets/css/responsive.min852d.css]
[rajbarcode.com/wp-content/uploads/elementor/css/post-455694c7.css]
[rajbarcode.com/wp-content/uploads/elementor/css/post-457614f2.css]
[rajbarcode.com/wp-content/themes/vaximo/assets/css/bootstrap.min197e.css]
[rajbarcode.com/wp-content/themes/vaximo/assets/css/owl.theme.default.min197e.css]
[rajbarcode.com/wp-content/themes/vaximo/assets/css/owl.carousel.min197e.css]
[rajbarcode.com/wp-content/themes/vaximo/assets/css/magnific-popup.min197e.css]
[rajbarcode.com/wp-content/themes/vaximo/assets/css/animate.min197e.css]
[rajbarcode.com/wp-content/themes/vaximo/assets/css/boxicons.min197e.css]
[rajbarcode.com/wp-content/themes/vaximo/assets/css/flaticon197e.css]
[rajbarcode.com/wp-content/themes/vaximo/assets/css/meanmenu197e.css]
[rajbarcode.com/wp-content/themes/vaximo/assets/css/nice-select.min197e.css]
[rajbarcode.com/wp-content/themes/vaximo/assets/css/odometer.min197e.css]
[rajbarcode.com/wp-content/themes/vaximo/assets/css/all.min197e.css]
[rajbarcode.com/wp-content/themes/vaximo/assets/css/style.min197e.css]
[rajbarcode.com/wp-content/themes/vaximo/assets/css/responsive.min197e.css]
[rajbarcode.com/wp-content/uploads/elementor/css/post-45817a2c.css]
[rajbarcode.com/wp-content/themes/vaximo/assets/css/bootstrap.min6a1b.css]
[rajbarcode.com/wp-content/themes/vaximo/assets/css/owl.theme.default.min6a1b.css]
[rajbarcode.com/wp-content/themes/vaximo/assets/css/owl.carousel.min6a1b.css]
[rajbarcode.com/wp-content/themes/vaximo/assets/css/magnific-popup.min6a1b.css]
[rajbarcode.com/wp-content/themes/vaximo/assets/css/animate.min6a1b.css]
[rajbarcode.com/wp-content/themes/vaximo/assets/css/boxicons.min6a1b.css]
[rajbarcode.com/wp-content/themes/vaximo/assets/css/flaticon6a1b.css]
[rajbarcode.com/wp-content/themes/vaximo/assets/css/meanmenu6a1b.css]
[rajbarcode.com/wp-content/themes/vaximo/assets/css/nice-select.min6a1b.css]
[rajbarcode.com/wp-content/themes/vaximo/assets/css/odometer.min6a1b.css]
[rajbarcode.com/wp-content/themes/vaximo/assets/css/all.min6a1b.css]
[rajbarcode.com/wp-content/themes/vaximo/assets/css/style.min6a1b.css]
[rajbarcode.com/wp-content/themes/vaximo/assets/css/responsive.min6a1b.css]
[rajbarcode.com/wp-content/uploads/elementor/css/post-45924b82.css]
[rajbarcode.com/wp-content/themes/vaximo/assets/css/bootstrap.min9ee7.css]
[rajbarcode.com/wp-content/themes/vaximo/assets/css/owl.theme.default.min9ee7.css]
[rajbarcode.com/wp-content/themes/vaximo/assets/css/owl.carousel.min9ee7.css]
[rajbarcode.com/wp-content/themes/vaximo/assets/css/magnific-popup.min9ee7.css]
[rajbarcode.com/wp-content/themes/vaximo/assets/css/animate.min9ee7.css]
[rajbarcode.com/wp-content/themes/vaximo/assets/css/boxicons.min9ee7.css]
[rajbarcode.com/wp-content/themes/vaximo/assets/css/flaticon9ee7.css]
[rajbarcode.com/wp-content/themes/vaximo/assets/css/meanmenu9ee7.css]
[rajbarcode.com/wp-content/themes/vaximo/assets/css/nice-select.min9ee7.css]
[rajbarcode.com/wp-content/themes/vaximo/assets/css/odometer.min9ee7.css]
[rajbarcode.com/wp-content/uploads/2023/10/close-up-man-repairing-computer-motherboard_23-2148419166.jpg]
[rajbarcode.com/wp-content/themes/vaximo/assets/css/all.min9ee7.css]
[rajbarcode.com/wp-content/themes/vaximo/assets/css/style.min9ee7.css]
[rajbarcode.com/wp-content/themes/vaximo/assets/css/responsive.min9ee7.css]
[rajbarcode.com/wp-content/plugins/elementor/assets/lib/animations/styles/e-animation-grow.min2801.css]
[rajbarcode.com/wp-content/uploads/elementor/css/post-85268b00.css]
[rajbarcode.com/wp-content/themes/vaximo/assets/css/bootstrap.min261d.css]
[rajbarcode.com/wp-content/themes/vaximo/assets/css/owl.theme.default.min261d.css]
[rajbarcode.com/wp-content/themes/vaximo/assets/css/owl.carousel.min261d.css]
[rajbarcode.com/wp-content/themes/vaximo/assets/css/magnific-popup.min261d.css]
[rajbarcode.com/wp-content/themes/vaximo/assets/css/animate.min261d.css]
[rajbarcode.com/wp-content/themes/vaximo/assets/css/boxicons.min261d.css]
[rajbarcode.com/wp-content/themes/vaximo/assets/css/flaticon261d.css]
[rajbarcode.com/wp-content/themes/vaximo/assets/css/meanmenu261d.css]
[rajbarcode.com/wp-content/themes/vaximo/assets/css/nice-select.min261d.css]
[rajbarcode.com/wp-content/themes/vaximo/assets/css/odometer.min261d.css]
[rajbarcode.com/wp-content/themes/vaximo/assets/css/all.min261d.css]
[rajbarcode.com/wp-content/themes/vaximo/assets/css/style.min261d.css]
[rajbarcode.com/wp-content/themes/vaximo/assets/css/responsive.min261d.css]
[rajbarcode.com/wp-content/uploads/elementor/css/post-85497a47.css]
[rajbarcode.com/wp-content/themes/vaximo/assets/css/bootstrap.min4592.css]
[rajbarcode.com/wp-content/themes/vaximo/assets/css/owl.theme.default.min4592.css]
[rajbarcode.com/wp-content/themes/vaximo/assets/css/owl.carousel.min4592.css]
[rajbarcode.com/wp-content/themes/vaximo/assets/css/magnific-popup.min4592.css]
[rajbarcode.com/wp-content/themes/vaximo/assets/css/animate.min4592.css]
[rajbarcode.com/wp-content/themes/vaximo/assets/css/boxicons.min4592.css]
[rajbarcode.com/wp-content/themes/vaximo/assets/css/flaticon4592.css]
[rajbarcode.com/wp-content/themes/vaximo/assets/css/meanmenu4592.css]
[rajbarcode.com/wp-content/themes/vaximo/assets/css/nice-select.min4592.css]
[rajbarcode.com/wp-content/themes/vaximo/assets/css/odometer.min4592.css]
[rajbarcode.com/wp-content/themes/vaximo/assets/css/all.min4592.css]
[rajbarcode.com/wp-content/themes/vaximo/assets/css/style.min4592.css]
[rajbarcode.com/wp-content/themes/vaximo/assets/css/responsive.min4592.css]
[rajbarcode.com/wp-content/uploads/elementor/css/post-8566b48f.css]
[rajbarcode.com/wp-content/uploads/elementor/css/post-144439077.css]
[rajbarcode.com/wp-json/oembed/1.0/embedc8ab.json]
[rajbarcode.com/wp-json/oembed/1.0/embed9eb3]
[rajbarcode.com/wp-content/themes/vaximo/assets/css/bootstrap.min662f.css]
[rajbarcode.com/wp-content/themes/vaximo/assets/css/owl.theme.default.min662f.css]
[rajbarcode.com/wp-content/themes/vaximo/assets/css/owl.carousel.min662f.css]
[rajbarcode.com/wp-content/themes/vaximo/assets/css/magnific-popup.min662f.css]
[rajbarcode.com/wp-content/themes/vaximo/assets/css/animate.min662f.css]
[rajbarcode.com/wp-content/themes/vaximo/assets/css/boxicons.min662f.css]
[rajbarcode.com/wp-content/themes/vaximo/assets/css/flaticon662f.css]
[rajbarcode.com/wp-content/themes/vaximo/assets/css/meanmenu662f.css]
[rajbarcode.com/wp-content/themes/vaximo/assets/css/nice-select.min662f.css]
[rajbarcode.com/wp-content/themes/vaximo/assets/css/odometer.min662f.css]
[rajbarcode.com/wp-content/themes/vaximo/assets/css/all.min662f.css]
[rajbarcode.com/wp-content/themes/vaximo/assets/css/style.min662f.css]
[rajbarcode.com/wp-content/themes/vaximo/assets/css/responsive.min662f.css]
[rajbarcode.com/wp-content/uploads/elementor/css/post-858349bb.css]
[rajbarcode.com/wp-content/themes/vaximo/assets/js/popper.min662f.js]
[rajbarcode.com/wp-content/themes/vaximo/assets/js/bootstrap.bundle.min662f.js]
[rajbarcode.com/wp-content/themes/vaximo/assets/js/jquery.meanmenu662f.js]
[rajbarcode.com/wp-content/themes/vaximo/assets/js/wow.min662f.js]
[rajbarcode.com/wp-content/themes/vaximo/assets/js/owl.carousel.min662f.js]
[rajbarcode.com/wp-content/themes/vaximo/assets/js/jquery.magnific-popup.min662f.js]
[rajbarcode.com/wp-content/themes/vaximo/assets/js/jquery.nice-select.min662f.js]
[rajbarcode.com/wp-content/themes/vaximo/assets/js/parallax.min662f.js]
[rajbarcode.com/wp-content/themes/vaximo/assets/js/jquery.appear.min662f.js]
[rajbarcode.com/wp-content/themes/vaximo/assets/js/ofi.min662f.js]
[rajbarcode.com/wp-content/themes/vaximo/assets/js/carousel-thumbs.min662f.js]
[rajbarcode.com/wp-content/themes/vaximo/assets/js/main.min662f.js]
[rajbarcode.com/wp-json/wp/v2/pages/8583.json]
[rajbarcode.com/wp-content/uploads/2024/02/automotives.png]
[rajbarcode.com/wp-content/uploads/elementor/thumbs/automotives-1-qk63hlpu3b9vp2jw520lg4in0ocj5km682jv3sh6ae.png]
[rajbarcode.com/wp-content/uploads/2024/02/automotives-2-1.png]
[rajbarcode.com/wp-content/uploads/elementor/thumbs/automotives-3-qk63hiwbit60q8nzlispqn898iqfihaz7olenylct2.png]
[rajbarcode.com/wp-content/uploads/elementor/thumbs/sanitaryware-5-qk63gbnqsfitw6esm03vjy51wsnjoejbpql2l8dgra.png]
[rajbarcode.com/wp-content/uploads/2024/02/sanitaryware-3.png]
[rajbarcode.com/wp-content/uploads/2024/02/iot.png]
[rajbarcode.com/automotives/index.html]
[rajbarcode.com/wp-content/themes/vaximo/assets/css/bootstrap.min2ba4.css]
[rajbarcode.com/wp-content/themes/vaximo/assets/css/owl.theme.default.min2ba4.css]
[rajbarcode.com/wp-content/themes/vaximo/assets/css/owl.carousel.min2ba4.css]
[rajbarcode.com/wp-content/themes/vaximo/assets/css/magnific-popup.min2ba4.css]
[rajbarcode.com/wp-content/themes/vaximo/assets/css/animate.min2ba4.css]
[rajbarcode.com/wp-content/themes/vaximo/assets/js/odometer.min662f.js]
[rajbarcode.com/wp-content/themes/vaximo/assets/css/boxicons.min2ba4.css]
[rajbarcode.com/wp-content/themes/vaximo/assets/css/flaticon2ba4.css]
[rajbarcode.com/wp-content/themes/vaximo/assets/css/meanmenu2ba4.css]
[rajbarcode.com/wp-content/themes/vaximo/assets/css/nice-select.min2ba4.css]
[rajbarcode.com/wp-content/themes/vaximo/assets/css/odometer.min2ba4.css]
[rajbarcode.com/wp-content/themes/vaximo/assets/css/all.min2ba4.css]
[rajbarcode.com/wp-content/themes/vaximo/assets/css/style.min2ba4.css]
[rajbarcode.com/wp-content/themes/vaximo/assets/css/responsive.min2ba4.css]
[rajbarcode.com/wp-content/uploads/elementor/css/post-856138d4.css]
[rajbarcode.com/wp-content/uploads/elementor/css/post-8579e309.css]
[rajbarcode.com/wp-content/uploads/elementor/css/post-85478bbe.css]
[rajbarcode.com/wp-content/uploads/2024/02/chemical-2-1.png]
[rajbarcode.com/wp-content/uploads/2024/02/retail-2-1.png]
[rajbarcode.com/wp-content/uploads/elementor/thumbs/retail-3-qk63l2qdca10l7iav21z5qyy0x8clbeh19bfxlbtau.png]
[rajbarcode.com/wp-content/uploads/2024/02/health-2-1.png]
[rajbarcode.com/wp-content/themes/vaximo/assets/css/bootstrap.min0f5c.css]
[rajbarcode.com/wp-content/themes/vaximo/assets/css/owl.theme.default.min0f5c.css]
[rajbarcode.com/wp-content/themes/vaximo/assets/css/owl.carousel.min0f5c.css]
[rajbarcode.com/wp-content/themes/vaximo/assets/css/magnific-popup.min0f5c.css]
[rajbarcode.com/wp-content/themes/vaximo/assets/css/animate.min0f5c.css]
[rajbarcode.com/wp-content/themes/vaximo/assets/css/boxicons.min0f5c.css]
[rajbarcode.com/wp-content/themes/vaximo/assets/css/flaticon0f5c.css]
[rajbarcode.com/wp-content/themes/vaximo/assets/css/meanmenu0f5c.css]
[rajbarcode.com/wp-content/themes/vaximo/assets/css/nice-select.min0f5c.css]
[rajbarcode.com/wp-content/themes/vaximo/assets/css/odometer.min0f5c.css]
[rajbarcode.com/wp-content/themes/vaximo/assets/css/all.min0f5c.css]
[rajbarcode.com/wp-content/themes/vaximo/assets/css/style.min0f5c.css]
[rajbarcode.com/wp-content/themes/vaximo/assets/css/responsive.min0f5c.css]
[rajbarcode.com/wp-content/uploads/elementor/css/post-85908a79.css]
[rajbarcode.com/wp-content/themes/vaximo/assets/css/bootstrap.mine077.css]
[rajbarcode.com/wp-content/themes/vaximo/assets/css/owl.theme.default.mine077.css]
[rajbarcode.com/wp-content/themes/vaximo/assets/css/owl.carousel.mine077.css]
[rajbarcode.com/wp-content/themes/vaximo/assets/css/magnific-popup.mine077.css]
[rajbarcode.com/wp-content/themes/vaximo/assets/css/animate.mine077.css]
[rajbarcode.com/wp-content/themes/vaximo/assets/css/boxicons.mine077.css]
[rajbarcode.com/wp-content/themes/vaximo/assets/css/flaticone077.css]
[rajbarcode.com/wp-content/themes/vaximo/assets/css/meanmenue077.css]
[rajbarcode.com/wp-content/themes/vaximo/assets/css/nice-select.mine077.css]
[rajbarcode.com/wp-content/themes/vaximo/assets/css/odometer.mine077.css]
[rajbarcode.com/wp-content/themes/vaximo/assets/css/all.mine077.css]
[rajbarcode.com/wp-content/themes/vaximo/assets/css/style.mine077.css]
[rajbarcode.com/wp-content/themes/vaximo/assets/css/responsive.mine077.css]
[rajbarcode.com/wp-content/uploads/elementor/css/post-141534538.css]
[rajbarcode.com/wp-content/uploads/elementor/thumbs/health-3-qk63llj54yqr1eqzta6ijm85wmnov9h3rud5j4jxue.png]
[rajbarcode.com/wp-content/themes/vaximo/assets/css/bootstrap.min8f83.css]
[rajbarcode.com/wp-content/themes/vaximo/assets/css/owl.theme.default.min8f83.css]
[rajbarcode.com/wp-content/themes/vaximo/assets/css/owl.carousel.min8f83.css]
[rajbarcode.com/wp-content/themes/vaximo/assets/css/magnific-popup.min8f83.css]
[rajbarcode.com/wp-content/themes/vaximo/assets/css/animate.min8f83.css]
[rajbarcode.com/wp-content/themes/vaximo/assets/css/boxicons.min8f83.css]
[rajbarcode.com/wp-content/themes/vaximo/assets/css/flaticon8f83.css]
[rajbarcode.com/wp-content/themes/vaximo/assets/css/meanmenu8f83.css]
[rajbarcode.com/wp-content/themes/vaximo/assets/css/nice-select.min8f83.css]
[rajbarcode.com/wp-content/themes/vaximo/assets/css/odometer.min8f83.css]
[rajbarcode.com/wp-content/themes/vaximo/assets/css/all.min8f83.css]
[rajbarcode.com/wp-content/themes/vaximo/assets/css/style.min8f83.css]
[rajbarcode.com/wp-content/themes/vaximo/assets/css/responsive.min8f83.css]
[rajbarcode.com/wp-content/uploads/2023/11/wms-f5.png]
[rajbarcode.com/wp-content/uploads/2023/11/compact-home-laser-printer-against-pink-background_93675-114898.jpg]
[rajbarcode.com/wp-content/uploads/2023/11/compact-home-printer-desk-with-books-against-blurred-background_93675-116927-Copy.jpg]
[rajbarcode.com/wp-content/uploads/2023/10/career.jpg]
[rajbarcode.com/wp-content/uploads/elementor/css/post-525316a9.css]
[rajbarcode.com/wp-content/plugins/exclusive-addons-for-elementor/assets/fonts/teeny-icon/teenyicon7ad8.eot]
[rajbarcode.com/wp-content/plugins/exclusive-addons-for-elementor/assets/fonts/teeny-icon/teenyicon7ad8.ttf]
[rajbarcode.com/wp-content/plugins/exclusive-addons-for-elementor/assets/fonts/teeny-icon/teenyicon7ad8.woff]
[rajbarcode.com/wp-content/plugins/exclusive-addons-for-elementor/assets/fonts/teeny-icon/teeny-icon-style.min07cb.css]
[rajbarcode.com/wp-content/themes/vaximo/assets/css/bootstrap.min7da1.css]
[rajbarcode.com/wp-content/themes/vaximo/assets/css/owl.theme.default.min7da1.css]
[rajbarcode.com/wp-content/themes/vaximo/assets/css/owl.carousel.min7da1.css]
[rajbarcode.com/wp-content/themes/vaximo/assets/css/magnific-popup.min7da1.css]
[rajbarcode.com/wp-content/themes/vaximo/assets/css/animate.min7da1.css]
[rajbarcode.com/wp-content/themes/vaximo/assets/css/boxicons.min7da1.css]
[rajbarcode.com/wp-content/themes/vaximo/assets/css/flaticon7da1.css]
[rajbarcode.com/wp-content/themes/vaximo/assets/css/meanmenu7da1.css]
[rajbarcode.com/wp-content/themes/vaximo/assets/css/nice-select.min7da1.css]
[rajbarcode.com/wp-content/themes/vaximo/assets/css/odometer.min7da1.css]
[rajbarcode.com/wp-content/themes/vaximo/assets/css/all.min7da1.css]
[rajbarcode.com/wp-content/themes/vaximo/assets/css/style.min7da1.css]
[rajbarcode.com/wp-content/themes/vaximo/assets/css/responsive.min7da1.css]
[rajbarcode.com/wp-content/plugins/exclusive-addons-for-elementor/assets/fonts/teeny-icon/teenyicon7ad8.svg]
[rajbarcode.com/wp-content/uploads/2023/11/wms-f2.png]
[rajbarcode.com/wp-content/uploads/2023/11/lms-f5.png]
[rajbarcode.com/wp-content/uploads/2023/11/mv-f4.png]
[rajbarcode.com/wp-content/uploads/2023/11/mv-f2.png]
[rajbarcode.com/wp-content/uploads/elementor/css/post-52919f08.css]
[rajbarcode.com/wp-content/themes/vaximo/assets/css/bootstrap.min9fa8.css]
[rajbarcode.com/wp-content/themes/vaximo/assets/css/owl.theme.default.min9fa8.css]
[rajbarcode.com/wp-content/themes/vaximo/assets/css/owl.carousel.min9fa8.css]
[rajbarcode.com/wp-content/themes/vaximo/assets/css/magnific-popup.min9fa8.css]
[rajbarcode.com/wp-content/themes/vaximo/assets/css/animate.min9fa8.css]
[rajbarcode.com/wp-content/themes/vaximo/assets/css/boxicons.min9fa8.css]
[rajbarcode.com/wp-content/themes/vaximo/assets/css/flaticon9fa8.css]
[rajbarcode.com/wp-content/themes/vaximo/assets/css/meanmenu9fa8.css]
[rajbarcode.com/wp-content/themes/vaximo/assets/css/nice-select.min9fa8.css]
[rajbarcode.com/wp-content/themes/vaximo/assets/css/odometer.min9fa8.css]
[rajbarcode.com/wp-content/themes/vaximo/assets/css/all.min9fa8.css]
[rajbarcode.com/wp-content/themes/vaximo/assets/css/style.min9fa8.css]
[rajbarcode.com/wp-content/themes/vaximo/assets/css/responsive.min9fa8.css]
[rajbarcode.com/wp-content/uploads/elementor/css/post-58361aca.css]
[rajbarcode.com/wp-json/oembed/1.0/embed285a.json]
[rajbarcode.com/wp-json/oembed/1.0/embeddc65]
[rajbarcode.com/wp-content/themes/vaximo/assets/css/bootstrap.min178f.css]
[rajbarcode.com/wp-content/themes/vaximo/assets/css/owl.theme.default.min178f.css]
[rajbarcode.com/wp-content/themes/vaximo/assets/css/owl.carousel.min178f.css]
[rajbarcode.com/wp-content/themes/vaximo/assets/css/magnific-popup.min178f.css]
[rajbarcode.com/wp-content/themes/vaximo/assets/css/animate.min178f.css]
[rajbarcode.com/wp-content/themes/vaximo/assets/css/boxicons.min178f.css]
[rajbarcode.com/wp-content/themes/vaximo/assets/css/flaticon178f.css]
[rajbarcode.com/wp-content/themes/vaximo/assets/css/meanmenu178f.css]
[rajbarcode.com/wp-content/themes/vaximo/assets/css/nice-select.min178f.css]
[rajbarcode.com/wp-content/themes/vaximo/assets/css/odometer.min178f.css]
[rajbarcode.com/wp-content/themes/vaximo/assets/css/all.min178f.css]
[rajbarcode.com/wp-content/themes/vaximo/assets/css/style.min178f.css]
[rajbarcode.com/wp-content/themes/vaximo/assets/css/responsive.min178f.css]
[rajbarcode.com/wp-content/uploads/elementor/css/custom-widget-image-gallery.min061a.css]
[rajbarcode.com/wp-content/uploads/elementor/css/post-5932e3c2.css]
[rajbarcode.com/wp-content/themes/vaximo/assets/js/popper.min178f.js]
[rajbarcode.com/wp-content/themes/vaximo/assets/js/bootstrap.bundle.min178f.js]
[rajbarcode.com/wp-content/themes/vaximo/assets/js/jquery.meanmenu178f.js]
[rajbarcode.com/wp-content/themes/vaximo/assets/js/wow.min178f.js]
[rajbarcode.com/wp-content/themes/vaximo/assets/js/owl.carousel.min178f.js]
[rajbarcode.com/wp-content/themes/vaximo/assets/js/jquery.magnific-popup.min178f.js]
[rajbarcode.com/wp-content/themes/vaximo/assets/js/jquery.nice-select.min178f.js]
[rajbarcode.com/wp-content/themes/vaximo/assets/js/parallax.min178f.js]
[rajbarcode.com/wp-content/themes/vaximo/assets/js/jquery.appear.min178f.js]
[rajbarcode.com/wp-content/themes/vaximo/assets/js/ofi.min178f.js]
[rajbarcode.com/wp-content/themes/vaximo/assets/js/carousel-thumbs.min178f.js]
[rajbarcode.com/wp-content/themes/vaximo/assets/js/main.min178f.js]
[rajbarcode.com/wp-json/wp/v2/pages/5932.json]
[rajbarcode.com/wp-content/uploads/2023/10/iso-certi-01.png]
[rajbarcode.com/wp-content/uploads/2023/10/iso-certi-02.png]
[rajbarcode.com/resources/certificates/iso-certification/index.html]
[rajbarcode.com/wp-content/themes/vaximo/assets/js/odometer.min178f.js]
[rajbarcode.com/wp-json/oembed/1.0/embeda101.json]
[rajbarcode.com/wp-json/oembed/1.0/embed57f7]
[rajbarcode.com/wp-content/themes/vaximo/assets/css/bootstrap.mineab7.css]
[rajbarcode.com/wp-content/themes/vaximo/assets/css/owl.theme.default.mineab7.css]
[rajbarcode.com/wp-content/themes/vaximo/assets/css/owl.carousel.mineab7.css]
[rajbarcode.com/wp-content/themes/vaximo/assets/css/magnific-popup.mineab7.css]
[rajbarcode.com/wp-content/themes/vaximo/assets/css/animate.mineab7.css]
[rajbarcode.com/wp-content/themes/vaximo/assets/css/boxicons.mineab7.css]
[rajbarcode.com/wp-content/themes/vaximo/assets/css/flaticoneab7.css]
[rajbarcode.com/wp-content/themes/vaximo/assets/css/meanmenueab7.css]
[rajbarcode.com/wp-content/themes/vaximo/assets/css/nice-select.mineab7.css]
[rajbarcode.com/wp-content/themes/vaximo/assets/css/odometer.mineab7.css]
[rajbarcode.com/wp-content/themes/vaximo/assets/css/all.mineab7.css]
[rajbarcode.com/wp-content/themes/vaximo/assets/css/style.mineab7.css]
[rajbarcode.com/wp-content/themes/vaximo/assets/css/responsive.mineab7.css]
[rajbarcode.com/wp-content/uploads/elementor/css/post-5905cd68.css]
[rajbarcode.com/wp-content/themes/vaximo/assets/js/popper.mineab7.js]
[rajbarcode.com/wp-content/themes/vaximo/assets/js/bootstrap.bundle.mineab7.js]
[rajbarcode.com/wp-content/themes/vaximo/assets/js/jquery.meanmenueab7.js]
[rajbarcode.com/wp-content/themes/vaximo/assets/js/wow.mineab7.js]
[rajbarcode.com/wp-content/themes/vaximo/assets/js/owl.carousel.mineab7.js]
[rajbarcode.com/wp-content/themes/vaximo/assets/js/jquery.magnific-popup.mineab7.js]
[rajbarcode.com/wp-content/themes/vaximo/assets/js/jquery.nice-select.mineab7.js]
[rajbarcode.com/wp-content/themes/vaximo/assets/js/parallax.mineab7.js]
[rajbarcode.com/wp-content/themes/vaximo/assets/js/jquery.appear.mineab7.js]
[rajbarcode.com/wp-content/themes/vaximo/assets/js/ofi.mineab7.js]
[rajbarcode.com/wp-content/themes/vaximo/assets/js/carousel-thumbs.mineab7.js]
[rajbarcode.com/wp-content/themes/vaximo/assets/js/main.mineab7.js]
[rajbarcode.com/wp-json/wp/v2/pages/5905.json]
[rajbarcode.com/wp-content/uploads/2023/10/fsc-certi-01.png]
[rajbarcode.com/wp-content/uploads/2023/10/fsc-certi-02.png]
[rajbarcode.com/resources/certificates/fsc-certification/index.html]
[rajbarcode.com/wp-content/uploads/elementor/css/post-59625051.css]
[rajbarcode.com/wp-content/themes/vaximo/assets/js/odometer.mineab7.js]
[rajbarcode.com/wp-content/themes/vaximo/assets/css/bootstrap.minc601.css]
[rajbarcode.com/wp-content/themes/vaximo/assets/css/owl.theme.default.minc601.css]
[rajbarcode.com/wp-content/themes/vaximo/assets/css/owl.carousel.minc601.css]
[rajbarcode.com/wp-content/themes/vaximo/assets/css/magnific-popup.minc601.css]
[rajbarcode.com/wp-content/themes/vaximo/assets/css/animate.minc601.css]
[rajbarcode.com/wp-content/themes/vaximo/assets/css/boxicons.minc601.css]
[rajbarcode.com/wp-content/themes/vaximo/assets/css/flaticonc601.css]
[rajbarcode.com/wp-content/themes/vaximo/assets/css/meanmenuc601.css]
[rajbarcode.com/wp-content/themes/vaximo/assets/css/nice-select.minc601.css]
[rajbarcode.com/wp-content/themes/vaximo/assets/css/odometer.minc601.css]
[rajbarcode.com/wp-content/themes/vaximo/assets/css/all.minc601.css]
[rajbarcode.com/wp-content/themes/vaximo/assets/css/responsive.minc601.css]
[rajbarcode.com/wp-content/themes/vaximo/assets/css/style.minc601.css]
[rajbarcode.com/wp-content/themes/vaximo/assets/js/popper.minc601.js]
[rajbarcode.com/blog/page/3/index.html]
[rajbarcode.com/wp-content/themes/vaximo/assets/js/bootstrap.bundle.minc601.js]
[rajbarcode.com/wp-content/themes/vaximo/assets/js/jquery.meanmenuc601.js]
[rajbarcode.com/wp-content/themes/vaximo/assets/js/wow.minc601.js]
[rajbarcode.com/wp-content/themes/vaximo/assets/js/owl.carousel.minc601.js]
[rajbarcode.com/wp-content/themes/vaximo/assets/js/jquery.magnific-popup.minc601.js]
[rajbarcode.com/wp-content/themes/vaximo/assets/js/jquery.nice-select.minc601.js]
[rajbarcode.com/wp-content/themes/vaximo/assets/js/parallax.minc601.js]
[rajbarcode.com/wp-content/themes/vaximo/assets/js/jquery.appear.minc601.js]
[rajbarcode.com/wp-content/themes/vaximo/assets/js/ofi.minc601.js]
[rajbarcode.com/wp-content/themes/vaximo/assets/js/carousel-thumbs.minc601.js]
[rajbarcode.com/wp-content/themes/vaximo/assets/js/main.minc601.js]
[rajbarcode.com/wp-content/themes/vaximo/assets/js/odometer.minc601.js]
[rajbarcode.com/blog/page/2/index.html]
[rajbarcode.com/wp-content/themes/vaximo/assets/css/bootstrap.min8ad4.css]
[rajbarcode.com/wp-content/themes/vaximo/assets/css/owl.theme.default.min8ad4.css]
[rajbarcode.com/barcode-rfid-solutions-for-frozen-food/index.html]
[rajbarcode.com/rfid-for-inventory-management/index.html]
[rajbarcode.com/wp-content/themes/vaximo/assets/css/owl.carousel.min8ad4.css]
[rajbarcode.com/extended-warehouse-management/index.html]
[rajbarcode.com/zone-1-certified-scanners/index.html]
[rajbarcode.com/wp-content/themes/vaximo/assets/css/magnific-popup.min8ad4.css]
[rajbarcode.com/track-and-trace-system-liquor-pharmaceuticals/index.html]
[rajbarcode.com/21cfr-wms-for-pharmaceuticals/index.html]
[rajbarcode.com/wp-content/themes/vaximo/assets/css/animate.min8ad4.css]
[rajbarcode.com/wp-content/themes/vaximo/assets/css/boxicons.min8ad4.css]
[rajbarcode.com/wp-content/themes/vaximo/assets/css/flaticon8ad4.css]
[rajbarcode.com/wp-content/themes/vaximo/assets/css/meanmenu8ad4.css]
[rajbarcode.com/wp-content/themes/vaximo/assets/css/nice-select.min8ad4.css]
[rajbarcode.com/wp-content/themes/vaximo/assets/css/odometer.min8ad4.css]
[rajbarcode.com/wp-content/themes/vaximo/assets/css/all.min8ad4.css]
[rajbarcode.com/wp-content/themes/vaximo/assets/css/style.min8ad4.css]
[rajbarcode.com/wp-content/themes/vaximo/assets/css/responsive.min8ad4.css]
[rajbarcode.com/weighing-dispensing-solution-pharma/index.html]
[rajbarcode.com/pharmaceurical-warehouse-management-system/index.html]
[rajbarcode.com/wp-content/themes/vaximo/assets/css/owl.carousel.min09a3.css]
[rajbarcode.com/wp-content/themes/vaximo/assets/css/magnific-popup.min09a3.css]
[rajbarcode.com/wp-content/themes/vaximo/assets/css/animate.min09a3.css]
[rajbarcode.com/wp-content/themes/vaximo/assets/css/boxicons.min09a3.css]
[rajbarcode.com/wp-content/themes/vaximo/assets/css/flaticon09a3.css]
[rajbarcode.com/wp-content/themes/vaximo/assets/css/meanmenu09a3.css]
[rajbarcode.com/wp-content/themes/vaximo/assets/css/nice-select.min09a3.css]
[rajbarcode.com/asset-tracking-features-uses/index.html]
[rajbarcode.com/wp-content/themes/vaximo/assets/css/odometer.min09a3.css]
[rajbarcode.com/wp-content/themes/vaximo/assets/css/all.min09a3.css]
[rajbarcode.com/wp-content/themes/vaximo/assets/css/style.min09a3.css]
[rajbarcode.com/wp-content/themes/vaximo/assets/css/responsive.min09a3.css]
[rajbarcode.com/wp-content/themes/vaximo/assets/js/popper.min09a3.js]
[rajbarcode.com/wp-content/themes/vaximo/assets/js/bootstrap.bundle.min09a3.js]
[rajbarcode.com/wp-content/themes/vaximo/assets/js/jquery.meanmenu09a3.js]
[rajbarcode.com/wp-content/themes/vaximo/assets/js/wow.min09a3.js]
[rajbarcode.com/wp-content/themes/vaximo/assets/js/owl.carousel.min09a3.js]
[rajbarcode.com/wp-content/themes/vaximo/assets/js/jquery.magnific-popup.min09a3.js]
[rajbarcode.com/wp-content/themes/vaximo/assets/js/jquery.nice-select.min09a3.js]
[rajbarcode.com/wp-content/themes/vaximo/assets/js/parallax.min09a3.js]
[rajbarcode.com/wp-content/themes/vaximo/assets/js/jquery.appear.min09a3.js]
[rajbarcode.com/wp-content/themes/vaximo/assets/js/ofi.min09a3.js]
[rajbarcode.com/wp-content/themes/vaximo/assets/js/carousel-thumbs.min09a3.js]
[rajbarcode.com/wp-content/themes/vaximo/assets/js/main.min09a3.js]
[rajbarcode.com/wp-json/wp/v2/users/2.json]
[rajbarcode.com/wp-content/themes/vaximo/assets/js/odometer.min09a3.js]
[rajbarcode.com/author/muskan/index.html]
[rajbarcode.com/wp-json/oembed/1.0/embed0399]
[rajbarcode.com/wp-json/wp/v2/posts/17623.json]
[rajbarcode.com/top-10-warehouse-challenges-and-how-technology-solves-them/index.html]
[rajbarcode.com/wp-json/oembed/1.0/embed84d8.json]
[rajbarcode.com/wp-json/oembed/1.0/embed9322]
[rajbarcode.com/wp-json/wp/v2/posts/17621.json]
[rajbarcode.com/how-to-achieve-inventory-accuracy-using-barcode-technology/index.html]
[rajbarcode.com/wp-json/oembed/1.0/embedb3d3.json]
[rajbarcode.com/wp-json/oembed/1.0/embed9bf5]
[rajbarcode.com/wp-content/themes/vaximo/assets/css/bootstrap.mincdb8.css]
[rajbarcode.com/wp-content/themes/vaximo/assets/css/owl.theme.default.mincdb8.css]
[rajbarcode.com/wp-content/themes/vaximo/assets/css/owl.carousel.mincdb8.css]
[rajbarcode.com/wp-content/themes/vaximo/assets/css/magnific-popup.mincdb8.css]
[rajbarcode.com/wp-content/themes/vaximo/assets/css/animate.mincdb8.css]
[rajbarcode.com/wp-content/themes/vaximo/assets/css/boxicons.mincdb8.css]
[rajbarcode.com/wp-content/themes/vaximo/assets/css/flaticoncdb8.css]
[rajbarcode.com/wp-content/themes/vaximo/assets/css/meanmenucdb8.css]
[rajbarcode.com/wp-content/themes/vaximo/assets/css/nice-select.mincdb8.css]
[rajbarcode.com/wp-content/themes/vaximo/assets/css/odometer.mincdb8.css]
[rajbarcode.com/wp-content/themes/vaximo/assets/css/all.mincdb8.css]
[rajbarcode.com/wp-content/themes/vaximo/assets/css/responsive.mincdb8.css]
[rajbarcode.com/wp-content/themes/vaximo/assets/css/style.mincdb8.css]
[rajbarcode.com/wp-content/themes/vaximo/assets/js/popper.mincdb8.js]
[rajbarcode.com/wp-content/themes/vaximo/assets/js/jquery.meanmenucdb8.js]
[rajbarcode.com/wp-content/themes/vaximo/assets/js/bootstrap.bundle.mincdb8.js]
[rajbarcode.com/wp-content/themes/vaximo/assets/js/wow.mincdb8.js]
[rajbarcode.com/wp-content/themes/vaximo/assets/js/owl.carousel.mincdb8.js]
[rajbarcode.com/wp-content/themes/vaximo/assets/js/jquery.magnific-popup.mincdb8.js]
[rajbarcode.com/wp-content/themes/vaximo/assets/js/jquery.nice-select.mincdb8.js]
[rajbarcode.com/wp-content/themes/vaximo/assets/js/parallax.mincdb8.js]
[rajbarcode.com/wp-content/themes/vaximo/assets/js/jquery.appear.mincdb8.js]
[rajbarcode.com/wp-content/themes/vaximo/assets/js/ofi.mincdb8.js]
[rajbarcode.com/wp-content/themes/vaximo/assets/js/carousel-thumbs.mincdb8.js]
[rajbarcode.com/wp-content/themes/vaximo/assets/js/main.mincdb8.js]
[rajbarcode.com/wp-json/wp/v2/posts/17534.json]
[rajbarcode.com/barcode-vs-rfid-a-5-question-due-diligence-checklist-for-warehouses/index.html]
[rajbarcode.com/wp-content/themes/vaximo/assets/js/odometer.mincdb8.js]
[rajbarcode.com/wp-json/oembed/1.0/embedd2ef.json]
[rajbarcode.com/wp-content/themes/vaximo/assets/css/bootstrap.min05e5.css]
[rajbarcode.com/wp-content/themes/vaximo/assets/css/owl.theme.default.min05e5.css]
[rajbarcode.com/wp-content/themes/vaximo/assets/css/owl.carousel.min05e5.css]
[rajbarcode.com/wp-content/themes/vaximo/assets/css/magnific-popup.min05e5.css]
[rajbarcode.com/wp-content/themes/vaximo/assets/css/animate.min05e5.css]
[rajbarcode.com/wp-content/themes/vaximo/assets/css/boxicons.min05e5.css]
[rajbarcode.com/wp-content/themes/vaximo/assets/css/flaticon05e5.css]
[rajbarcode.com/17625-2/index.html]
[rajbarcode.com/wp-content/themes/vaximo/assets/css/meanmenu05e5.css]
[rajbarcode.com/wp-content/themes/vaximo/assets/css/nice-select.min05e5.css]
[rajbarcode.com/wp-content/themes/vaximo/assets/css/odometer.min05e5.css]
[rajbarcode.com/wp-content/themes/vaximo/assets/css/all.min05e5.css]
[rajbarcode.com/wp-content/themes/vaximo/assets/css/style.min05e5.css]
[rajbarcode.com/wp-content/themes/vaximo/assets/css/responsive.min05e5.css]
[rajbarcode.com/wp-content/themes/vaximo/assets/js/popper.min05e5.js]
[rajbarcode.com/wp-content/themes/vaximo/assets/js/bootstrap.bundle.min05e5.js]
[rajbarcode.com/wp-content/themes/vaximo/assets/js/jquery.meanmenu05e5.js]
[rajbarcode.com/wp-content/themes/vaximo/assets/js/wow.min05e5.js]
[rajbarcode.com/wp-content/themes/vaximo/assets/js/owl.carousel.min05e5.js]
[rajbarcode.com/wp-content/themes/vaximo/assets/js/jquery.magnific-popup.min05e5.js]
[rajbarcode.com/wp-content/themes/vaximo/assets/js/jquery.nice-select.min05e5.js]
[rajbarcode.com/wp-content/themes/vaximo/assets/js/parallax.min05e5.js]
[rajbarcode.com/wp-content/themes/vaximo/assets/js/jquery.appear.min05e5.js]
[rajbarcode.com/wp-content/themes/vaximo/assets/js/ofi.min05e5.js]
[rajbarcode.com/wp-content/themes/vaximo/assets/js/carousel-thumbs.min05e5.js]
[rajbarcode.com/wp-content/themes/vaximo/assets/js/main.min05e5.js]
[rajbarcode.com/wp-json/wp/v2/posts/17615.json]
[rajbarcode.com/reduce-human-errors-by-90-using-barcode-systems/index.html]
[rajbarcode.com/wp-content/themes/vaximo/assets/js/odometer.min05e5.js]
[rajbarcode.com/wp-json/oembed/1.0/embed0f22.json]
[rajbarcode.com/wp-json/oembed/1.0/embedef79]
[rajbarcode.com/wp-content/themes/vaximo/assets/css/bootstrap.minc792.css]
[rajbarcode.com/wp-content/themes/vaximo/assets/css/owl.theme.default.minc792.css]
[rajbarcode.com/wp-content/themes/vaximo/assets/css/owl.carousel.minc792.css]
[rajbarcode.com/wp-content/themes/vaximo/assets/css/magnific-popup.minc792.css]
[rajbarcode.com/wp-content/themes/vaximo/assets/css/animate.minc792.css]
[rajbarcode.com/wp-content/themes/vaximo/assets/css/boxicons.minc792.css]
[rajbarcode.com/wp-content/themes/vaximo/assets/css/flaticonc792.css]
[rajbarcode.com/wp-content/themes/vaximo/assets/css/meanmenuc792.css]
[rajbarcode.com/wp-content/themes/vaximo/assets/css/nice-select.minc792.css]
[rajbarcode.com/wp-content/themes/vaximo/assets/css/odometer.minc792.css]
[rajbarcode.com/wp-content/themes/vaximo/assets/css/all.minc792.css]
[rajbarcode.com/wp-content/themes/vaximo/assets/css/style.minc792.css]
[rajbarcode.com/wp-content/themes/vaximo/assets/css/responsive.minc792.css]
[rajbarcode.com/wp-content/themes/vaximo/assets/js/popper.minc792.js]
[rajbarcode.com/wp-content/themes/vaximo/assets/js/bootstrap.bundle.minc792.js]
[rajbarcode.com/wp-content/themes/vaximo/assets/js/jquery.meanmenuc792.js]
[rajbarcode.com/wp-content/themes/vaximo/assets/js/wow.minc792.js]
[rajbarcode.com/wp-content/themes/vaximo/assets/js/owl.carousel.minc792.js]
[rajbarcode.com/wp-content/themes/vaximo/assets/js/jquery.magnific-popup.minc792.js]
[rajbarcode.com/wp-content/themes/vaximo/assets/js/jquery.nice-select.minc792.js]
[rajbarcode.com/wp-content/themes/vaximo/assets/js/parallax.minc792.js]
[rajbarcode.com/wp-content/themes/vaximo/assets/js/jquery.appear.minc792.js]
[rajbarcode.com/wp-content/themes/vaximo/assets/js/ofi.minc792.js]
[rajbarcode.com/wp-content/themes/vaximo/assets/js/carousel-thumbs.minc792.js]
[rajbarcode.com/wp-content/themes/vaximo/assets/js/main.minc792.js]
[rajbarcode.com/wp-json/wp/v2/posts/17613.json]
[rajbarcode.com/warehouse-mistakes-costing-industries/index.html]
[rajbarcode.com/wp-content/themes/vaximo/assets/js/odometer.minc792.js]
[rajbarcode.com/wp-json/oembed/1.0/embed6043.json]
[rajbarcode.com/wp-json/oembed/1.0/embed770b]
[rajbarcode.com/wp-content/themes/vaximo/assets/css/owl.theme.default.min29d5.css]
[rajbarcode.com/wp-content/themes/vaximo/assets/css/bootstrap.min29d5.css]
[rajbarcode.com/wp-content/themes/vaximo/assets/css/owl.carousel.min29d5.css]
[rajbarcode.com/wp-content/themes/vaximo/assets/css/magnific-popup.min29d5.css]
[rajbarcode.com/wp-content/themes/vaximo/assets/css/animate.min29d5.css]
[rajbarcode.com/wp-content/themes/vaximo/assets/css/boxicons.min29d5.css]
[rajbarcode.com/wp-content/themes/vaximo/assets/css/flaticon29d5.css]
[rajbarcode.com/wp-content/themes/vaximo/assets/css/meanmenu29d5.css]
[rajbarcode.com/wp-content/themes/vaximo/assets/css/nice-select.min29d5.css]
[rajbarcode.com/wp-content/themes/vaximo/assets/css/odometer.min29d5.css]
[rajbarcode.com/wp-content/themes/vaximo/assets/css/all.min29d5.css]
[rajbarcode.com/wp-content/themes/vaximo/assets/css/style.min29d5.css]
[rajbarcode.com/wp-content/themes/vaximo/assets/css/responsive.min29d5.css]
[rajbarcode.com/wp-content/themes/vaximo/assets/js/popper.min29d5.js]
[rajbarcode.com/wp-content/themes/vaximo/assets/js/bootstrap.bundle.min29d5.js]
[rajbarcode.com/wp-content/themes/vaximo/assets/js/jquery.meanmenu29d5.js]
[rajbarcode.com/wp-content/themes/vaximo/assets/js/wow.min29d5.js]
[rajbarcode.com/wp-content/themes/vaximo/assets/js/owl.carousel.min29d5.js]
[rajbarcode.com/wp-content/themes/vaximo/assets/js/jquery.magnific-popup.min29d5.js]
[rajbarcode.com/wp-content/themes/vaximo/assets/js/jquery.nice-select.min29d5.js]
[rajbarcode.com/wp-content/themes/vaximo/assets/js/parallax.min29d5.js]
[rajbarcode.com/wp-content/themes/vaximo/assets/js/jquery.appear.min29d5.js]
[rajbarcode.com/wp-content/themes/vaximo/assets/js/ofi.min29d5.js]
[rajbarcode.com/wp-content/themes/vaximo/assets/js/carousel-thumbs.min29d5.js]
[rajbarcode.com/wp-content/themes/vaximo/assets/js/main.min29d5.js]
[rajbarcode.com/wp-json/wp/v2/posts/17611.json]
[rajbarcode.com/why-production-delays-happen-and-how-wip-tracking-fixes-them/index.html]
[rajbarcode.com/wp-content/themes/vaximo/assets/js/odometer.min29d5.js]
[rajbarcode.com/wp-json/oembed/1.0/embed7bd5.json]
[rajbarcode.com/wp-json/oembed/1.0/embedfd23]
[rajbarcode.com/wp-json/wp/v2/posts/17609.json]
[rajbarcode.com/manual-warehouse-vs-automated-warehouse-the-real-cost-breakdown/index.html]
[rajbarcode.com/wp-content/uploads/2025/12/production-delay.png]
[rajbarcode.com/wp-json/oembed/1.0/embed547d.json]
[rajbarcode.com/wp-json/oembed/1.0/embedacd3]
[rajbarcode.com/wp-content/themes/vaximo/assets/css/bootstrap.min76ce.css]
[rajbarcode.com/wp-content/themes/vaximo/assets/css/owl.theme.default.min76ce.css]
[rajbarcode.com/wp-content/themes/vaximo/assets/css/owl.carousel.min76ce.css]
[rajbarcode.com/wp-content/themes/vaximo/assets/css/magnific-popup.min76ce.css]
[rajbarcode.com/wp-content/themes/vaximo/assets/css/animate.min76ce.css]
[rajbarcode.com/wp-content/themes/vaximo/assets/css/boxicons.min76ce.css]
[rajbarcode.com/wp-content/themes/vaximo/assets/css/flaticon76ce.css]
[rajbarcode.com/wp-content/themes/vaximo/assets/css/meanmenu76ce.css]
[rajbarcode.com/wp-content/themes/vaximo/assets/css/nice-select.min76ce.css]
[rajbarcode.com/wp-content/themes/vaximo/assets/css/odometer.min76ce.css]
[rajbarcode.com/wp-content/themes/vaximo/assets/css/all.min76ce.css]
[rajbarcode.com/wp-content/themes/vaximo/assets/css/style.min76ce.css]
[rajbarcode.com/wp-content/themes/vaximo/assets/css/responsive.min76ce.css]
[rajbarcode.com/wp-content/themes/vaximo/assets/js/popper.min76ce.js]
[rajbarcode.com/wp-content/themes/vaximo/assets/js/bootstrap.bundle.min76ce.js]
[rajbarcode.com/wp-content/themes/vaximo/assets/js/jquery.meanmenu76ce.js]
[rajbarcode.com/wp-content/themes/vaximo/assets/js/wow.min76ce.js]
[rajbarcode.com/wp-content/themes/vaximo/assets/js/owl.carousel.min76ce.js]
[rajbarcode.com/wp-content/themes/vaximo/assets/js/jquery.magnific-popup.min76ce.js]
[rajbarcode.com/wp-content/themes/vaximo/assets/js/jquery.nice-select.min76ce.js]
[rajbarcode.com/wp-content/themes/vaximo/assets/js/parallax.min76ce.js]
[rajbarcode.com/wp-content/themes/vaximo/assets/js/jquery.appear.min76ce.js]
[rajbarcode.com/wp-content/themes/vaximo/assets/js/ofi.min76ce.js]
[rajbarcode.com/wp-content/themes/vaximo/assets/js/carousel-thumbs.min76ce.js]
[rajbarcode.com/wp-content/themes/vaximo/assets/js/main.min76ce.js]
[rajbarcode.com/wp-json/wp/v2/posts/17382.json]
[rajbarcode.com/how-wip-tracking-reduces-production-delays-in-manufacturing/index.html]
[rajbarcode.com/wp-content/themes/vaximo/assets/js/odometer.min76ce.js]
[rajbarcode.com/wp-json/oembed/1.0/embed7053.json]
[rajbarcode.com/wp-json/oembed/1.0/embed4b98]
[rajbarcode.com/wp-content/themes/vaximo/assets/css/bootstrap.min176c.css]
[rajbarcode.com/wp-content/themes/vaximo/assets/css/owl.theme.default.min176c.css]
[rajbarcode.com/wp-content/themes/vaximo/assets/css/owl.carousel.min176c.css]
[rajbarcode.com/wp-content/themes/vaximo/assets/css/magnific-popup.min176c.css]
[rajbarcode.com/wp-content/themes/vaximo/assets/css/animate.min176c.css]
[rajbarcode.com/wp-content/themes/vaximo/assets/css/boxicons.min176c.css]
[rajbarcode.com/wp-content/themes/vaximo/assets/css/flaticon176c.css]
[rajbarcode.com/wp-content/themes/vaximo/assets/css/meanmenu176c.css]
[rajbarcode.com/wp-content/themes/vaximo/assets/css/nice-select.min176c.css]
[rajbarcode.com/wp-content/themes/vaximo/assets/css/odometer.min176c.css]
[rajbarcode.com/wp-content/themes/vaximo/assets/css/all.min176c.css]
[rajbarcode.com/wp-content/themes/vaximo/assets/css/style.min176c.css]
[rajbarcode.com/wp-content/themes/vaximo/assets/css/responsive.min176c.css]
[rajbarcode.com/wp-content/themes/vaximo/assets/js/popper.min176c.js]
[rajbarcode.com/wp-content/themes/vaximo/assets/js/jquery.meanmenu176c.js]
[rajbarcode.com/wp-content/themes/vaximo/assets/js/bootstrap.bundle.min176c.js]
[rajbarcode.com/wp-content/themes/vaximo/assets/js/wow.min176c.js]
[rajbarcode.com/wp-content/themes/vaximo/assets/js/owl.carousel.min176c.js]
[rajbarcode.com/wp-content/themes/vaximo/assets/js/jquery.magnific-popup.min176c.js]
[rajbarcode.com/wp-content/themes/vaximo/assets/js/jquery.nice-select.min176c.js]
[rajbarcode.com/wp-content/themes/vaximo/assets/js/parallax.min176c.js]
[rajbarcode.com/wp-content/themes/vaximo/assets/js/jquery.appear.min176c.js]
[rajbarcode.com/wp-content/themes/vaximo/assets/js/ofi.min176c.js]
[rajbarcode.com/wp-content/themes/vaximo/assets/js/carousel-thumbs.min176c.js]
[rajbarcode.com/wp-content/themes/vaximo/assets/js/main.min176c.js]
[rajbarcode.com/wp-json/wp/v2/posts/17354.json]
[rajbarcode.com/warehouse-automation-barcode-rfid/index.html]
[rajbarcode.com/blog/index6146.html]
[rajbarcode.com/blog/index8a68.html]
[rajbarcode.com/wp-content/themes/vaximo/assets/js/odometer.min176c.js]
[rajbarcode.com/wp-content/themes/vaximo/assets/css/bootstrap.min43ba.css]
[rajbarcode.com/wp-content/themes/vaximo/assets/css/owl.theme.default.min43ba.css]
[rajbarcode.com/wp-content/themes/vaximo/assets/css/owl.carousel.min43ba.css]
[rajbarcode.com/wp-content/themes/vaximo/assets/css/magnific-popup.min43ba.css]
[rajbarcode.com/wp-content/themes/vaximo/assets/css/animate.min43ba.css]
[rajbarcode.com/wp-content/themes/vaximo/assets/css/boxicons.min43ba.css]
[rajbarcode.com/wp-content/themes/vaximo/assets/css/flaticon43ba.css]
[rajbarcode.com/wp-content/themes/vaximo/assets/css/meanmenu43ba.css]
[rajbarcode.com/wp-content/themes/vaximo/assets/css/nice-select.min43ba.css]
[rajbarcode.com/wp-content/themes/vaximo/assets/css/odometer.min43ba.css]
[rajbarcode.com/wp-content/themes/vaximo/assets/css/all.min43ba.css]
[rajbarcode.com/wp-content/themes/vaximo/assets/css/style.min43ba.css]
[rajbarcode.com/wp-content/themes/vaximo/assets/css/responsive.min43ba.css]
[rajbarcode.com/wp-content/themes/vaximo/assets/js/popper.min43ba.js]
[rajbarcode.com/wp-content/themes/vaximo/assets/js/bootstrap.bundle.min43ba.js]
[rajbarcode.com/wp-content/themes/vaximo/assets/js/jquery.meanmenu43ba.js]
[rajbarcode.com/wp-content/themes/vaximo/assets/js/wow.min43ba.js]
[rajbarcode.com/wp-content/themes/vaximo/assets/js/owl.carousel.min43ba.js]
[rajbarcode.com/wp-content/themes/vaximo/assets/js/jquery.magnific-popup.min43ba.js]
[rajbarcode.com/wp-content/themes/vaximo/assets/js/jquery.nice-select.min43ba.js]
[rajbarcode.com/wp-content/themes/vaximo/assets/js/parallax.min43ba.js]
[rajbarcode.com/wp-content/themes/vaximo/assets/js/jquery.appear.min43ba.js]
[rajbarcode.com/wp-content/themes/vaximo/assets/js/ofi.min43ba.js]
[rajbarcode.com/wp-content/themes/vaximo/assets/js/carousel-thumbs.min43ba.js]
[rajbarcode.com/wp-content/themes/vaximo/assets/js/main.min43ba.js]
[rajbarcode.com/wp-json/wp/v2/categories/48.json]
[rajbarcode.com/category/asset-tracking/index.html]
[rajbarcode.com/wp-content/themes/vaximo/assets/js/odometer.min43ba.js]
[rajbarcode.com/wp-content/themes/vaximo/assets/css/bootstrap.min1649.css]
[rajbarcode.com/wp-content/themes/vaximo/assets/css/owl.theme.default.min1649.css]
[rajbarcode.com/wp-content/themes/vaximo/assets/css/owl.carousel.min1649.css]
[rajbarcode.com/wp-content/themes/vaximo/assets/css/magnific-popup.min1649.css]
[rajbarcode.com/wp-content/themes/vaximo/assets/css/animate.min1649.css]
[rajbarcode.com/wp-content/themes/vaximo/assets/css/boxicons.min1649.css]
[rajbarcode.com/wp-content/themes/vaximo/assets/css/flaticon1649.css]
[rajbarcode.com/wp-content/themes/vaximo/assets/css/meanmenu1649.css]
[rajbarcode.com/wp-content/themes/vaximo/assets/css/nice-select.min1649.css]
[rajbarcode.com/wp-content/themes/vaximo/assets/css/odometer.min1649.css]
[rajbarcode.com/wp-content/themes/vaximo/assets/css/all.min1649.css]
[rajbarcode.com/wp-content/themes/vaximo/assets/css/style.min1649.css]
[rajbarcode.com/wp-content/themes/vaximo/assets/css/responsive.min1649.css]
[rajbarcode.com/wp-content/themes/vaximo/assets/js/popper.min1649.js]
[rajbarcode.com/wp-content/themes/vaximo/assets/js/bootstrap.bundle.min1649.js]
[rajbarcode.com/wp-content/themes/vaximo/assets/js/jquery.meanmenu1649.js]
[rajbarcode.com/wp-content/themes/vaximo/assets/js/wow.min1649.js]
[rajbarcode.com/wp-content/themes/vaximo/assets/js/owl.carousel.min1649.js]
[rajbarcode.com/wp-content/themes/vaximo/assets/js/jquery.magnific-popup.min1649.js]
[rajbarcode.com/wp-content/themes/vaximo/assets/js/jquery.nice-select.min1649.js]
[rajbarcode.com/wp-content/themes/vaximo/assets/js/parallax.min1649.js]
[rajbarcode.com/wp-content/themes/vaximo/assets/js/jquery.appear.min1649.js]
[rajbarcode.com/wp-content/themes/vaximo/assets/js/ofi.min1649.js]
[rajbarcode.com/wp-content/themes/vaximo/assets/js/carousel-thumbs.min1649.js]
[rajbarcode.com/wp-content/themes/vaximo/assets/js/main.min1649.js]
[rajbarcode.com/wp-json/wp/v2/categories/44.json]
[rajbarcode.com/wp-content/themes/vaximo/assets/js/odometer.min1649.js]
[rajbarcode.com/category/enterprise-resource-planning/index.html]
[rajbarcode.com/wp-content/themes/vaximo/assets/css/bootstrap.min6d35.css]
[rajbarcode.com/wp-content/themes/vaximo/assets/css/owl.theme.default.min6d35.css]
[rajbarcode.com/wp-content/themes/vaximo/assets/css/owl.carousel.min6d35.css]
[rajbarcode.com/wp-content/themes/vaximo/assets/css/magnific-popup.min6d35.css]
[rajbarcode.com/wp-content/themes/vaximo/assets/css/animate.min6d35.css]
[rajbarcode.com/wp-content/themes/vaximo/assets/css/boxicons.min6d35.css]
[rajbarcode.com/wp-content/themes/vaximo/assets/css/flaticon6d35.css]
[rajbarcode.com/wp-content/themes/vaximo/assets/css/meanmenu6d35.css]
[rajbarcode.com/wp-content/themes/vaximo/assets/css/nice-select.min6d35.css]
[rajbarcode.com/mobilizing-erp-features-uses/index.html]
[rajbarcode.com/wp-content/themes/vaximo/assets/css/odometer.min6d35.css]
[rajbarcode.com/erp-vs-wms-which-is-better/index.html]
[rajbarcode.com/wp-content/themes/vaximo/assets/css/all.min6d35.css]
[rajbarcode.com/wp-content/themes/vaximo/assets/css/style.min6d35.css]
[rajbarcode.com/wp-content/themes/vaximo/assets/css/responsive.min6d35.css]
[rajbarcode.com/wp-content/themes/vaximo/assets/js/popper.min6d35.js]
[rajbarcode.com/wp-content/themes/vaximo/assets/js/bootstrap.bundle.min6d35.js]
[rajbarcode.com/wp-content/themes/vaximo/assets/js/jquery.meanmenu6d35.js]
[rajbarcode.com/wp-content/themes/vaximo/assets/js/wow.min6d35.js]
[rajbarcode.com/wp-content/themes/vaximo/assets/js/owl.carousel.min6d35.js]
[rajbarcode.com/wp-content/themes/vaximo/assets/js/jquery.magnific-popup.min6d35.js]
[rajbarcode.com/wp-content/themes/vaximo/assets/js/jquery.nice-select.min6d35.js]
[rajbarcode.com/wp-content/themes/vaximo/assets/js/parallax.min6d35.js]
[rajbarcode.com/wp-content/themes/vaximo/assets/js/jquery.appear.min6d35.js]
[rajbarcode.com/wp-content/themes/vaximo/assets/js/ofi.min6d35.js]
[rajbarcode.com/wp-content/themes/vaximo/assets/js/carousel-thumbs.min6d35.js]
[rajbarcode.com/wp-content/themes/vaximo/assets/js/main.min6d35.js]
[rajbarcode.com/wp-json/wp/v2/categories/47.json]
[rajbarcode.com/wp-content/themes/vaximo/assets/js/odometer.min6d35.js]
[rajbarcode.com/category/inventory-management/index.html]
[rajbarcode.com/wp-json/wp/v2/categories/49.json]
[rajbarcode.com/category/pharmaceuticals/index.html]
[rajbarcode.com/wp-content/themes/vaximo/assets/css/bootstrap.min2f4e.css]
[rajbarcode.com/wp-content/themes/vaximo/assets/css/owl.carousel.min2f4e.css]
[rajbarcode.com/wp-content/themes/vaximo/assets/css/magnific-popup.min2f4e.css]
[rajbarcode.com/inventory-management-features-uses/index.html]
[rajbarcode.com/wp-content/themes/vaximo/assets/css/animate.min2f4e.css]
[rajbarcode.com/wp-content/themes/vaximo/assets/css/boxicons.min2f4e.css]
[rajbarcode.com/wp-content/themes/vaximo/assets/css/flaticon2f4e.css]
[rajbarcode.com/wp-content/themes/vaximo/assets/css/meanmenu2f4e.css]
[rajbarcode.com/wp-content/themes/vaximo/assets/css/nice-select.min2f4e.css]
[rajbarcode.com/wp-content/themes/vaximo/assets/css/odometer.min2f4e.css]
[rajbarcode.com/wp-content/themes/vaximo/assets/css/all.min2f4e.css]
[rajbarcode.com/wp-content/themes/vaximo/assets/css/responsive.min2f4e.css]
[rajbarcode.com/wp-content/themes/vaximo/assets/css/style.min2f4e.css]
[rajbarcode.com/wp-content/themes/vaximo/assets/js/popper.min2f4e.js]
[rajbarcode.com/wp-content/themes/vaximo/assets/js/bootstrap.bundle.min2f4e.js]
[rajbarcode.com/wp-content/themes/vaximo/assets/js/jquery.meanmenu2f4e.js]
[rajbarcode.com/wp-content/themes/vaximo/assets/js/wow.min2f4e.js]
[rajbarcode.com/wp-content/themes/vaximo/assets/js/owl.carousel.min2f4e.js]
[rajbarcode.com/wp-content/themes/vaximo/assets/js/jquery.magnific-popup.min2f4e.js]
[rajbarcode.com/wp-content/themes/vaximo/assets/js/jquery.nice-select.min2f4e.js]
[rajbarcode.com/wp-content/themes/vaximo/assets/js/parallax.min2f4e.js]
[rajbarcode.com/wp-content/themes/vaximo/assets/js/jquery.appear.min2f4e.js]
[rajbarcode.com/wp-content/themes/vaximo/assets/js/ofi.min2f4e.js]
[rajbarcode.com/wp-content/themes/vaximo/assets/js/carousel-thumbs.min2f4e.js]
[rajbarcode.com/wp-content/themes/vaximo/assets/js/main.min2f4e.js]
[rajbarcode.com/wp-json/wp/v2/categories/45.json]
[rajbarcode.com/wp-content/themes/vaximo/assets/js/odometer.min2f4e.js]
[rajbarcode.com/category/rfid/index.html]
[rajbarcode.com/wp-content/themes/vaximo/assets/css/bootstrap.min1254.css]
[rajbarcode.com/wp-content/themes/vaximo/assets/css/owl.carousel.min1254.css]
[rajbarcode.com/wp-content/themes/vaximo/assets/css/magnific-popup.min1254.css]
[rajbarcode.com/wp-content/themes/vaximo/assets/css/animate.min1254.css]
[rajbarcode.com/wp-content/themes/vaximo/assets/css/boxicons.min1254.css]
[rajbarcode.com/wp-content/themes/vaximo/assets/css/flaticon1254.css]
[rajbarcode.com/wp-content/themes/vaximo/assets/css/meanmenu1254.css]
[rajbarcode.com/wp-content/themes/vaximo/assets/css/nice-select.min1254.css]
[rajbarcode.com/wp-content/themes/vaximo/assets/css/odometer.min1254.css]
[rajbarcode.com/wp-content/themes/vaximo/assets/css/all.min1254.css]
[rajbarcode.com/wp-content/themes/vaximo/assets/css/style.min1254.css]
[rajbarcode.com/wp-content/themes/vaximo/assets/css/responsive.min1254.css]
[rajbarcode.com/importance-of-barcode-rfid/index.html]
[rajbarcode.com/wp-content/themes/vaximo/assets/js/popper.min1254.js]
[rajbarcode.com/wp-content/themes/vaximo/assets/js/bootstrap.bundle.min1254.js]
[rajbarcode.com/wp-content/themes/vaximo/assets/js/jquery.meanmenu1254.js]
[rajbarcode.com/wp-content/themes/vaximo/assets/js/wow.min1254.js]
[rajbarcode.com/wp-content/themes/vaximo/assets/js/owl.carousel.min1254.js]
[rajbarcode.com/wp-content/themes/vaximo/assets/js/jquery.magnific-popup.min1254.js]
[rajbarcode.com/wp-content/themes/vaximo/assets/js/jquery.nice-select.min1254.js]
[rajbarcode.com/wp-content/themes/vaximo/assets/js/parallax.min1254.js]
[rajbarcode.com/wp-content/themes/vaximo/assets/js/jquery.appear.min1254.js]
[rajbarcode.com/wp-content/themes/vaximo/assets/js/ofi.min1254.js]
[rajbarcode.com/wp-content/themes/vaximo/assets/js/carousel-thumbs.min1254.js]
[rajbarcode.com/wp-content/themes/vaximo/assets/js/main.min1254.js]
[rajbarcode.com/wp-json/wp/v2/categories/20.json]
[rajbarcode.com/wp-content/uploads/2020/08/performance-bg-1-1080x744.jpg]
[rajbarcode.com/wp-content/themes/vaximo/assets/js/odometer.min1254.js]
[rajbarcode.com/category/security/index.html]
[rajbarcode.com/wp-content/themes/vaximo/assets/css/bootstrap.min11ea.css]
[rajbarcode.com/wp-content/themes/vaximo/assets/css/owl.theme.default.min11ea.css]
[rajbarcode.com/wp-content/themes/vaximo/assets/css/owl.carousel.min11ea.css]
[rajbarcode.com/wp-content/themes/vaximo/assets/css/magnific-popup.min11ea.css]
[rajbarcode.com/wp-content/themes/vaximo/assets/css/animate.min11ea.css]
[rajbarcode.com/wp-content/themes/vaximo/assets/css/boxicons.min11ea.css]
[rajbarcode.com/wp-content/themes/vaximo/assets/css/flaticon11ea.css]
[rajbarcode.com/wp-content/themes/vaximo/assets/css/meanmenu11ea.css]
[rajbarcode.com/wp-content/themes/vaximo/assets/css/nice-select.min11ea.css]
[rajbarcode.com/wp-content/themes/vaximo/assets/css/odometer.min11ea.css]
[rajbarcode.com/wp-content/themes/vaximo/assets/css/all.min11ea.css]
[rajbarcode.com/wp-content/themes/vaximo/assets/css/style.min11ea.css]
[rajbarcode.com/wp-content/themes/vaximo/assets/css/responsive.min11ea.css]
[rajbarcode.com/barcode-security-protecting-your-business-against-counterfeiting-and-fraud/index.html]
[rajbarcode.com/wp-content/themes/vaximo/assets/js/popper.min11ea.js]
[rajbarcode.com/wp-content/themes/vaximo/assets/js/bootstrap.bundle.min11ea.js]
[rajbarcode.com/wp-content/themes/vaximo/assets/js/jquery.meanmenu11ea.js]
[rajbarcode.com/wp-content/themes/vaximo/assets/js/wow.min11ea.js]
[rajbarcode.com/author/rbc_new/index.html]
[rajbarcode.com/wp-content/themes/vaximo/assets/js/owl.carousel.min11ea.js]
[rajbarcode.com/wp-content/themes/vaximo/assets/js/jquery.magnific-popup.min11ea.js]
[rajbarcode.com/wp-content/themes/vaximo/assets/js/jquery.nice-select.min11ea.js]
[rajbarcode.com/wp-content/themes/vaximo/assets/js/parallax.min11ea.js]
[rajbarcode.com/wp-content/themes/vaximo/assets/js/jquery.appear.min11ea.js]
[rajbarcode.com/wp-content/themes/vaximo/assets/js/ofi.min11ea.js]
[rajbarcode.com/wp-content/themes/vaximo/assets/js/carousel-thumbs.min11ea.js]
[rajbarcode.com/wp-content/themes/vaximo/assets/js/main.min11ea.js]
[rajbarcode.com/wp-json/wp/v2/categories/46.json]
[rajbarcode.com/category/track-trace/index.html]
[rajbarcode.com/wp-content/themes/vaximo/assets/js/odometer.min11ea.js]
[rajbarcode.com/wp-content/themes/vaximo/assets/css/bootstrap.min8706.css]
[rajbarcode.com/wp-content/themes/vaximo/assets/css/owl.theme.default.min8706.css]
[rajbarcode.com/wp-content/themes/vaximo/assets/css/owl.carousel.min8706.css]
[rajbarcode.com/wp-content/themes/vaximo/assets/css/magnific-popup.min8706.css]
[rajbarcode.com/wp-content/themes/vaximo/assets/css/animate.min8706.css]
[rajbarcode.com/wp-content/themes/vaximo/assets/css/boxicons.min8706.css]
[rajbarcode.com/wp-content/themes/vaximo/assets/css/flaticon8706.css]
[rajbarcode.com/wp-content/themes/vaximo/assets/css/meanmenu8706.css]
[rajbarcode.com/wp-content/themes/vaximo/assets/css/nice-select.min8706.css]
[rajbarcode.com/wp-content/themes/vaximo/assets/css/odometer.min8706.css]
[rajbarcode.com/wp-content/themes/vaximo/assets/css/all.min8706.css]
[rajbarcode.com/wp-content/themes/vaximo/assets/css/style.min8706.css]
[rajbarcode.com/wp-content/themes/vaximo/assets/css/responsive.min8706.css]
[rajbarcode.com/wp-content/themes/vaximo/assets/js/popper.min8706.js]
[rajbarcode.com/wp-content/themes/vaximo/assets/js/bootstrap.bundle.min8706.js]
[rajbarcode.com/wp-content/themes/vaximo/assets/js/jquery.meanmenu8706.js]
[rajbarcode.com/wp-content/themes/vaximo/assets/js/wow.min8706.js]
[rajbarcode.com/wp-content/themes/vaximo/assets/js/owl.carousel.min8706.js]
[rajbarcode.com/wp-content/themes/vaximo/assets/js/jquery.magnific-popup.min8706.js]
[rajbarcode.com/wp-content/themes/vaximo/assets/js/jquery.nice-select.min8706.js]
[rajbarcode.com/wp-content/themes/vaximo/assets/js/parallax.min8706.js]
[rajbarcode.com/wp-content/themes/vaximo/assets/js/jquery.appear.min8706.js]
[rajbarcode.com/wp-content/themes/vaximo/assets/js/ofi.min8706.js]
[rajbarcode.com/wp-content/themes/vaximo/assets/js/carousel-thumbs.min8706.js]
[rajbarcode.com/wp-content/themes/vaximo/assets/js/main.min8706.js]
[rajbarcode.com/wp-json/wp/v2/categories/1.json]
[rajbarcode.com/wp-content/themes/vaximo/assets/js/odometer.min8706.js]
[rajbarcode.com/category/uncategorized/index.html]
[rajbarcode.com/track-and-trace-system/index.html]
[rajbarcode.com/wp-content/plugins/elementor/assets/css/widget-google_maps.min2801.css]
[rajbarcode.com/wp-content/uploads/elementor/css/post-465f951.css]
[rajbarcode.com/machine-vision-why-is-it-important/index.html]
[rajbarcode.com/wp-content/plugins/exclusive-addons-for-elementor/assets/fonts/feather-icon/feathere8ab.eot]
[rajbarcode.com/category/warehouse-management/index.html]
[rajbarcode.com/work-in-progress-wip-tracking-software/index.html]
[rajbarcode.com/wp-content/plugins/exclusive-addons-for-elementor/assets/fonts/feather-icon/feathere8ab.woff]
[rajbarcode.com/wp-content/plugins/exclusive-addons-for-elementor/assets/fonts/feather-icon/feathere8ab.ttf]
[rajbarcode.com/wp-content/plugins/exclusive-addons-for-elementor/assets/fonts/feather-icon/feather-icon-style.min07cb.css]
[rajbarcode.com/wp-content/themes/vaximo/assets/css/bootstrap.min048e.css]
[rajbarcode.com/wp-content/themes/vaximo/assets/css/owl.theme.default.min048e.css]
[rajbarcode.com/wp-content/themes/vaximo/assets/css/owl.carousel.min048e.css]
[rajbarcode.com/wp-content/themes/vaximo/assets/css/magnific-popup.min048e.css]
[rajbarcode.com/wp-content/themes/vaximo/assets/css/animate.min048e.css]
[rajbarcode.com/wp-content/themes/vaximo/assets/css/boxicons.min048e.css]
[rajbarcode.com/wp-content/themes/vaximo/assets/css/flaticon048e.css]
[rajbarcode.com/wp-content/themes/vaximo/assets/css/meanmenu048e.css]
[rajbarcode.com/wp-content/themes/vaximo/assets/css/nice-select.min048e.css]
[rajbarcode.com/wp-content/themes/vaximo/assets/css/odometer.min048e.css]
[rajbarcode.com/wp-content/themes/vaximo/assets/css/all.min048e.css]
[rajbarcode.com/wp-content/themes/vaximo/assets/css/style.min048e.css]
[rajbarcode.com/wp-content/themes/vaximo/assets/css/responsive.min048e.css]
[rajbarcode.com/wp-content/uploads/elementor/css/post-80536b42.css]
[rajbarcode.com/wp-content/themes/vaximo/assets/css/bootstrap.minc22e.css]
[rajbarcode.com/wp-content/themes/vaximo/assets/css/owl.theme.default.minc22e.css]
[rajbarcode.com/wp-content/themes/vaximo/assets/css/owl.carousel.minc22e.css]
[rajbarcode.com/wp-content/themes/vaximo/assets/css/magnific-popup.minc22e.css]
[rajbarcode.com/wp-content/themes/vaximo/assets/css/animate.minc22e.css]
[rajbarcode.com/wp-content/themes/vaximo/assets/css/boxicons.minc22e.css]
[rajbarcode.com/wp-content/themes/vaximo/assets/css/flaticonc22e.css]
[rajbarcode.com/wp-content/themes/vaximo/assets/css/meanmenuc22e.css]
[rajbarcode.com/wp-content/themes/vaximo/assets/css/nice-select.minc22e.css]
[rajbarcode.com/wp-content/themes/vaximo/assets/css/odometer.minc22e.css]
[rajbarcode.com/wp-content/themes/vaximo/assets/css/all.minc22e.css]
[rajbarcode.com/wp-content/themes/vaximo/assets/css/style.minc22e.css]
[rajbarcode.com/wp-content/themes/vaximo/assets/css/responsive.minc22e.css]
[rajbarcode.com/wp-content/uploads/elementor/css/post-10009315d.css]
[rajbarcode.com/wp-content/plugins/exclusive-addons-for-elementor/assets/fonts/feather-icon/feathere8ab.svg]
[rajbarcode.com/wp-content/themes/vaximo/assets/css/bootstrap.mincf57.css]
[rajbarcode.com/wp-content/themes/vaximo/assets/css/owl.theme.default.mincf57.css]
[rajbarcode.com/wp-content/themes/vaximo/assets/css/owl.carousel.mincf57.css]
[rajbarcode.com/wp-content/themes/vaximo/assets/css/magnific-popup.mincf57.css]
[rajbarcode.com/wp-content/themes/vaximo/assets/css/animate.mincf57.css]
[rajbarcode.com/wp-content/themes/vaximo/assets/css/boxicons.mincf57.css]
[rajbarcode.com/wp-content/themes/vaximo/assets/css/flaticoncf57.css]
[rajbarcode.com/wp-content/themes/vaximo/assets/css/meanmenucf57.css]
[rajbarcode.com/wp-content/themes/vaximo/assets/css/nice-select.mincf57.css]
[rajbarcode.com/wp-content/themes/vaximo/assets/css/odometer.mincf57.css]
[rajbarcode.com/wp-content/themes/vaximo/assets/css/all.mincf57.css]
[rajbarcode.com/wp-content/themes/vaximo/assets/css/style.mincf57.css]
[rajbarcode.com/wp-content/themes/vaximo/assets/css/responsive.mincf57.css]
[rajbarcode.com/wp-content/uploads/elementor/css/custom-widget-accordion.min061a.css]
[rajbarcode.com/wp-content/uploads/elementor/css/post-5308dc28.css]
[rajbarcode.com/case-studies/inventory-tracking-for-pharmaceuticals/index.html]
[rajbarcode.com/case-studies/line-automation-inspection-and-rejection-system-based-track-and-trace-solution/index.html]
[rajbarcode.com/case-studies/manufacturing-andon-system/index.html]
[rajbarcode.com/case-studies/work-in-process-tracking-system/index.html]
[rajbarcode.com/wp-content/themes/vaximo/assets/css/bootstrap.minfee1.css]
[rajbarcode.com/wp-content/themes/vaximo/assets/css/owl.theme.default.minfee1.css]
[rajbarcode.com/wp-content/themes/vaximo/assets/css/owl.carousel.minfee1.css]
[rajbarcode.com/wp-content/themes/vaximo/assets/css/magnific-popup.minfee1.css]
[rajbarcode.com/wp-content/themes/vaximo/assets/css/animate.minfee1.css]
[rajbarcode.com/wp-content/themes/vaximo/assets/css/boxicons.minfee1.css]
[rajbarcode.com/wp-content/themes/vaximo/assets/css/flaticonfee1.css]
[rajbarcode.com/wp-content/themes/vaximo/assets/css/meanmenufee1.css]
[rajbarcode.com/wp-content/themes/vaximo/assets/css/nice-select.minfee1.css]
[rajbarcode.com/wp-content/themes/vaximo/assets/css/odometer.minfee1.css]
[rajbarcode.com/wp-content/themes/vaximo/assets/css/all.minfee1.css]
[rajbarcode.com/wp-content/themes/vaximo/assets/css/style.minfee1.css]
[rajbarcode.com/wp-content/themes/vaximo/assets/css/responsive.minfee1.css]
[rajbarcode.com/wp-content/uploads/elementor/css/post-7872dfae.css]
[rajbarcode.com/wp-content/uploads/elementor/css/post-7878475e.css]
[rajbarcode.com/wp-content/themes/vaximo/assets/css/bootstrap.mind21a.css]
[rajbarcode.com/wp-content/themes/vaximo/assets/css/owl.theme.default.mind21a.css]
[rajbarcode.com/wp-content/themes/vaximo/assets/css/owl.carousel.mind21a.css]
[rajbarcode.com/wp-content/themes/vaximo/assets/css/magnific-popup.mind21a.css]
[rajbarcode.com/wp-content/themes/vaximo/assets/css/animate.mind21a.css]
[rajbarcode.com/wp-content/themes/vaximo/assets/css/boxicons.mind21a.css]
[rajbarcode.com/wp-content/themes/vaximo/assets/css/flaticond21a.css]
[rajbarcode.com/wp-content/themes/vaximo/assets/css/meanmenud21a.css]
[rajbarcode.com/wp-content/themes/vaximo/assets/css/nice-select.mind21a.css]
[rajbarcode.com/wp-content/themes/vaximo/assets/css/odometer.mind21a.css]
[rajbarcode.com/wp-content/themes/vaximo/assets/css/all.mind21a.css]
[rajbarcode.com/wp-content/themes/vaximo/assets/css/style.mind21a.css]
[rajbarcode.com/wp-content/themes/vaximo/assets/css/responsive.mind21a.css]
[rajbarcode.com/wp-content/uploads/elementor/css/post-7859d000.css]
[rajbarcode.com/wp-content/themes/vaximo/assets/css/bootstrap.min3f38.css]
[rajbarcode.com/wp-content/themes/vaximo/assets/css/owl.theme.default.min3f38.css]
[rajbarcode.com/wp-content/themes/vaximo/assets/css/owl.carousel.min3f38.css]
[rajbarcode.com/wp-content/themes/vaximo/assets/css/magnific-popup.min3f38.css]
[rajbarcode.com/wp-content/themes/vaximo/assets/css/animate.min3f38.css]
[rajbarcode.com/wp-content/themes/vaximo/assets/css/boxicons.min3f38.css]
[rajbarcode.com/wp-content/themes/vaximo/assets/css/flaticon3f38.css]
[rajbarcode.com/wp-content/themes/vaximo/assets/css/meanmenu3f38.css]
[rajbarcode.com/wp-content/themes/vaximo/assets/css/nice-select.min3f38.css]
[rajbarcode.com/wp-content/themes/vaximo/assets/css/odometer.min3f38.css]
[rajbarcode.com/wp-content/themes/vaximo/assets/css/all.min3f38.css]
[rajbarcode.com/wp-content/themes/vaximo/assets/css/style.min3f38.css]
[rajbarcode.com/wp-content/themes/vaximo/assets/css/responsive.min3f38.css]
[rajbarcode.com/wp-content/uploads/elementor/css/post-7880405d.css]
[rajbarcode.com/wp-content/themes/vaximo/assets/css/bootstrap.min82d5.css]
[rajbarcode.com/wp-content/themes/vaximo/assets/css/owl.theme.default.min82d5.css]
[rajbarcode.com/wp-content/themes/vaximo/assets/css/owl.carousel.min82d5.css]
[rajbarcode.com/wp-content/themes/vaximo/assets/css/magnific-popup.min82d5.css]
[rajbarcode.com/wp-content/themes/vaximo/assets/css/animate.min82d5.css]
[rajbarcode.com/wp-content/themes/vaximo/assets/css/boxicons.min82d5.css]
[rajbarcode.com/wp-content/themes/vaximo/assets/css/flaticon82d5.css]
[rajbarcode.com/wp-content/themes/vaximo/assets/css/meanmenu82d5.css]
[rajbarcode.com/wp-content/themes/vaximo/assets/css/nice-select.min82d5.css]
[rajbarcode.com/wp-content/themes/vaximo/assets/css/odometer.min82d5.css]
[rajbarcode.com/wp-content/themes/vaximo/assets/css/all.min82d5.css]
[rajbarcode.com/wp-content/themes/vaximo/assets/css/style.min82d5.css]
[rajbarcode.com/wp-content/themes/vaximo/assets/css/responsive.min82d5.css]
[rajbarcode.com/wp-content/uploads/elementor/css/post-78638b4e.css]
[rajbarcode.com/wp-content/themes/vaximo/assets/css/bootstrap.min65cc.css]
[rajbarcode.com/wp-content/themes/vaximo/assets/css/owl.theme.default.min65cc.css]
[rajbarcode.com/wp-content/themes/vaximo/assets/css/owl.carousel.min65cc.css]
[rajbarcode.com/wp-content/themes/vaximo/assets/css/magnific-popup.min65cc.css]
[rajbarcode.com/wp-content/themes/vaximo/assets/css/animate.min65cc.css]
[rajbarcode.com/wp-content/themes/vaximo/assets/css/boxicons.min65cc.css]
[rajbarcode.com/wp-content/themes/vaximo/assets/css/flaticon65cc.css]
[rajbarcode.com/wp-content/themes/vaximo/assets/css/meanmenu65cc.css]
[rajbarcode.com/wp-content/themes/vaximo/assets/css/nice-select.min65cc.css]
[rajbarcode.com/wp-content/themes/vaximo/assets/css/odometer.min65cc.css]
[rajbarcode.com/wp-content/themes/vaximo/assets/css/all.min65cc.css]
[rajbarcode.com/wp-content/themes/vaximo/assets/css/style.min65cc.css]
[rajbarcode.com/wp-content/themes/vaximo/assets/css/responsive.min65cc.css]
[rajbarcode.com/wp-includes/blocks/paragraph/style.min8717.css]
[rajbarcode.com/wp-content/themes/vaximo/assets/css/bootstrap.min9386.css]
[rajbarcode.com/wp-content/themes/vaximo/assets/css/owl.theme.default.min9386.css]
[rajbarcode.com/wp-content/themes/vaximo/assets/css/owl.carousel.min9386.css]
[rajbarcode.com/wp-content/themes/vaximo/assets/css/magnific-popup.min9386.css]
[rajbarcode.com/wp-content/themes/vaximo/assets/css/animate.min9386.css]
[rajbarcode.com/wp-content/themes/vaximo/assets/css/boxicons.min9386.css]
[rajbarcode.com/wp-content/themes/vaximo/assets/css/flaticon9386.css]
[rajbarcode.com/wp-content/themes/vaximo/assets/css/meanmenu9386.css]
[rajbarcode.com/wp-content/themes/vaximo/assets/css/nice-select.min9386.css]
[rajbarcode.com/wp-content/themes/vaximo/assets/css/odometer.min9386.css]
[rajbarcode.com/wp-content/themes/vaximo/assets/css/all.min9386.css]
[rajbarcode.com/wp-content/themes/vaximo/assets/css/style.min9386.css]
[rajbarcode.com/wp-content/themes/vaximo/assets/css/responsive.min9386.css]
[rajbarcode.com/wp-includes/blocks/heading/style.min8717.css]
[rajbarcode.com/wp-includes/blocks/table/style.min8717.css]
[rajbarcode.com/wp-content/uploads/elementor/css/post-3019452f.css]
[rajbarcode.com/wp-content/themes/vaximo/assets/css/bootstrap.min5d19.css]
[rajbarcode.com/wp-content/themes/vaximo/assets/css/owl.theme.default.min5d19.css]
[rajbarcode.com/wp-content/themes/vaximo/assets/css/owl.carousel.min5d19.css]
[rajbarcode.com/wp-content/themes/vaximo/assets/css/magnific-popup.min5d19.css]
[rajbarcode.com/wp-content/themes/vaximo/assets/css/animate.min5d19.css]
[rajbarcode.com/wp-content/themes/vaximo/assets/css/boxicons.min5d19.css]
[rajbarcode.com/wp-content/themes/vaximo/assets/css/flaticon5d19.css]
[rajbarcode.com/wp-content/themes/vaximo/assets/css/meanmenu5d19.css]
[rajbarcode.com/wp-content/themes/vaximo/assets/css/nice-select.min5d19.css]
[rajbarcode.com/wp-content/themes/vaximo/assets/css/odometer.min5d19.css]
[rajbarcode.com/wp-content/themes/vaximo/assets/css/all.min5d19.css]
[rajbarcode.com/wp-content/themes/vaximo/assets/css/style.min5d19.css]
[rajbarcode.com/wp-content/themes/vaximo/assets/css/responsive.min5d19.css]
[rajbarcode.com/wp-content/uploads/elementor/css/post-3129f1a8.css]
[rajbarcode.com/wp-content/themes/vaximo/assets/css/bootstrap.min919d.css]
[rajbarcode.com/wp-content/themes/vaximo/assets/css/owl.theme.default.min919d.css]
[rajbarcode.com/wp-content/themes/vaximo/assets/css/owl.carousel.min919d.css]
[rajbarcode.com/wp-content/themes/vaximo/assets/css/magnific-popup.min919d.css]
[rajbarcode.com/wp-content/themes/vaximo/assets/css/animate.min919d.css]
[rajbarcode.com/wp-content/themes/vaximo/assets/css/boxicons.min919d.css]
[rajbarcode.com/wp-content/themes/vaximo/assets/css/flaticon919d.css]
[rajbarcode.com/wp-content/themes/vaximo/assets/css/meanmenu919d.css]
[rajbarcode.com/wp-content/themes/vaximo/assets/css/nice-select.min919d.css]
[rajbarcode.com/wp-content/themes/vaximo/assets/css/odometer.min919d.css]
[rajbarcode.com/wp-content/themes/vaximo/assets/css/all.min919d.css]
[rajbarcode.com/wp-content/themes/vaximo/assets/css/style.min919d.css]
[rajbarcode.com/wp-content/themes/vaximo/assets/css/responsive.min919d.css]
[rajbarcode.com/wp-content/uploads/elementor/css/post-598034b1.css]
[rajbarcode.com/products/barcode-printers/desktop-printers/index.html]
[rajbarcode.com/wp-content/uploads/elementor/css/post-59918316.css]
[rajbarcode.com/wp-content/themes/vaximo/assets/css/bootstrap.minc93f.css]
[rajbarcode.com/wp-content/themes/vaximo/assets/css/owl.theme.default.minc93f.css]
[rajbarcode.com/wp-content/themes/vaximo/assets/css/owl.carousel.minc93f.css]
[rajbarcode.com/wp-content/themes/vaximo/assets/css/magnific-popup.minc93f.css]
[rajbarcode.com/wp-content/themes/vaximo/assets/css/animate.minc93f.css]
[rajbarcode.com/wp-content/themes/vaximo/assets/css/boxicons.minc93f.css]
[rajbarcode.com/wp-content/themes/vaximo/assets/css/flaticonc93f.css]
[rajbarcode.com/wp-content/themes/vaximo/assets/css/meanmenuc93f.css]
[rajbarcode.com/wp-content/themes/vaximo/assets/css/nice-select.minc93f.css]
[rajbarcode.com/wp-content/themes/vaximo/assets/css/odometer.minc93f.css]
[rajbarcode.com/wp-content/themes/vaximo/assets/css/all.minc93f.css]
[rajbarcode.com/wp-content/themes/vaximo/assets/css/style.minc93f.css]
[rajbarcode.com/wp-content/themes/vaximo/assets/css/responsive.minc93f.css]
[rajbarcode.com/wp-content/uploads/elementor/css/post-59937010.css]
[rajbarcode.com/wp-content/uploads/elementor/css/post-1112323ac.css]
[rajbarcode.com/wp-content/uploads/elementor/css/post-1111460b1.css]
[rajbarcode.com/wp-content/themes/vaximo/assets/css/bootstrap.min8909.css]
[rajbarcode.com/wp-content/themes/vaximo/assets/css/owl.theme.default.min8909.css]
[rajbarcode.com/wp-content/themes/vaximo/assets/css/owl.carousel.min8909.css]
[rajbarcode.com/wp-content/themes/vaximo/assets/css/magnific-popup.min8909.css]
[rajbarcode.com/wp-content/themes/vaximo/assets/css/animate.min8909.css]
[rajbarcode.com/wp-content/themes/vaximo/assets/css/boxicons.min8909.css]
[rajbarcode.com/wp-content/themes/vaximo/assets/css/flaticon8909.css]
[rajbarcode.com/wp-content/themes/vaximo/assets/css/meanmenu8909.css]
[rajbarcode.com/wp-content/themes/vaximo/assets/css/nice-select.min8909.css]
[rajbarcode.com/wp-content/themes/vaximo/assets/css/odometer.min8909.css]
[rajbarcode.com/wp-content/themes/vaximo/assets/css/all.min8909.css]
[rajbarcode.com/wp-content/themes/vaximo/assets/css/style.min8909.css]
[rajbarcode.com/wp-content/themes/vaximo/assets/css/responsive.min8909.css]
[rajbarcode.com/wp-json/oembed/1.0/embed6ee8]
[rajbarcode.com/wp-json/oembed/1.0/embed6787]
[rajbarcode.com/wp-content/uploads/2024/02/manufacturing-6.png]
[rajbarcode.com/wp-content/uploads/2024/01/Seamless-Integration-with-Production-Lines-and-Control-Systems-1.png]
[rajbarcode.com/wp-content/uploads/2024/01/zt600-rfid-spec-sheet-1.pdf]
[rajbarcode.com/wp-content/uploads/2025/03/production-1.png]
[rajbarcode.com/wp-content/uploads/2024/02/food-and-bev-2.png]
[rajbarcode.com/wp-content/uploads/elementor/css/post-144439077.css]
[rajbarcode.com/wp-content/themes/vaximo/assets/css/bootstrap.min662f.css]
[rajbarcode.com/wp-content/themes/vaximo/assets/css/owl.theme.default.min662f.css]
[rajbarcode.com/wp-content/themes/vaximo/assets/css/owl.carousel.min662f.css]
[rajbarcode.com/wp-content/themes/vaximo/assets/css/magnific-popup.min662f.css]
[rajbarcode.com/wp-content/themes/vaximo/assets/css/animate.min662f.css]
[rajbarcode.com/wp-content/themes/vaximo/assets/css/boxicons.min662f.css]
[rajbarcode.com/wp-content/themes/vaximo/assets/css/flaticon662f.css]
[rajbarcode.com/wp-content/themes/vaximo/assets/css/meanmenu662f.css]
[rajbarcode.com/wp-content/themes/vaximo/assets/css/nice-select.min662f.css]
[rajbarcode.com/wp-content/themes/vaximo/assets/css/odometer.min662f.css]
[rajbarcode.com/wp-content/themes/vaximo/assets/css/all.min662f.css]
[rajbarcode.com/wp-content/themes/vaximo/assets/css/style.min662f.css]
[rajbarcode.com/wp-content/themes/vaximo/assets/css/responsive.min662f.css]
[rajbarcode.com/wp-content/uploads/elementor/css/post-858349bb.css]
[rajbarcode.com/wp-content/plugins/exclusive-addons-for-elementor/assets/fonts/teeny-icon/teenyicon7ad8.svg]
[rajbarcode.com/wp-content/themes/vaximo/assets/css/bootstrap.min178f.css]
[rajbarcode.com/wp-content/themes/vaximo/assets/css/owl.theme.default.min178f.css]
[rajbarcode.com/wp-content/themes/vaximo/assets/css/owl.carousel.min178f.css]
[rajbarcode.com/wp-content/themes/vaximo/assets/css/magnific-popup.min178f.css]
[rajbarcode.com/wp-content/themes/vaximo/assets/css/animate.min178f.css]
[rajbarcode.com/wp-content/themes/vaximo/assets/css/boxicons.min178f.css]
[rajbarcode.com/wp-content/themes/vaximo/assets/css/flaticon178f.css]
[rajbarcode.com/wp-content/themes/vaximo/assets/css/meanmenu178f.css]
[rajbarcode.com/wp-content/themes/vaximo/assets/css/nice-select.min178f.css]
[rajbarcode.com/wp-content/themes/vaximo/assets/css/odometer.min178f.css]
[rajbarcode.com/wp-content/themes/vaximo/assets/css/all.min178f.css]
[rajbarcode.com/wp-content/themes/vaximo/assets/css/style.min178f.css]
[rajbarcode.com/wp-content/themes/vaximo/assets/css/responsive.min178f.css]
[rajbarcode.com/wp-content/uploads/elementor/css/custom-widget-image-gallery.min061a.css]
[rajbarcode.com/wp-content/uploads/elementor/css/post-5932e3c2.css]
[rajbarcode.com/wp-content/themes/vaximo/assets/css/bootstrap.mineab7.css]
[rajbarcode.com/wp-content/themes/vaximo/assets/css/owl.theme.default.mineab7.css]
[rajbarcode.com/wp-content/themes/vaximo/assets/css/owl.carousel.mineab7.css]
[rajbarcode.com/wp-content/themes/vaximo/assets/css/magnific-popup.mineab7.css]
[rajbarcode.com/wp-content/themes/vaximo/assets/css/animate.mineab7.css]
[rajbarcode.com/wp-content/themes/vaximo/assets/css/boxicons.mineab7.css]
[rajbarcode.com/wp-content/themes/vaximo/assets/css/flaticoneab7.css]
[rajbarcode.com/wp-content/themes/vaximo/assets/css/meanmenueab7.css]
[rajbarcode.com/wp-content/themes/vaximo/assets/css/nice-select.mineab7.css]
[rajbarcode.com/wp-content/themes/vaximo/assets/css/odometer.mineab7.css]
[rajbarcode.com/wp-content/themes/vaximo/assets/css/all.mineab7.css]
[rajbarcode.com/wp-content/themes/vaximo/assets/css/style.mineab7.css]
[rajbarcode.com/wp-content/themes/vaximo/assets/css/responsive.mineab7.css]
[rajbarcode.com/wp-content/uploads/elementor/css/post-5905cd68.css]
[rajbarcode.com/wp-content/themes/vaximo/assets/css/bootstrap.min0750.css]
[rajbarcode.com/wp-content/themes/vaximo/assets/css/owl.theme.default.min0750.css]
[rajbarcode.com/wp-content/themes/vaximo/assets/css/owl.carousel.min0750.css]
[rajbarcode.com/wp-content/themes/vaximo/assets/css/magnific-popup.min0750.css]
[rajbarcode.com/wp-content/themes/vaximo/assets/css/animate.min0750.css]
[rajbarcode.com/wp-content/themes/vaximo/assets/css/boxicons.min0750.css]
[rajbarcode.com/wp-content/themes/vaximo/assets/css/flaticon0750.css]
[rajbarcode.com/wp-content/themes/vaximo/assets/css/meanmenu0750.css]
[rajbarcode.com/wp-content/themes/vaximo/assets/css/nice-select.min0750.css]
[rajbarcode.com/wp-content/themes/vaximo/assets/css/odometer.min0750.css]
[rajbarcode.com/wp-content/themes/vaximo/assets/css/all.min0750.css]
[rajbarcode.com/wp-content/themes/vaximo/assets/css/style.min0750.css]
[rajbarcode.com/wp-content/themes/vaximo/assets/css/responsive.min0750.css]
[rajbarcode.com/wp-content/themes/vaximo/assets/js/popper.min0750.js]
[rajbarcode.com/wp-content/themes/vaximo/assets/js/bootstrap.bundle.min0750.js]
[rajbarcode.com/wp-content/themes/vaximo/assets/js/jquery.meanmenu0750.js]
[rajbarcode.com/wp-content/themes/vaximo/assets/js/wow.min0750.js]
[rajbarcode.com/wp-content/themes/vaximo/assets/js/owl.carousel.min0750.js]
[rajbarcode.com/wp-content/themes/vaximo/assets/js/jquery.magnific-popup.min0750.js]
[rajbarcode.com/wp-content/themes/vaximo/assets/js/jquery.nice-select.min0750.js]
[rajbarcode.com/wp-content/themes/vaximo/assets/js/parallax.min0750.js]
[rajbarcode.com/wp-content/themes/vaximo/assets/js/jquery.appear.min0750.js]
[rajbarcode.com/wp-content/themes/vaximo/assets/js/ofi.min0750.js]
[rajbarcode.com/wp-content/themes/vaximo/assets/js/carousel-thumbs.min0750.js]
[rajbarcode.com/wp-content/themes/vaximo/assets/js/main.min0750.js]
[rajbarcode.com/wp-content/themes/vaximo/assets/js/odometer.min0750.js]
[rajbarcode.com/blog/page/3/index.html]
[rajbarcode.com/wp-content/themes/vaximo/assets/css/bootstrap.minc601.css]
[rajbarcode.com/wp-content/themes/vaximo/assets/css/owl.theme.default.minc601.css]
[rajbarcode.com/wp-content/themes/vaximo/assets/css/owl.carousel.minc601.css]
[rajbarcode.com/wp-content/themes/vaximo/assets/css/magnific-popup.minc601.css]
[rajbarcode.com/wp-content/themes/vaximo/assets/css/animate.minc601.css]
[rajbarcode.com/wp-content/themes/vaximo/assets/css/boxicons.minc601.css]
[rajbarcode.com/wp-content/themes/vaximo/assets/css/flaticonc601.css]
[rajbarcode.com/wp-content/themes/vaximo/assets/css/meanmenuc601.css]
[rajbarcode.com/wp-content/themes/vaximo/assets/css/nice-select.minc601.css]
[rajbarcode.com/wp-content/themes/vaximo/assets/css/odometer.minc601.css]
[rajbarcode.com/wp-content/themes/vaximo/assets/css/all.minc601.css]
[rajbarcode.com/wp-content/themes/vaximo/assets/css/style.minc601.css]
[rajbarcode.com/wp-content/themes/vaximo/assets/css/responsive.minc601.css]
[rajbarcode.com/wp-content/uploads/2025/09/Raj-Barcode-RFID-visual-for-blog.jpg]
[rajbarcode.com/wp-content/themes/vaximo/assets/css/bootstrap.mine038.css]
[rajbarcode.com/wp-content/themes/vaximo/assets/css/owl.theme.default.mine038.css]
[rajbarcode.com/wp-content/themes/vaximo/assets/css/owl.carousel.mine038.css]
[rajbarcode.com/wp-content/themes/vaximo/assets/css/magnific-popup.mine038.css]
[rajbarcode.com/wp-content/themes/vaximo/assets/css/animate.mine038.css]
[rajbarcode.com/wp-content/themes/vaximo/assets/css/boxicons.mine038.css]
[rajbarcode.com/wp-content/themes/vaximo/assets/css/flaticone038.css]
[rajbarcode.com/wp-content/themes/vaximo/assets/css/meanmenue038.css]
[rajbarcode.com/wp-content/themes/vaximo/assets/css/nice-select.mine038.css]
[rajbarcode.com/advantages-of-warehouse-management-system/index.html]
[rajbarcode.com/wp-content/themes/vaximo/assets/css/odometer.mine038.css]
[rajbarcode.com/wp-content/themes/vaximo/assets/css/all.mine038.css]
[rajbarcode.com/wp-content/themes/vaximo/assets/css/style.mine038.css]
[rajbarcode.com/wp-content/themes/vaximo/assets/css/responsive.mine038.css]
[rajbarcode.com/wp-content/themes/vaximo/assets/js/popper.mine038.js]
[rajbarcode.com/wp-content/themes/vaximo/assets/js/bootstrap.bundle.mine038.js]
[rajbarcode.com/wp-content/themes/vaximo/assets/js/jquery.meanmenue038.js]
[rajbarcode.com/wp-content/themes/vaximo/assets/js/wow.mine038.js]
[rajbarcode.com/wp-content/themes/vaximo/assets/js/owl.carousel.mine038.js]
[rajbarcode.com/wp-content/themes/vaximo/assets/js/jquery.magnific-popup.mine038.js]
[rajbarcode.com/wp-content/themes/vaximo/assets/js/jquery.nice-select.mine038.js]
[rajbarcode.com/wp-content/themes/vaximo/assets/js/parallax.mine038.js]
[rajbarcode.com/wp-content/themes/vaximo/assets/js/jquery.appear.mine038.js]
[rajbarcode.com/wp-content/themes/vaximo/assets/js/ofi.mine038.js]
[rajbarcode.com/wp-content/themes/vaximo/assets/js/carousel-thumbs.mine038.js]
[rajbarcode.com/wp-content/themes/vaximo/assets/js/main.mine038.js]
[rajbarcode.com/wp-json/wp/v2/posts/17348.json]
[rajbarcode.com/wp-content/uploads/2025/09/Raj-Barcode-RFID-visual-for-blog-200x300.jpg]
[rajbarcode.com/rfid-for-inventory-management/index.html]
[rajbarcode.com/wp-content/themes/vaximo/assets/js/odometer.mine038.js]
[rajbarcode.com/wp-json/oembed/1.0/embed7c20.json]
[rajbarcode.com/wp-json/oembed/1.0/embed1d35]
[rajbarcode.com/wp-json/wp/v2/posts/17339.json]
[rajbarcode.com/barcode-rfid-solutions-for-frozen-food/index.html]
[rajbarcode.com/wp-json/oembed/1.0/embedc2f4.json]
[rajbarcode.com/wp-json/oembed/1.0/embed4e47]
[rajbarcode.com/wp-json/wp/v2/posts/16699.json]
[rajbarcode.com/extended-warehouse-management/index.html]
[rajbarcode.com/wp-json/oembed/1.0/embedc8ff.json]
[rajbarcode.com/wp-json/oembed/1.0/embed4b2a]
[rajbarcode.com/zone-1-certified-tablets/index.html]
[rajbarcode.com/wp-content/themes/vaximo/assets/css/bootstrap.min5cd8.css]
[rajbarcode.com/wp-content/themes/vaximo/assets/css/owl.theme.default.min5cd8.css]
[rajbarcode.com/wp-content/themes/vaximo/assets/css/owl.carousel.min5cd8.css]
[rajbarcode.com/wp-content/themes/vaximo/assets/css/magnific-popup.min5cd8.css]
[rajbarcode.com/wp-content/themes/vaximo/assets/css/animate.min5cd8.css]
[rajbarcode.com/wp-content/themes/vaximo/assets/css/boxicons.min5cd8.css]
[rajbarcode.com/wp-content/themes/vaximo/assets/css/flaticon5cd8.css]
[rajbarcode.com/wp-content/themes/vaximo/assets/css/meanmenu5cd8.css]
[rajbarcode.com/wp-content/themes/vaximo/assets/css/nice-select.min5cd8.css]
[rajbarcode.com/wp-content/themes/vaximo/assets/css/odometer.min5cd8.css]
[rajbarcode.com/wp-content/themes/vaximo/assets/css/all.min5cd8.css]
[rajbarcode.com/wp-content/themes/vaximo/assets/css/style.min5cd8.css]
[rajbarcode.com/wp-content/themes/vaximo/assets/css/responsive.min5cd8.css]
[rajbarcode.com/wp-content/themes/vaximo/assets/js/popper.min5cd8.js]
[rajbarcode.com/wp-content/themes/vaximo/assets/js/bootstrap.bundle.min5cd8.js]
[rajbarcode.com/wp-content/themes/vaximo/assets/js/jquery.meanmenu5cd8.js]
[rajbarcode.com/wp-content/themes/vaximo/assets/js/wow.min5cd8.js]
[rajbarcode.com/wp-content/themes/vaximo/assets/js/owl.carousel.min5cd8.js]
[rajbarcode.com/wp-content/themes/vaximo/assets/js/jquery.magnific-popup.min5cd8.js]
[rajbarcode.com/wp-content/themes/vaximo/assets/js/jquery.nice-select.min5cd8.js]
[rajbarcode.com/wp-content/themes/vaximo/assets/js/parallax.min5cd8.js]
[rajbarcode.com/wp-content/themes/vaximo/assets/js/jquery.appear.min5cd8.js]
[rajbarcode.com/wp-content/themes/vaximo/assets/js/ofi.min5cd8.js]
[rajbarcode.com/wp-content/themes/vaximo/assets/js/carousel-thumbs.min5cd8.js]
[rajbarcode.com/wp-content/themes/vaximo/assets/js/main.min5cd8.js]
[rajbarcode.com/wp-json/wp/v2/posts/16701.json]
[rajbarcode.com/zone-1-certified-scanners/index.html]
[rajbarcode.com/wp-content/themes/vaximo/assets/js/odometer.min5cd8.js]
[rajbarcode.com/wp-content/uploads/2024/09/Designer-300x300.jpg]
[rajbarcode.com/wp-json/oembed/1.0/embed9ee2.json]
[rajbarcode.com/wp-json/oembed/1.0/embed65ef]
[rajbarcode.com/wp-content/themes/vaximo/assets/css/bootstrap.min6c50.css]
[rajbarcode.com/wp-content/themes/vaximo/assets/css/owl.theme.default.min6c50.css]
[rajbarcode.com/wp-content/themes/vaximo/assets/css/owl.carousel.min6c50.css]
[rajbarcode.com/wp-content/themes/vaximo/assets/css/magnific-popup.min6c50.css]
[rajbarcode.com/wp-content/themes/vaximo/assets/css/animate.min6c50.css]
[rajbarcode.com/wp-content/themes/vaximo/assets/css/boxicons.min6c50.css]
[rajbarcode.com/wp-content/themes/vaximo/assets/css/flaticon6c50.css]
[rajbarcode.com/wp-content/themes/vaximo/assets/css/meanmenu6c50.css]
[rajbarcode.com/wp-content/themes/vaximo/assets/css/nice-select.min6c50.css]
[rajbarcode.com/wp-content/themes/vaximo/assets/css/odometer.min6c50.css]
[rajbarcode.com/wp-content/themes/vaximo/assets/css/all.min6c50.css]
[rajbarcode.com/wp-content/themes/vaximo/assets/css/style.min6c50.css]
[rajbarcode.com/wp-content/themes/vaximo/assets/css/responsive.min6c50.css]
[rajbarcode.com/wp-content/themes/vaximo/assets/js/popper.min6c50.js]
[rajbarcode.com/wp-content/themes/vaximo/assets/js/bootstrap.bundle.min6c50.js]
[rajbarcode.com/wp-content/themes/vaximo/assets/js/jquery.meanmenu6c50.js]
[rajbarcode.com/wp-content/themes/vaximo/assets/js/wow.min6c50.js]
[rajbarcode.com/wp-content/themes/vaximo/assets/js/owl.carousel.min6c50.js]
[rajbarcode.com/wp-content/themes/vaximo/assets/js/jquery.magnific-popup.min6c50.js]
[rajbarcode.com/wp-content/themes/vaximo/assets/js/jquery.nice-select.min6c50.js]
[rajbarcode.com/wp-content/themes/vaximo/assets/js/parallax.min6c50.js]
[rajbarcode.com/wp-content/themes/vaximo/assets/js/jquery.appear.min6c50.js]
[rajbarcode.com/wp-content/themes/vaximo/assets/js/ofi.min6c50.js]
[rajbarcode.com/wp-content/themes/vaximo/assets/js/carousel-thumbs.min6c50.js]
[rajbarcode.com/wp-content/themes/vaximo/assets/js/main.min6c50.js]
[rajbarcode.com/wp-json/wp/v2/posts/15560.json]
[rajbarcode.com/wp-content/themes/vaximo/assets/js/odometer.min6c50.js]
[rajbarcode.com/track-and-trace-system-liquor-pharmaceuticals/index.html]
[rajbarcode.com/wp-content/uploads/2024/09/21cfr-wms-300x214.jpg]
[rajbarcode.com/wp-json/oembed/1.0/embed722b.json]
[rajbarcode.com/wp-json/oembed/1.0/embedfc02]
[rajbarcode.com/wp-json/wp/v2/posts/15557.json]
[rajbarcode.com/21cfr-wms-for-pharmaceuticals/index.html]
[rajbarcode.com/wp-content/uploads/2024/08/weighing-dispensing-solution-300x200.jpg]
[rajbarcode.com/wp-json/oembed/1.0/embede93f.json]
[rajbarcode.com/wp-json/oembed/1.0/embed22d3]
[rajbarcode.com/wp-content/themes/vaximo/assets/css/bootstrap.min0523.css]
[rajbarcode.com/wp-content/themes/vaximo/assets/css/owl.theme.default.min0523.css]
[rajbarcode.com/wp-content/themes/vaximo/assets/css/owl.carousel.min0523.css]
[rajbarcode.com/wp-content/themes/vaximo/assets/css/magnific-popup.min0523.css]
[rajbarcode.com/wp-content/themes/vaximo/assets/css/animate.min0523.css]
[rajbarcode.com/wp-content/themes/vaximo/assets/css/boxicons.min0523.css]
[rajbarcode.com/wp-content/themes/vaximo/assets/css/flaticon0523.css]
[rajbarcode.com/wp-content/themes/vaximo/assets/css/meanmenu0523.css]
[rajbarcode.com/wp-content/themes/vaximo/assets/css/nice-select.min0523.css]
[rajbarcode.com/wp-content/themes/vaximo/assets/css/odometer.min0523.css]
[rajbarcode.com/wp-content/themes/vaximo/assets/css/all.min0523.css]
[rajbarcode.com/wp-content/themes/vaximo/assets/css/style.min0523.css]
[rajbarcode.com/wp-content/themes/vaximo/assets/css/responsive.min0523.css]
[rajbarcode.com/wp-content/themes/vaximo/assets/js/popper.min0523.js]
[rajbarcode.com/wp-content/themes/vaximo/assets/js/bootstrap.bundle.min0523.js]
[rajbarcode.com/wp-content/themes/vaximo/assets/js/jquery.meanmenu0523.js]
[rajbarcode.com/wp-content/themes/vaximo/assets/js/wow.min0523.js]
[rajbarcode.com/wp-content/themes/vaximo/assets/js/owl.carousel.min0523.js]
[rajbarcode.com/wp-content/themes/vaximo/assets/js/jquery.magnific-popup.min0523.js]
[rajbarcode.com/wp-content/themes/vaximo/assets/js/jquery.nice-select.min0523.js]
[rajbarcode.com/wp-content/themes/vaximo/assets/js/parallax.min0523.js]
[rajbarcode.com/wp-content/themes/vaximo/assets/js/jquery.appear.min0523.js]
[rajbarcode.com/wp-content/themes/vaximo/assets/js/ofi.min0523.js]
[rajbarcode.com/wp-content/themes/vaximo/assets/js/carousel-thumbs.min0523.js]
[rajbarcode.com/wp-content/themes/vaximo/assets/js/main.min0523.js]
[rajbarcode.com/wp-json/wp/v2/posts/15539.json]
[rajbarcode.com/weighing-dispensing-solution-pharma/index.html]
[rajbarcode.com/wp-content/themes/vaximo/assets/js/odometer.min0523.js]
[rajbarcode.com/wp-content/uploads/2024/08/pharmacy-wms-300x300.jpg]
[rajbarcode.com/wp-json/oembed/1.0/embeda21c.json]
[rajbarcode.com/wp-json/oembed/1.0/embed48e8]
[rajbarcode.com/wp-content/themes/vaximo/assets/css/bootstrap.mina56d.css]
[rajbarcode.com/wp-content/themes/vaximo/assets/css/owl.theme.default.mina56d.css]
[rajbarcode.com/wp-content/themes/vaximo/assets/css/owl.carousel.mina56d.css]
[rajbarcode.com/wp-content/themes/vaximo/assets/css/magnific-popup.mina56d.css]
[rajbarcode.com/wp-content/themes/vaximo/assets/css/animate.mina56d.css]
[rajbarcode.com/wp-content/themes/vaximo/assets/css/boxicons.mina56d.css]
[rajbarcode.com/wp-content/themes/vaximo/assets/css/flaticona56d.css]
[rajbarcode.com/wp-content/themes/vaximo/assets/css/meanmenua56d.css]
[rajbarcode.com/wp-content/themes/vaximo/assets/css/nice-select.mina56d.css]
[rajbarcode.com/wp-content/themes/vaximo/assets/css/odometer.mina56d.css]
[rajbarcode.com/wp-content/themes/vaximo/assets/css/all.mina56d.css]
[rajbarcode.com/wp-content/themes/vaximo/assets/css/style.mina56d.css]
[rajbarcode.com/wp-content/themes/vaximo/assets/css/responsive.mina56d.css]
[rajbarcode.com/wp-content/themes/vaximo/assets/js/popper.mina56d.js]
[rajbarcode.com/wp-content/themes/vaximo/assets/js/bootstrap.bundle.mina56d.js]
[rajbarcode.com/wp-content/themes/vaximo/assets/js/jquery.meanmenua56d.js]
[rajbarcode.com/wp-content/themes/vaximo/assets/js/wow.mina56d.js]
[rajbarcode.com/wp-content/themes/vaximo/assets/js/owl.carousel.mina56d.js]
[rajbarcode.com/wp-content/themes/vaximo/assets/js/jquery.magnific-popup.mina56d.js]
[rajbarcode.com/wp-content/themes/vaximo/assets/js/jquery.nice-select.mina56d.js]
[rajbarcode.com/wp-content/themes/vaximo/assets/js/parallax.mina56d.js]
[rajbarcode.com/wp-content/themes/vaximo/assets/js/jquery.appear.mina56d.js]
[rajbarcode.com/wp-content/themes/vaximo/assets/js/ofi.mina56d.js]
[rajbarcode.com/wp-content/themes/vaximo/assets/js/carousel-thumbs.mina56d.js]
[rajbarcode.com/wp-content/themes/vaximo/assets/js/main.mina56d.js]
[rajbarcode.com/wp-json/wp/v2/posts/15536.json]
[rajbarcode.com/pharmaceurical-warehouse-management-system/index.html]
[rajbarcode.com/wp-content/uploads/2024/08/asset-tracking-300x176.png]
[rajbarcode.com/wp-content/themes/vaximo/assets/js/odometer.mina56d.js]
[rajbarcode.com/wp-json/oembed/1.0/embedf13b.json]
[rajbarcode.com/wp-json/oembed/1.0/embed6a27]
[rajbarcode.com/wp-content/themes/vaximo/assets/css/bootstrap.minbd49.css]
[rajbarcode.com/wp-content/themes/vaximo/assets/css/owl.theme.default.minbd49.css]
[rajbarcode.com/wp-content/themes/vaximo/assets/css/owl.carousel.minbd49.css]
[rajbarcode.com/wp-content/themes/vaximo/assets/css/magnific-popup.minbd49.css]
[rajbarcode.com/wp-content/themes/vaximo/assets/css/animate.minbd49.css]
[rajbarcode.com/wp-content/themes/vaximo/assets/css/flaticonbd49.css]
[rajbarcode.com/wp-content/themes/vaximo/assets/css/boxicons.minbd49.css]
[rajbarcode.com/wp-content/themes/vaximo/assets/css/meanmenubd49.css]
[rajbarcode.com/wp-content/themes/vaximo/assets/css/nice-select.minbd49.css]
[rajbarcode.com/wp-content/themes/vaximo/assets/css/odometer.minbd49.css]
[rajbarcode.com/wp-content/themes/vaximo/assets/css/all.minbd49.css]
[rajbarcode.com/wp-content/themes/vaximo/assets/css/responsive.minbd49.css]
[rajbarcode.com/wp-content/themes/vaximo/assets/css/style.minbd49.css]
[rajbarcode.com/wp-content/themes/vaximo/assets/js/bootstrap.bundle.minbd49.js]
[rajbarcode.com/wp-content/themes/vaximo/assets/js/jquery.meanmenubd49.js]
[rajbarcode.com/wp-content/themes/vaximo/assets/js/wow.minbd49.js]
[rajbarcode.com/wp-content/themes/vaximo/assets/js/owl.carousel.minbd49.js]
[rajbarcode.com/wp-content/themes/vaximo/assets/js/jquery.magnific-popup.minbd49.js]
[rajbarcode.com/wp-content/themes/vaximo/assets/js/jquery.nice-select.minbd49.js]
[rajbarcode.com/wp-content/themes/vaximo/assets/js/parallax.minbd49.js]
[rajbarcode.com/wp-content/themes/vaximo/assets/js/jquery.appear.minbd49.js]
[rajbarcode.com/wp-content/themes/vaximo/assets/js/ofi.minbd49.js]
[rajbarcode.com/wp-content/themes/vaximo/assets/js/carousel-thumbs.minbd49.js]
[rajbarcode.com/wp-content/themes/vaximo/assets/js/main.minbd49.js]
[rajbarcode.com/wp-json/wp/v2/posts/15494.json]
[rajbarcode.com/asset-tracking-features-uses/index.html]
[rajbarcode.com/wp-content/themes/vaximo/assets/css/owl.carousel.min09a3.css]
[rajbarcode.com/wp-content/themes/vaximo/assets/css/magnific-popup.min09a3.css]
[rajbarcode.com/wp-content/themes/vaximo/assets/css/animate.min09a3.css]
[rajbarcode.com/wp-content/themes/vaximo/assets/css/boxicons.min09a3.css]
[rajbarcode.com/wp-content/themes/vaximo/assets/css/flaticon09a3.css]
[rajbarcode.com/wp-content/themes/vaximo/assets/css/meanmenu09a3.css]
[rajbarcode.com/wp-content/themes/vaximo/assets/css/nice-select.min09a3.css]
[rajbarcode.com/wp-content/themes/vaximo/assets/css/odometer.min09a3.css]
[rajbarcode.com/wp-content/themes/vaximo/assets/css/all.min09a3.css]
[rajbarcode.com/wp-content/themes/vaximo/assets/js/odometer.minbd49.js]
[rajbarcode.com/wp-content/themes/vaximo/assets/css/style.min09a3.css]
[rajbarcode.com/wp-content/themes/vaximo/assets/css/responsive.min09a3.css]
[rajbarcode.com/author/muskan/index6146.html]
[rajbarcode.com/author/muskan/index8a68.html]
[rajbarcode.com/wp-content/themes/vaximo/assets/css/bootstrap.min09a3.css]
[rajbarcode.com/wp-json/oembed/1.0/embed5b55]
[rajbarcode.com/wp-content/themes/vaximo/assets/css/bootstrap.mincdb8.css]
[rajbarcode.com/wp-content/themes/vaximo/assets/css/owl.theme.default.mincdb8.css]
[rajbarcode.com/wp-content/themes/vaximo/assets/css/owl.carousel.mincdb8.css]
[rajbarcode.com/wp-content/themes/vaximo/assets/css/magnific-popup.mincdb8.css]
[rajbarcode.com/wp-content/themes/vaximo/assets/css/animate.mincdb8.css]
[rajbarcode.com/wp-content/themes/vaximo/assets/css/boxicons.mincdb8.css]
[rajbarcode.com/wp-content/themes/vaximo/assets/css/flaticoncdb8.css]
[rajbarcode.com/wp-content/themes/vaximo/assets/css/meanmenucdb8.css]
[rajbarcode.com/wp-content/themes/vaximo/assets/css/nice-select.mincdb8.css]
[rajbarcode.com/wp-content/themes/vaximo/assets/css/odometer.mincdb8.css]
[rajbarcode.com/wp-content/themes/vaximo/assets/css/all.mincdb8.css]
[rajbarcode.com/wp-content/themes/vaximo/assets/css/style.mincdb8.css]
[rajbarcode.com/wp-content/themes/vaximo/assets/css/responsive.mincdb8.css]
[rajbarcode.com/wp-content/themes/vaximo/assets/css/owl.theme.default.min09a3.css]
[rajbarcode.com/wp-json/oembed/1.0/embed3ce1.json]
[rajbarcode.com/author/muskan/page/3/index.html]
[rajbarcode.com/wp-json/oembed/1.0/embed0ab2]
[rajbarcode.com/wp-content/themes/vaximo/assets/css/bootstrap.mine328.css]
[rajbarcode.com/wp-content/themes/vaximo/assets/css/owl.theme.default.mine328.css]
[rajbarcode.com/wp-content/themes/vaximo/assets/css/owl.carousel.mine328.css]
[rajbarcode.com/wp-content/themes/vaximo/assets/css/magnific-popup.mine328.css]
[rajbarcode.com/wp-content/themes/vaximo/assets/css/animate.mine328.css]
[rajbarcode.com/wp-content/themes/vaximo/assets/css/boxicons.mine328.css]
[rajbarcode.com/wp-content/themes/vaximo/assets/css/flaticone328.css]
[rajbarcode.com/author/muskan/page/2/index.html]
[rajbarcode.com/wp-content/themes/vaximo/assets/css/meanmenue328.css]
[rajbarcode.com/wp-content/themes/vaximo/assets/css/nice-select.mine328.css]
[rajbarcode.com/wp-content/themes/vaximo/assets/css/odometer.mine328.css]
[rajbarcode.com/wp-content/themes/vaximo/assets/css/all.mine328.css]
[rajbarcode.com/wp-content/themes/vaximo/assets/css/style.mine328.css]
[rajbarcode.com/wp-content/themes/vaximo/assets/css/responsive.mine328.css]
[rajbarcode.com/wp-content/themes/vaximo/assets/js/popper.mine328.js]
[rajbarcode.com/wp-content/themes/vaximo/assets/js/bootstrap.bundle.mine328.js]
[rajbarcode.com/wp-content/themes/vaximo/assets/js/jquery.meanmenue328.js]
[rajbarcode.com/wp-content/themes/vaximo/assets/js/wow.mine328.js]
[rajbarcode.com/wp-content/themes/vaximo/assets/js/owl.carousel.mine328.js]
[rajbarcode.com/wp-content/themes/vaximo/assets/js/jquery.magnific-popup.mine328.js]
[rajbarcode.com/wp-content/themes/vaximo/assets/js/jquery.nice-select.mine328.js]
[rajbarcode.com/wp-content/themes/vaximo/assets/js/parallax.mine328.js]
[rajbarcode.com/wp-content/themes/vaximo/assets/js/jquery.appear.mine328.js]
[rajbarcode.com/wp-content/themes/vaximo/assets/js/ofi.mine328.js]
[rajbarcode.com/wp-content/themes/vaximo/assets/js/carousel-thumbs.mine328.js]
[rajbarcode.com/wp-content/themes/vaximo/assets/js/main.mine328.js]
[rajbarcode.com/wp-json/wp/v2/posts/17625.json]
[rajbarcode.com/17625-2/index.html]
[rajbarcode.com/wp-content/themes/vaximo/assets/css/bootstrap.min05e5.css]
[rajbarcode.com/wp-content/themes/vaximo/assets/css/owl.theme.default.min05e5.css]
[rajbarcode.com/wp-content/themes/vaximo/assets/css/owl.carousel.min05e5.css]
[rajbarcode.com/wp-content/themes/vaximo/assets/css/magnific-popup.min05e5.css]
[rajbarcode.com/wp-content/themes/vaximo/assets/css/animate.min05e5.css]
[rajbarcode.com/wp-content/themes/vaximo/assets/js/odometer.mine328.js]
[rajbarcode.com/wp-content/themes/vaximo/assets/css/boxicons.min05e5.css]
[rajbarcode.com/wp-content/themes/vaximo/assets/css/flaticon05e5.css]
[rajbarcode.com/wp-content/themes/vaximo/assets/css/meanmenu05e5.css]
[rajbarcode.com/wp-content/themes/vaximo/assets/css/nice-select.min05e5.css]
[rajbarcode.com/wp-content/themes/vaximo/assets/css/odometer.min05e5.css]
[rajbarcode.com/wp-content/themes/vaximo/assets/css/all.min05e5.css]
[rajbarcode.com/wp-content/themes/vaximo/assets/css/style.min05e5.css]
[rajbarcode.com/wp-content/themes/vaximo/assets/css/responsive.min05e5.css]
[rajbarcode.com/wp-content/themes/vaximo/assets/css/bootstrap.minc792.css]
[rajbarcode.com/wp-content/themes/vaximo/assets/css/owl.theme.default.minc792.css]
[rajbarcode.com/wp-content/themes/vaximo/assets/css/owl.carousel.minc792.css]
[rajbarcode.com/wp-content/themes/vaximo/assets/css/magnific-popup.minc792.css]
[rajbarcode.com/wp-content/themes/vaximo/assets/css/animate.minc792.css]
[rajbarcode.com/wp-content/themes/vaximo/assets/css/boxicons.minc792.css]
[rajbarcode.com/wp-content/themes/vaximo/assets/css/flaticonc792.css]
[rajbarcode.com/wp-content/themes/vaximo/assets/css/meanmenuc792.css]
[rajbarcode.com/wp-content/themes/vaximo/assets/css/nice-select.minc792.css]
[rajbarcode.com/wp-content/themes/vaximo/assets/css/odometer.minc792.css]
[rajbarcode.com/wp-content/themes/vaximo/assets/css/all.minc792.css]
[rajbarcode.com/wp-content/themes/vaximo/assets/css/style.minc792.css]
[rajbarcode.com/wp-content/themes/vaximo/assets/css/responsive.minc792.css]
[rajbarcode.com/wp-content/themes/vaximo/assets/css/bootstrap.min29d5.css]
[rajbarcode.com/wp-content/themes/vaximo/assets/css/owl.theme.default.min29d5.css]
[rajbarcode.com/wp-content/themes/vaximo/assets/css/owl.carousel.min29d5.css]
[rajbarcode.com/wp-content/themes/vaximo/assets/css/magnific-popup.min29d5.css]
[rajbarcode.com/wp-content/themes/vaximo/assets/css/animate.min29d5.css]
[rajbarcode.com/wp-content/themes/vaximo/assets/css/boxicons.min29d5.css]
[rajbarcode.com/wp-content/themes/vaximo/assets/css/flaticon29d5.css]
[rajbarcode.com/wp-content/themes/vaximo/assets/css/meanmenu29d5.css]
[rajbarcode.com/wp-content/themes/vaximo/assets/css/nice-select.min29d5.css]
[rajbarcode.com/wp-content/themes/vaximo/assets/css/odometer.min29d5.css]
[rajbarcode.com/wp-content/themes/vaximo/assets/css/all.min29d5.css]
[rajbarcode.com/wp-content/themes/vaximo/assets/css/style.min29d5.css]
[rajbarcode.com/wp-content/themes/vaximo/assets/css/responsive.min29d5.css]
[rajbarcode.com/wp-content/themes/vaximo/assets/css/bootstrap.min76ce.css]
[rajbarcode.com/wp-content/themes/vaximo/assets/css/owl.theme.default.min76ce.css]
[rajbarcode.com/wp-content/themes/vaximo/assets/css/owl.carousel.min76ce.css]
[rajbarcode.com/wp-content/themes/vaximo/assets/css/magnific-popup.min76ce.css]
[rajbarcode.com/wp-content/themes/vaximo/assets/css/animate.min76ce.css]
[rajbarcode.com/wp-content/themes/vaximo/assets/css/boxicons.min76ce.css]
[rajbarcode.com/wp-content/themes/vaximo/assets/css/flaticon76ce.css]
[rajbarcode.com/wp-content/themes/vaximo/assets/css/meanmenu76ce.css]
[rajbarcode.com/wp-content/themes/vaximo/assets/css/nice-select.min76ce.css]
[rajbarcode.com/wp-content/themes/vaximo/assets/css/odometer.min76ce.css]
[rajbarcode.com/wp-content/themes/vaximo/assets/css/all.min76ce.css]
[rajbarcode.com/wp-content/themes/vaximo/assets/css/style.min76ce.css]
[rajbarcode.com/wp-content/themes/vaximo/assets/css/responsive.min76ce.css]
[rajbarcode.com/wp-content/themes/vaximo/assets/css/bootstrap.min176c.css]
[rajbarcode.com/wp-content/themes/vaximo/assets/css/owl.theme.default.min176c.css]
[rajbarcode.com/wp-content/themes/vaximo/assets/css/owl.carousel.min176c.css]
[rajbarcode.com/wp-content/themes/vaximo/assets/css/magnific-popup.min176c.css]
[rajbarcode.com/wp-content/themes/vaximo/assets/css/animate.min176c.css]
[rajbarcode.com/wp-content/themes/vaximo/assets/css/boxicons.min176c.css]
[rajbarcode.com/wp-content/themes/vaximo/assets/css/flaticon176c.css]
[rajbarcode.com/wp-content/themes/vaximo/assets/css/meanmenu176c.css]
[rajbarcode.com/wp-content/themes/vaximo/assets/css/nice-select.min176c.css]
[rajbarcode.com/wp-content/themes/vaximo/assets/css/odometer.min176c.css]
[rajbarcode.com/wp-content/themes/vaximo/assets/css/all.min176c.css]
[rajbarcode.com/wp-content/themes/vaximo/assets/css/style.min176c.css]
[rajbarcode.com/wp-content/themes/vaximo/assets/css/responsive.min176c.css]
[rajbarcode.com/wp-content/themes/vaximo/assets/css/bootstrap.min43ba.css]
[rajbarcode.com/wp-content/themes/vaximo/assets/css/owl.theme.default.min43ba.css]
[rajbarcode.com/wp-content/themes/vaximo/assets/css/owl.carousel.min43ba.css]
[rajbarcode.com/wp-content/themes/vaximo/assets/css/magnific-popup.min43ba.css]
[rajbarcode.com/wp-content/themes/vaximo/assets/css/animate.min43ba.css]
[rajbarcode.com/wp-content/themes/vaximo/assets/css/boxicons.min43ba.css]
[rajbarcode.com/wp-content/themes/vaximo/assets/css/flaticon43ba.css]
[rajbarcode.com/wp-content/themes/vaximo/assets/css/meanmenu43ba.css]
[rajbarcode.com/wp-content/themes/vaximo/assets/css/nice-select.min43ba.css]
[rajbarcode.com/wp-content/themes/vaximo/assets/css/odometer.min43ba.css]
[rajbarcode.com/wp-content/themes/vaximo/assets/css/all.min43ba.css]
[rajbarcode.com/wp-content/themes/vaximo/assets/css/style.min43ba.css]
[rajbarcode.com/wp-content/themes/vaximo/assets/css/responsive.min43ba.css]
[rajbarcode.com/wp-content/themes/vaximo/assets/css/bootstrap.min1649.css]
[rajbarcode.com/wp-content/themes/vaximo/assets/css/owl.theme.default.min1649.css]
[rajbarcode.com/wp-content/themes/vaximo/assets/css/owl.carousel.min1649.css]
[rajbarcode.com/wp-content/themes/vaximo/assets/css/magnific-popup.min1649.css]
[rajbarcode.com/wp-content/themes/vaximo/assets/css/animate.min1649.css]
[rajbarcode.com/wp-content/themes/vaximo/assets/css/boxicons.min1649.css]
[rajbarcode.com/wp-content/themes/vaximo/assets/css/flaticon1649.css]
[rajbarcode.com/wp-content/themes/vaximo/assets/css/meanmenu1649.css]
[rajbarcode.com/wp-content/themes/vaximo/assets/css/nice-select.min1649.css]
[rajbarcode.com/wp-content/themes/vaximo/assets/css/odometer.min1649.css]
[rajbarcode.com/wp-content/themes/vaximo/assets/css/all.min1649.css]
[rajbarcode.com/wp-content/themes/vaximo/assets/css/style.min1649.css]
[rajbarcode.com/wp-content/themes/vaximo/assets/css/responsive.min1649.css]
[rajbarcode.com/wp-json/oembed/1.0/embedfc3a]
[rajbarcode.com/wp-json/oembed/1.0/embedc592.json]
[rajbarcode.com/wp-json/oembed/1.0/embeddfe7]
[rajbarcode.com/wp-content/themes/vaximo/assets/css/bootstrap.min4856.css]
[rajbarcode.com/wp-content/themes/vaximo/assets/css/owl.theme.default.min4856.css]
[rajbarcode.com/wp-content/themes/vaximo/assets/css/owl.carousel.min4856.css]
[rajbarcode.com/wp-content/themes/vaximo/assets/css/magnific-popup.min4856.css]
[rajbarcode.com/wp-content/themes/vaximo/assets/css/animate.min4856.css]
[rajbarcode.com/wp-content/themes/vaximo/assets/css/boxicons.min4856.css]
[rajbarcode.com/wp-content/themes/vaximo/assets/css/flaticon4856.css]
[rajbarcode.com/wp-content/themes/vaximo/assets/css/meanmenu4856.css]
[rajbarcode.com/wp-content/themes/vaximo/assets/css/nice-select.min4856.css]
[rajbarcode.com/wp-content/themes/vaximo/assets/css/odometer.min4856.css]
[rajbarcode.com/wp-content/themes/vaximo/assets/css/all.min4856.css]
[rajbarcode.com/wp-content/themes/vaximo/assets/css/style.min4856.css]
[rajbarcode.com/wp-content/themes/vaximo/assets/css/responsive.min4856.css]
[rajbarcode.com/wp-content/themes/vaximo/assets/js/popper.min4856.js]
[rajbarcode.com/wp-content/themes/vaximo/assets/js/jquery.meanmenu4856.js]
[rajbarcode.com/wp-content/themes/vaximo/assets/js/bootstrap.bundle.min4856.js]
[rajbarcode.com/wp-content/themes/vaximo/assets/js/wow.min4856.js]
[rajbarcode.com/wp-content/themes/vaximo/assets/js/owl.carousel.min4856.js]
[rajbarcode.com/wp-content/themes/vaximo/assets/js/jquery.magnific-popup.min4856.js]
[rajbarcode.com/wp-content/themes/vaximo/assets/js/jquery.nice-select.min4856.js]
[rajbarcode.com/wp-content/themes/vaximo/assets/js/parallax.min4856.js]
[rajbarcode.com/wp-content/themes/vaximo/assets/js/jquery.appear.min4856.js]
[rajbarcode.com/wp-content/themes/vaximo/assets/js/ofi.min4856.js]
[rajbarcode.com/wp-content/themes/vaximo/assets/js/carousel-thumbs.min4856.js]
[rajbarcode.com/wp-content/themes/vaximo/assets/js/main.min4856.js]
[rajbarcode.com/wp-json/wp/v2/posts/15468.json]
[rajbarcode.com/mobilizing-erp-features-uses/index.html]
[rajbarcode.com/wp-content/themes/vaximo/assets/js/odometer.min4856.js]
[rajbarcode.com/wp-content/uploads/2024/06/erp-8012426_1920-300x129.jpg]
[rajbarcode.com/wp-json/oembed/1.0/embed493e.json]
[rajbarcode.com/wp-json/oembed/1.0/embed3462]
[rajbarcode.com/wp-json/wp/v2/posts/15395.json]
[rajbarcode.com/wp-content/uploads/2024/06/ikea-2714998_1920-300x169.jpg]
[rajbarcode.com/erp-vs-wms-which-is-better/index.html]
[rajbarcode.com/wp-content/themes/vaximo/assets/css/bootstrap.min6d35.css]
[rajbarcode.com/wp-content/themes/vaximo/assets/css/owl.theme.default.min6d35.css]
[rajbarcode.com/wp-content/themes/vaximo/assets/css/owl.carousel.min6d35.css]
[rajbarcode.com/wp-content/themes/vaximo/assets/css/magnific-popup.min6d35.css]
[rajbarcode.com/wp-content/themes/vaximo/assets/css/animate.min6d35.css]
[rajbarcode.com/wp-content/themes/vaximo/assets/css/boxicons.min6d35.css]
[rajbarcode.com/wp-content/themes/vaximo/assets/css/flaticon6d35.css]
[rajbarcode.com/wp-content/themes/vaximo/assets/css/meanmenu6d35.css]
[rajbarcode.com/wp-content/themes/vaximo/assets/css/nice-select.min6d35.css]
[rajbarcode.com/wp-content/themes/vaximo/assets/css/odometer.min6d35.css]
[rajbarcode.com/wp-content/themes/vaximo/assets/css/all.min6d35.css]
[rajbarcode.com/wp-content/themes/vaximo/assets/css/style.min6d35.css]
[rajbarcode.com/wp-content/themes/vaximo/assets/css/responsive.min6d35.css]
[rajbarcode.com/wp-content/uploads/2024/06/inventory-management-300x199.jpg]
[rajbarcode.com/wp-json/oembed/1.0/embed47bb.json]
[rajbarcode.com/wp-json/oembed/1.0/embedecce]
[rajbarcode.com/wp-content/themes/vaximo/assets/css/bootstrap.min77a8.css]
[rajbarcode.com/wp-content/themes/vaximo/assets/css/owl.theme.default.min77a8.css]
[rajbarcode.com/wp-content/themes/vaximo/assets/css/owl.carousel.min77a8.css]
[rajbarcode.com/wp-content/themes/vaximo/assets/css/magnific-popup.min77a8.css]
[rajbarcode.com/wp-content/themes/vaximo/assets/css/animate.min77a8.css]
[rajbarcode.com/wp-content/themes/vaximo/assets/css/boxicons.min77a8.css]
[rajbarcode.com/wp-content/themes/vaximo/assets/css/flaticon77a8.css]
[rajbarcode.com/wp-content/themes/vaximo/assets/css/meanmenu77a8.css]
[rajbarcode.com/wp-content/themes/vaximo/assets/css/nice-select.min77a8.css]
[rajbarcode.com/wp-content/themes/vaximo/assets/css/odometer.min77a8.css]
[rajbarcode.com/wp-content/themes/vaximo/assets/css/all.min77a8.css]
[rajbarcode.com/wp-content/themes/vaximo/assets/css/responsive.min77a8.css]
[rajbarcode.com/wp-content/themes/vaximo/assets/css/style.min77a8.css]
[rajbarcode.com/wp-content/themes/vaximo/assets/js/popper.min77a8.js]
[rajbarcode.com/wp-content/themes/vaximo/assets/js/jquery.meanmenu77a8.js]
[rajbarcode.com/wp-content/themes/vaximo/assets/js/bootstrap.bundle.min77a8.js]
[rajbarcode.com/wp-content/themes/vaximo/assets/js/wow.min77a8.js]
[rajbarcode.com/wp-content/themes/vaximo/assets/js/owl.carousel.min77a8.js]
[rajbarcode.com/wp-content/themes/vaximo/assets/js/jquery.magnific-popup.min77a8.js]
[rajbarcode.com/wp-content/themes/vaximo/assets/js/jquery.nice-select.min77a8.js]
[rajbarcode.com/wp-content/themes/vaximo/assets/js/parallax.min77a8.js]
[rajbarcode.com/wp-content/themes/vaximo/assets/js/jquery.appear.min77a8.js]
[rajbarcode.com/wp-content/themes/vaximo/assets/js/ofi.min77a8.js]
[rajbarcode.com/wp-content/themes/vaximo/assets/js/carousel-thumbs.min77a8.js]
[rajbarcode.com/wp-content/themes/vaximo/assets/js/main.min77a8.js]
[rajbarcode.com/wp-json/wp/v2/posts/15474.json]
[rajbarcode.com/inventory-management-features-uses/index.html]
[rajbarcode.com/wp-content/themes/vaximo/assets/js/odometer.min77a8.js]
[rajbarcode.com/wp-content/themes/vaximo/assets/css/bootstrap.min2f4e.css]
[rajbarcode.com/wp-content/themes/vaximo/assets/css/owl.carousel.min2f4e.css]
[rajbarcode.com/wp-content/themes/vaximo/assets/css/magnific-popup.min2f4e.css]
[rajbarcode.com/wp-content/themes/vaximo/assets/css/animate.min2f4e.css]
[rajbarcode.com/wp-content/themes/vaximo/assets/css/boxicons.min2f4e.css]
[rajbarcode.com/wp-content/themes/vaximo/assets/css/flaticon2f4e.css]
[rajbarcode.com/wp-content/themes/vaximo/assets/css/meanmenu2f4e.css]
[rajbarcode.com/wp-content/themes/vaximo/assets/css/nice-select.min2f4e.css]
[rajbarcode.com/wp-content/themes/vaximo/assets/css/odometer.min2f4e.css]
[rajbarcode.com/wp-content/themes/vaximo/assets/css/all.min2f4e.css]
[rajbarcode.com/wp-content/themes/vaximo/assets/css/style.min2f4e.css]
[rajbarcode.com/wp-content/themes/vaximo/assets/css/responsive.min2f4e.css]
[rajbarcode.com/wp-content/themes/vaximo/assets/css/owl.theme.default.min2f4e.css]
[rajbarcode.com/wp-json/oembed/1.0/embed7d46.json]
[rajbarcode.com/wp-json/oembed/1.0/embed80b0]
[rajbarcode.com/wp-content/themes/vaximo/assets/css/owl.theme.default.min263f.css]
[rajbarcode.com/wp-content/themes/vaximo/assets/css/bootstrap.min263f.css]
[rajbarcode.com/wp-content/themes/vaximo/assets/css/owl.carousel.min263f.css]
[rajbarcode.com/wp-content/themes/vaximo/assets/css/magnific-popup.min263f.css]
[rajbarcode.com/wp-content/themes/vaximo/assets/css/animate.min263f.css]
[rajbarcode.com/wp-content/themes/vaximo/assets/css/boxicons.min263f.css]
[rajbarcode.com/wp-content/themes/vaximo/assets/css/flaticon263f.css]
[rajbarcode.com/wp-content/themes/vaximo/assets/css/meanmenu263f.css]
[rajbarcode.com/wp-content/themes/vaximo/assets/css/nice-select.min263f.css]
[rajbarcode.com/wp-content/themes/vaximo/assets/css/odometer.min263f.css]
[rajbarcode.com/wp-content/themes/vaximo/assets/css/all.min263f.css]
[rajbarcode.com/wp-content/themes/vaximo/assets/css/responsive.min263f.css]
[rajbarcode.com/wp-content/themes/vaximo/assets/css/style.min263f.css]
[rajbarcode.com/wp-content/themes/vaximo/assets/js/bootstrap.bundle.min263f.js]
[rajbarcode.com/wp-content/themes/vaximo/assets/js/jquery.meanmenu263f.js]
[rajbarcode.com/wp-content/themes/vaximo/assets/js/wow.min263f.js]
[rajbarcode.com/wp-content/themes/vaximo/assets/js/owl.carousel.min263f.js]
[rajbarcode.com/wp-content/themes/vaximo/assets/js/jquery.magnific-popup.min263f.js]
[rajbarcode.com/wp-content/themes/vaximo/assets/js/jquery.nice-select.min263f.js]
[rajbarcode.com/wp-content/themes/vaximo/assets/js/parallax.min263f.js]
[rajbarcode.com/wp-content/themes/vaximo/assets/js/jquery.appear.min263f.js]
[rajbarcode.com/wp-content/themes/vaximo/assets/js/ofi.min263f.js]
[rajbarcode.com/wp-content/themes/vaximo/assets/js/carousel-thumbs.min263f.js]
[rajbarcode.com/wp-content/themes/vaximo/assets/js/main.min263f.js]
[rajbarcode.com/wp-json/wp/v2/posts/15458.json]
[rajbarcode.com/importance-of-barcode-rfid/index.html]
[rajbarcode.com/wp-content/themes/vaximo/assets/css/bootstrap.min1254.css]
[rajbarcode.com/wp-content/themes/vaximo/assets/css/owl.carousel.min1254.css]
[rajbarcode.com/wp-content/themes/vaximo/assets/css/magnific-popup.min1254.css]
[rajbarcode.com/wp-content/themes/vaximo/assets/css/animate.min1254.css]
[rajbarcode.com/wp-content/themes/vaximo/assets/css/boxicons.min1254.css]
[rajbarcode.com/wp-content/themes/vaximo/assets/css/flaticon1254.css]
[rajbarcode.com/wp-content/themes/vaximo/assets/css/meanmenu1254.css]
[rajbarcode.com/wp-content/themes/vaximo/assets/css/nice-select.min1254.css]
[rajbarcode.com/wp-content/themes/vaximo/assets/css/odometer.min1254.css]
[rajbarcode.com/wp-content/themes/vaximo/assets/css/all.min1254.css]
[rajbarcode.com/wp-content/themes/vaximo/assets/css/style.min1254.css]
[rajbarcode.com/wp-content/themes/vaximo/assets/css/responsive.min1254.css]
[rajbarcode.com/wp-content/themes/vaximo/assets/js/odometer.min263f.js]
[rajbarcode.com/wp-content/themes/vaximo/assets/css/owl.theme.default.min1254.css]
[rajbarcode.com/wp-content/uploads/2020/08/performance-bg-1.jpg]
[rajbarcode.com/wp-json/oembed/1.0/embed2304.json]
[rajbarcode.com/wp-json/oembed/1.0/embedc5de]
[rajbarcode.com/wp-content/themes/vaximo/assets/css/bootstrap.min865c.css]
[rajbarcode.com/wp-content/themes/vaximo/assets/css/owl.theme.default.min865c.css]
[rajbarcode.com/wp-content/themes/vaximo/assets/css/owl.carousel.min865c.css]
[rajbarcode.com/wp-content/themes/vaximo/assets/css/magnific-popup.min865c.css]
[rajbarcode.com/wp-content/themes/vaximo/assets/css/animate.min865c.css]
[rajbarcode.com/wp-content/themes/vaximo/assets/css/boxicons.min865c.css]
[rajbarcode.com/wp-content/themes/vaximo/assets/css/flaticon865c.css]
[rajbarcode.com/wp-content/themes/vaximo/assets/css/meanmenu865c.css]
[rajbarcode.com/wp-content/themes/vaximo/assets/css/nice-select.min865c.css]
[rajbarcode.com/wp-content/themes/vaximo/assets/css/odometer.min865c.css]
[rajbarcode.com/wp-content/themes/vaximo/assets/css/all.min865c.css]
[rajbarcode.com/wp-content/themes/vaximo/assets/css/style.min865c.css]
[rajbarcode.com/wp-content/themes/vaximo/assets/css/responsive.min865c.css]
[rajbarcode.com/wp-content/themes/vaximo/assets/js/popper.min865c.js]
[rajbarcode.com/wp-content/themes/vaximo/assets/js/bootstrap.bundle.min865c.js]
[rajbarcode.com/wp-content/themes/vaximo/assets/js/jquery.meanmenu865c.js]
[rajbarcode.com/wp-content/themes/vaximo/assets/js/wow.min865c.js]
[rajbarcode.com/wp-content/themes/vaximo/assets/js/owl.carousel.min865c.js]
[rajbarcode.com/wp-content/themes/vaximo/assets/js/jquery.magnific-popup.min865c.js]
[rajbarcode.com/wp-content/themes/vaximo/assets/js/jquery.nice-select.min865c.js]
[rajbarcode.com/wp-content/themes/vaximo/assets/js/parallax.min865c.js]
[rajbarcode.com/wp-content/themes/vaximo/assets/js/jquery.appear.min865c.js]
[rajbarcode.com/wp-content/themes/vaximo/assets/js/ofi.min865c.js]
[rajbarcode.com/wp-content/themes/vaximo/assets/js/carousel-thumbs.min865c.js]
[rajbarcode.com/wp-content/themes/vaximo/assets/js/main.min865c.js]
[rajbarcode.com/wp-json/wp/v2/posts/14481.json]
[rajbarcode.com/barcode-security-protecting-your-business-against-counterfeiting-and-fraud/index.html]
[rajbarcode.com/wp-content/themes/vaximo/assets/js/odometer.min865c.js]
[rajbarcode.com/wp-content/themes/vaximo/assets/css/bootstrap.minf114.css]
[rajbarcode.com/wp-content/themes/vaximo/assets/css/owl.theme.default.minf114.css]
[rajbarcode.com/wp-content/themes/vaximo/assets/css/owl.carousel.minf114.css]
[rajbarcode.com/wp-content/themes/vaximo/assets/css/magnific-popup.minf114.css]
[rajbarcode.com/wp-content/themes/vaximo/assets/css/animate.minf114.css]
[rajbarcode.com/wp-content/themes/vaximo/assets/css/boxicons.minf114.css]
[rajbarcode.com/wp-content/themes/vaximo/assets/css/flaticonf114.css]
[rajbarcode.com/wp-content/themes/vaximo/assets/css/meanmenuf114.css]
[rajbarcode.com/wp-content/themes/vaximo/assets/css/nice-select.minf114.css]
[rajbarcode.com/wp-content/themes/vaximo/assets/css/odometer.minf114.css]
[rajbarcode.com/wp-content/themes/vaximo/assets/css/all.minf114.css]
[rajbarcode.com/wp-content/themes/vaximo/assets/css/style.minf114.css]
[rajbarcode.com/wp-content/themes/vaximo/assets/css/responsive.minf114.css]
[rajbarcode.com/wp-content/themes/vaximo/assets/js/popper.minf114.js]
[rajbarcode.com/wp-content/themes/vaximo/assets/js/bootstrap.bundle.minf114.js]
[rajbarcode.com/wp-content/themes/vaximo/assets/js/jquery.meanmenuf114.js]
[rajbarcode.com/wp-content/themes/vaximo/assets/js/wow.minf114.js]
[rajbarcode.com/wp-content/themes/vaximo/assets/js/owl.carousel.minf114.js]
[rajbarcode.com/wp-content/themes/vaximo/assets/js/jquery.magnific-popup.minf114.js]
[rajbarcode.com/wp-content/themes/vaximo/assets/js/jquery.nice-select.minf114.js]
[rajbarcode.com/wp-content/themes/vaximo/assets/js/parallax.minf114.js]
[rajbarcode.com/wp-content/themes/vaximo/assets/js/jquery.appear.minf114.js]
[rajbarcode.com/wp-content/themes/vaximo/assets/js/ofi.minf114.js]
[rajbarcode.com/wp-content/themes/vaximo/assets/js/carousel-thumbs.minf114.js]
[rajbarcode.com/wp-content/themes/vaximo/assets/js/main.minf114.js]
[rajbarcode.com/wp-json/wp/v2/users/1.json]
[rajbarcode.com/author/rbc_new/index.html]
[rajbarcode.com/wp-content/themes/vaximo/assets/css/bootstrap.min11ea.css]
[rajbarcode.com/wp-content/themes/vaximo/assets/css/owl.theme.default.min11ea.css]
[rajbarcode.com/wp-content/themes/vaximo/assets/css/owl.carousel.min11ea.css]
[rajbarcode.com/wp-content/themes/vaximo/assets/css/magnific-popup.min11ea.css]
[rajbarcode.com/wp-content/themes/vaximo/assets/css/animate.min11ea.css]
[rajbarcode.com/wp-content/themes/vaximo/assets/css/boxicons.min11ea.css]
[rajbarcode.com/wp-content/themes/vaximo/assets/css/flaticon11ea.css]
[rajbarcode.com/wp-content/themes/vaximo/assets/css/meanmenu11ea.css]
[rajbarcode.com/wp-content/themes/vaximo/assets/css/nice-select.min11ea.css]
[rajbarcode.com/wp-content/themes/vaximo/assets/css/odometer.min11ea.css]
[rajbarcode.com/wp-content/themes/vaximo/assets/css/all.min11ea.css]
[rajbarcode.com/wp-content/themes/vaximo/assets/css/style.min11ea.css]
[rajbarcode.com/wp-content/themes/vaximo/assets/css/responsive.min11ea.css]
[rajbarcode.com/wp-content/themes/vaximo/assets/css/bootstrap.min8706.css]
[rajbarcode.com/wp-content/themes/vaximo/assets/css/owl.theme.default.min8706.css]
[rajbarcode.com/wp-content/themes/vaximo/assets/css/owl.carousel.min8706.css]
[rajbarcode.com/wp-content/themes/vaximo/assets/css/magnific-popup.min8706.css]
[rajbarcode.com/wp-content/themes/vaximo/assets/css/animate.min8706.css]
[rajbarcode.com/wp-content/themes/vaximo/assets/css/boxicons.min8706.css]
[rajbarcode.com/wp-content/themes/vaximo/assets/css/flaticon8706.css]
[rajbarcode.com/wp-content/themes/vaximo/assets/css/meanmenu8706.css]
[rajbarcode.com/wp-content/themes/vaximo/assets/css/nice-select.min8706.css]
[rajbarcode.com/wp-content/themes/vaximo/assets/css/odometer.min8706.css]
[rajbarcode.com/wp-content/themes/vaximo/assets/css/all.min8706.css]
[rajbarcode.com/wp-content/themes/vaximo/assets/js/odometer.minf114.js]
[rajbarcode.com/wp-content/themes/vaximo/assets/css/style.min8706.css]
[rajbarcode.com/wp-content/themes/vaximo/assets/css/responsive.min8706.css]
[rajbarcode.com/wp-json/oembed/1.0/embed6ff7.json]
[rajbarcode.com/wp-content/themes/vaximo/assets/css/bootstrap.min1000.css]
[rajbarcode.com/wp-content/themes/vaximo/assets/css/owl.theme.default.min1000.css]
[rajbarcode.com/wp-content/themes/vaximo/assets/css/owl.carousel.min1000.css]
[rajbarcode.com/wp-content/themes/vaximo/assets/css/magnific-popup.min1000.css]
[rajbarcode.com/wp-content/themes/vaximo/assets/css/animate.min1000.css]
[rajbarcode.com/wp-content/themes/vaximo/assets/css/boxicons.min1000.css]
[rajbarcode.com/wp-content/themes/vaximo/assets/css/flaticon1000.css]
[rajbarcode.com/wp-content/themes/vaximo/assets/css/meanmenu1000.css]
[rajbarcode.com/wp-content/themes/vaximo/assets/css/nice-select.min1000.css]
[rajbarcode.com/wp-content/themes/vaximo/assets/css/odometer.min1000.css]
[rajbarcode.com/wp-content/themes/vaximo/assets/css/all.min1000.css]
[rajbarcode.com/wp-content/themes/vaximo/assets/css/style.min1000.css]
[rajbarcode.com/wp-content/themes/vaximo/assets/css/responsive.min1000.css]
[rajbarcode.com/wp-content/themes/vaximo/assets/js/popper.min1000.js]
[rajbarcode.com/wp-content/themes/vaximo/assets/js/bootstrap.bundle.min1000.js]
[rajbarcode.com/wp-content/themes/vaximo/assets/js/jquery.meanmenu1000.js]
[rajbarcode.com/wp-content/themes/vaximo/assets/js/wow.min1000.js]
[rajbarcode.com/wp-content/themes/vaximo/assets/js/owl.carousel.min1000.js]
[rajbarcode.com/wp-content/themes/vaximo/assets/js/jquery.magnific-popup.min1000.js]
[rajbarcode.com/wp-content/themes/vaximo/assets/js/jquery.nice-select.min1000.js]
[rajbarcode.com/wp-content/themes/vaximo/assets/js/parallax.min1000.js]
[rajbarcode.com/wp-content/themes/vaximo/assets/js/jquery.appear.min1000.js]
[rajbarcode.com/wp-content/themes/vaximo/assets/js/ofi.min1000.js]
[rajbarcode.com/wp-content/themes/vaximo/assets/js/carousel-thumbs.min1000.js]
[rajbarcode.com/wp-content/themes/vaximo/assets/js/main.min1000.js]
[rajbarcode.com/wp-json/wp/v2/posts/15464.json]
[rajbarcode.com/track-and-trace-system/index.html]
[rajbarcode.com/wp-content/themes/vaximo/assets/js/odometer.min1000.js]
[rajbarcode.com/wp-json/oembed/1.0/embed354c.json]
[rajbarcode.com/wp-json/oembed/1.0/embed1a2a]
[rajbarcode.com/wp-content/themes/vaximo/assets/css/bootstrap.min2b58.css]
[rajbarcode.com/wp-content/themes/vaximo/assets/css/owl.theme.default.min2b58.css]
[rajbarcode.com/wp-content/themes/vaximo/assets/css/owl.carousel.min2b58.css]
[rajbarcode.com/wp-content/themes/vaximo/assets/css/magnific-popup.min2b58.css]
[rajbarcode.com/wp-content/themes/vaximo/assets/css/animate.min2b58.css]
[rajbarcode.com/wp-content/themes/vaximo/assets/css/boxicons.min2b58.css]
[rajbarcode.com/wp-content/themes/vaximo/assets/css/flaticon2b58.css]
[rajbarcode.com/wp-content/themes/vaximo/assets/css/meanmenu2b58.css]
[rajbarcode.com/wp-content/themes/vaximo/assets/css/nice-select.min2b58.css]
[rajbarcode.com/wp-content/themes/vaximo/assets/css/odometer.min2b58.css]
[rajbarcode.com/wp-content/themes/vaximo/assets/css/all.min2b58.css]
[rajbarcode.com/wp-content/themes/vaximo/assets/css/style.min2b58.css]
[rajbarcode.com/wp-content/themes/vaximo/assets/css/responsive.min2b58.css]
[rajbarcode.com/wp-content/themes/vaximo/assets/js/popper.min2b58.js]
[rajbarcode.com/wp-content/themes/vaximo/assets/js/bootstrap.bundle.min2b58.js]
[rajbarcode.com/wp-content/themes/vaximo/assets/js/jquery.meanmenu2b58.js]
[rajbarcode.com/wp-content/themes/vaximo/assets/js/wow.min2b58.js]
[rajbarcode.com/wp-content/themes/vaximo/assets/js/owl.carousel.min2b58.js]
[rajbarcode.com/wp-content/themes/vaximo/assets/js/jquery.magnific-popup.min2b58.js]
[rajbarcode.com/wp-content/themes/vaximo/assets/js/jquery.nice-select.min2b58.js]
[rajbarcode.com/wp-content/themes/vaximo/assets/js/parallax.min2b58.js]
[rajbarcode.com/wp-content/themes/vaximo/assets/js/jquery.appear.min2b58.js]
[rajbarcode.com/wp-content/themes/vaximo/assets/js/ofi.min2b58.js]
[rajbarcode.com/wp-content/themes/vaximo/assets/js/carousel-thumbs.min2b58.js]
[rajbarcode.com/wp-content/themes/vaximo/assets/js/main.min2b58.js]
[rajbarcode.com/wp-json/wp/v2/posts/15460.json]
[rajbarcode.com/machine-vision-why-is-it-important/index.html]
[rajbarcode.com/wp-content/themes/vaximo/assets/js/odometer.min2b58.js]
[rajbarcode.com/wp-content/uploads/elementor/thumbs/wip-f4-qk2lwnf2vqflm338h9dl41dfnmbduujkdge19ppub0.png]
[rajbarcode.com/wp-json/oembed/1.0/embed6544.json]
[rajbarcode.com/wp-json/oembed/1.0/embedca0c]
[rajbarcode.com/wp-content/themes/vaximo/assets/css/bootstrap.mina961.css]
[rajbarcode.com/wp-content/themes/vaximo/assets/css/owl.theme.default.mina961.css]
[rajbarcode.com/wp-content/themes/vaximo/assets/css/owl.carousel.mina961.css]
[rajbarcode.com/wp-content/themes/vaximo/assets/css/magnific-popup.mina961.css]
[rajbarcode.com/wp-content/themes/vaximo/assets/css/animate.mina961.css]
[rajbarcode.com/wp-content/themes/vaximo/assets/css/boxicons.mina961.css]
[rajbarcode.com/wp-content/themes/vaximo/assets/css/flaticona961.css]
[rajbarcode.com/wp-content/themes/vaximo/assets/css/meanmenua961.css]
[rajbarcode.com/wp-content/themes/vaximo/assets/css/nice-select.mina961.css]
[rajbarcode.com/wp-content/themes/vaximo/assets/css/odometer.mina961.css]
[rajbarcode.com/wp-content/themes/vaximo/assets/css/all.mina961.css]
[rajbarcode.com/wp-content/themes/vaximo/assets/css/style.mina961.css]
[rajbarcode.com/wp-content/themes/vaximo/assets/css/responsive.mina961.css]
[rajbarcode.com/wp-content/themes/vaximo/assets/js/popper.mina961.js]
[rajbarcode.com/wp-content/themes/vaximo/assets/js/bootstrap.bundle.mina961.js]
[rajbarcode.com/wp-content/themes/vaximo/assets/js/jquery.meanmenua961.js]
[rajbarcode.com/wp-content/themes/vaximo/assets/js/wow.mina961.js]
[rajbarcode.com/wp-content/themes/vaximo/assets/js/owl.carousel.mina961.js]
[rajbarcode.com/wp-content/themes/vaximo/assets/js/jquery.magnific-popup.mina961.js]
[rajbarcode.com/wp-content/themes/vaximo/assets/js/jquery.nice-select.mina961.js]
[rajbarcode.com/wp-content/themes/vaximo/assets/js/parallax.mina961.js]
[rajbarcode.com/wp-content/themes/vaximo/assets/js/jquery.appear.mina961.js]
[rajbarcode.com/wp-content/themes/vaximo/assets/js/ofi.mina961.js]
[rajbarcode.com/wp-content/themes/vaximo/assets/js/carousel-thumbs.mina961.js]
[rajbarcode.com/wp-content/themes/vaximo/assets/js/main.mina961.js]
[rajbarcode.com/wp-json/wp/v2/posts/15399.json]
[rajbarcode.com/work-in-progress-wip-tracking-software/index.html]
[rajbarcode.com/wp-content/themes/vaximo/assets/js/odometer.mina961.js]
[rajbarcode.com/wp-json/wp/v2/categories/43.json]
[rajbarcode.com/category/warehouse-management/index.html]
[rajbarcode.com/wp-content/plugins/exclusive-addons-for-elementor/assets/fonts/feather-icon/feathere8ab.svg]
[rajbarcode.com/wp-content/themes/vaximo/assets/css/bootstrap.min0750.css]
[rajbarcode.com/wp-content/themes/vaximo/assets/css/owl.theme.default.min0750.css]
[rajbarcode.com/wp-content/themes/vaximo/assets/css/owl.carousel.min0750.css]
[rajbarcode.com/wp-content/themes/vaximo/assets/css/magnific-popup.min0750.css]
[rajbarcode.com/wp-content/themes/vaximo/assets/css/animate.min0750.css]
[rajbarcode.com/wp-content/themes/vaximo/assets/css/boxicons.min0750.css]
[rajbarcode.com/wp-content/themes/vaximo/assets/css/flaticon0750.css]
[rajbarcode.com/wp-content/themes/vaximo/assets/css/meanmenu0750.css]
[rajbarcode.com/wp-content/themes/vaximo/assets/css/nice-select.min0750.css]
[rajbarcode.com/wp-content/themes/vaximo/assets/css/odometer.min0750.css]
[rajbarcode.com/wp-content/themes/vaximo/assets/css/all.min0750.css]
[rajbarcode.com/wp-content/themes/vaximo/assets/css/style.min0750.css]
[rajbarcode.com/wp-content/themes/vaximo/assets/css/responsive.min0750.css]
[rajbarcode.com/wp-content/uploads/2023/10/I_3.png]
[rajbarcode.com/wp-content/uploads/elementor/google-fonts/fonts/barlowcondensed-htxzl3i-jcgchyj8vi-l6oo_au7b6xtru2h-nkw7aw.woff2]
[rajbarcode.com/wp-json/oembed/1.0/embed5163.json]
[rajbarcode.com/wp-json/oembed/1.0/embed1079]
[rajbarcode.com/wp-content/themes/vaximo/assets/css/bootstrap.min6460.css]
[rajbarcode.com/wp-content/themes/vaximo/assets/css/owl.theme.default.min6460.css]
[rajbarcode.com/wp-content/themes/vaximo/assets/css/owl.carousel.min6460.css]
[rajbarcode.com/wp-content/themes/vaximo/assets/css/magnific-popup.min6460.css]
[rajbarcode.com/wp-content/themes/vaximo/assets/css/animate.min6460.css]
[rajbarcode.com/wp-content/themes/vaximo/assets/css/boxicons.min6460.css]
[rajbarcode.com/wp-content/themes/vaximo/assets/css/flaticon6460.css]
[rajbarcode.com/wp-content/themes/vaximo/assets/css/meanmenu6460.css]
[rajbarcode.com/wp-content/themes/vaximo/assets/css/nice-select.min6460.css]
[rajbarcode.com/wp-content/themes/vaximo/assets/css/odometer.min6460.css]
[rajbarcode.com/wp-content/themes/vaximo/assets/css/all.min6460.css]
[rajbarcode.com/wp-content/themes/vaximo/assets/css/style.min6460.css]
[rajbarcode.com/wp-content/themes/vaximo/assets/css/responsive.min6460.css]
[rajbarcode.com/wp-content/themes/vaximo/assets/js/popper.min6460.js]
[rajbarcode.com/wp-content/themes/vaximo/assets/js/bootstrap.bundle.min6460.js]
[rajbarcode.com/wp-content/themes/vaximo/assets/js/jquery.meanmenu6460.js]
[rajbarcode.com/wp-content/themes/vaximo/assets/js/wow.min6460.js]
[rajbarcode.com/wp-content/themes/vaximo/assets/js/owl.carousel.min6460.js]
[rajbarcode.com/wp-content/themes/vaximo/assets/js/jquery.magnific-popup.min6460.js]
[rajbarcode.com/wp-content/themes/vaximo/assets/js/jquery.nice-select.min6460.js]
[rajbarcode.com/wp-content/themes/vaximo/assets/js/parallax.min6460.js]
[rajbarcode.com/wp-content/themes/vaximo/assets/js/jquery.appear.min6460.js]
[rajbarcode.com/wp-content/themes/vaximo/assets/js/ofi.min6460.js]
[rajbarcode.com/wp-content/themes/vaximo/assets/js/carousel-thumbs.min6460.js]
[rajbarcode.com/wp-content/themes/vaximo/assets/js/main.min6460.js]
[rajbarcode.com/wp-json/wp/v2/posts/15388.json]
[rajbarcode.com/advantages-of-warehouse-management-system/index.html]
[rajbarcode.com/wp-content/themes/vaximo/assets/js/odometer.min6460.js]
[rajbarcode.com/wp-content/themes/vaximo/assets/css/bootstrap.mine038.css]
[rajbarcode.com/wp-content/themes/vaximo/assets/css/owl.theme.default.mine038.css]
[rajbarcode.com/wp-content/themes/vaximo/assets/css/owl.carousel.mine038.css]
[rajbarcode.com/wp-content/themes/vaximo/assets/css/magnific-popup.mine038.css]
[rajbarcode.com/wp-content/themes/vaximo/assets/css/animate.mine038.css]
[rajbarcode.com/wp-content/themes/vaximo/assets/css/boxicons.mine038.css]
[rajbarcode.com/wp-content/themes/vaximo/assets/css/flaticone038.css]
[rajbarcode.com/wp-content/themes/vaximo/assets/css/meanmenue038.css]
[rajbarcode.com/wp-content/themes/vaximo/assets/css/nice-select.mine038.css]
[rajbarcode.com/wp-content/themes/vaximo/assets/css/odometer.mine038.css]
[rajbarcode.com/wp-content/themes/vaximo/assets/css/all.mine038.css]
[rajbarcode.com/wp-content/themes/vaximo/assets/css/style.mine038.css]
[rajbarcode.com/wp-content/themes/vaximo/assets/css/responsive.mine038.css]
[rajbarcode.com/wp-json/oembed/1.0/embed0025]
[rajbarcode.com/wp-json/oembed/1.0/embedd309.json]
[rajbarcode.com/wp-json/oembed/1.0/embedb644]
[rajbarcode.com/wp-json/oembed/1.0/embedb5e8]
[rajbarcode.com/wp-content/themes/vaximo/assets/css/bootstrap.mineccd.css]
[rajbarcode.com/wp-content/themes/vaximo/assets/css/owl.theme.default.mineccd.css]
[rajbarcode.com/wp-content/themes/vaximo/assets/css/owl.carousel.mineccd.css]
[rajbarcode.com/wp-content/themes/vaximo/assets/css/magnific-popup.mineccd.css]
[rajbarcode.com/wp-content/themes/vaximo/assets/css/animate.mineccd.css]
[rajbarcode.com/wp-content/themes/vaximo/assets/css/boxicons.mineccd.css]
[rajbarcode.com/wp-content/themes/vaximo/assets/css/flaticoneccd.css]
[rajbarcode.com/wp-content/themes/vaximo/assets/css/meanmenueccd.css]
[rajbarcode.com/wp-content/themes/vaximo/assets/css/nice-select.mineccd.css]
[rajbarcode.com/wp-content/themes/vaximo/assets/css/odometer.mineccd.css]
[rajbarcode.com/wp-content/themes/vaximo/assets/css/all.mineccd.css]
[rajbarcode.com/wp-content/themes/vaximo/assets/css/style.mineccd.css]
[rajbarcode.com/wp-content/themes/vaximo/assets/css/responsive.mineccd.css]
[rajbarcode.com/wp-content/themes/vaximo/assets/js/popper.mineccd.js]
[rajbarcode.com/wp-content/themes/vaximo/assets/js/bootstrap.bundle.mineccd.js]
[rajbarcode.com/wp-content/themes/vaximo/assets/js/jquery.meanmenueccd.js]
[rajbarcode.com/wp-content/themes/vaximo/assets/js/wow.mineccd.js]
[rajbarcode.com/wp-content/themes/vaximo/assets/js/owl.carousel.mineccd.js]
[rajbarcode.com/wp-content/themes/vaximo/assets/js/jquery.magnific-popup.mineccd.js]
[rajbarcode.com/wp-content/themes/vaximo/assets/js/jquery.nice-select.mineccd.js]
[rajbarcode.com/wp-content/themes/vaximo/assets/js/parallax.mineccd.js]
[rajbarcode.com/wp-content/themes/vaximo/assets/js/jquery.appear.mineccd.js]
[rajbarcode.com/wp-content/themes/vaximo/assets/js/ofi.mineccd.js]
[rajbarcode.com/wp-content/themes/vaximo/assets/js/carousel-thumbs.mineccd.js]
[rajbarcode.com/wp-content/themes/vaximo/assets/js/main.mineccd.js]
[rajbarcode.com/wp-json/wp/v2/posts/16695.json]
[rajbarcode.com/zone-1-certified-tablets/index.html]
[rajbarcode.com/wp-content/themes/vaximo/assets/css/bootstrap.min5cd8.css]
[rajbarcode.com/wp-content/themes/vaximo/assets/css/owl.theme.default.min5cd8.css]
[rajbarcode.com/wp-content/themes/vaximo/assets/css/owl.carousel.min5cd8.css]
[rajbarcode.com/wp-content/themes/vaximo/assets/css/magnific-popup.min5cd8.css]
[rajbarcode.com/wp-content/themes/vaximo/assets/css/animate.min5cd8.css]
[rajbarcode.com/wp-content/themes/vaximo/assets/css/boxicons.min5cd8.css]
[rajbarcode.com/wp-content/themes/vaximo/assets/css/flaticon5cd8.css]
[rajbarcode.com/wp-content/themes/vaximo/assets/css/meanmenu5cd8.css]
[rajbarcode.com/wp-content/themes/vaximo/assets/css/nice-select.min5cd8.css]
[rajbarcode.com/wp-content/themes/vaximo/assets/css/odometer.min5cd8.css]
[rajbarcode.com/wp-content/themes/vaximo/assets/css/all.min5cd8.css]
[rajbarcode.com/wp-content/themes/vaximo/assets/css/style.min5cd8.css]
[rajbarcode.com/wp-content/themes/vaximo/assets/css/responsive.min5cd8.css]
[rajbarcode.com/wp-content/themes/vaximo/assets/js/odometer.mineccd.js]
[rajbarcode.com/wp-content/themes/vaximo/assets/css/bootstrap.min6c50.css]
[rajbarcode.com/wp-content/themes/vaximo/assets/css/owl.theme.default.min6c50.css]
[rajbarcode.com/wp-content/themes/vaximo/assets/css/owl.carousel.min6c50.css]
[rajbarcode.com/wp-content/themes/vaximo/assets/css/magnific-popup.min6c50.css]
[rajbarcode.com/wp-content/themes/vaximo/assets/css/animate.min6c50.css]
[rajbarcode.com/wp-content/themes/vaximo/assets/css/boxicons.min6c50.css]
[rajbarcode.com/wp-content/themes/vaximo/assets/css/flaticon6c50.css]
[rajbarcode.com/wp-content/themes/vaximo/assets/css/meanmenu6c50.css]
[rajbarcode.com/wp-content/themes/vaximo/assets/css/nice-select.min6c50.css]
[rajbarcode.com/wp-content/themes/vaximo/assets/css/odometer.min6c50.css]
[rajbarcode.com/wp-content/themes/vaximo/assets/css/all.min6c50.css]
[rajbarcode.com/wp-content/themes/vaximo/assets/css/style.min6c50.css]
[rajbarcode.com/wp-content/themes/vaximo/assets/css/responsive.min6c50.css]
[rajbarcode.com/wp-content/themes/vaximo/assets/css/bootstrap.min0523.css]
[rajbarcode.com/wp-content/themes/vaximo/assets/css/owl.theme.default.min0523.css]
[rajbarcode.com/wp-content/themes/vaximo/assets/css/owl.carousel.min0523.css]
[rajbarcode.com/wp-content/themes/vaximo/assets/css/magnific-popup.min0523.css]
[rajbarcode.com/wp-content/themes/vaximo/assets/css/animate.min0523.css]
[rajbarcode.com/wp-content/themes/vaximo/assets/css/boxicons.min0523.css]
[rajbarcode.com/wp-content/themes/vaximo/assets/css/flaticon0523.css]
[rajbarcode.com/wp-content/themes/vaximo/assets/css/meanmenu0523.css]
[rajbarcode.com/wp-content/themes/vaximo/assets/css/nice-select.min0523.css]
[rajbarcode.com/wp-content/themes/vaximo/assets/css/odometer.min0523.css]
[rajbarcode.com/wp-content/themes/vaximo/assets/css/all.min0523.css]
[rajbarcode.com/wp-content/themes/vaximo/assets/css/style.min0523.css]
[rajbarcode.com/wp-content/themes/vaximo/assets/css/responsive.min0523.css]
[rajbarcode.com/wp-content/themes/vaximo/assets/css/bootstrap.mina56d.css]
[rajbarcode.com/wp-content/themes/vaximo/assets/css/owl.theme.default.mina56d.css]
[rajbarcode.com/wp-content/themes/vaximo/assets/css/owl.carousel.mina56d.css]
[rajbarcode.com/wp-content/themes/vaximo/assets/css/magnific-popup.mina56d.css]
[rajbarcode.com/wp-content/themes/vaximo/assets/css/animate.mina56d.css]
[rajbarcode.com/wp-content/themes/vaximo/assets/css/boxicons.mina56d.css]
[rajbarcode.com/wp-content/themes/vaximo/assets/css/flaticona56d.css]
[rajbarcode.com/wp-content/themes/vaximo/assets/css/meanmenua56d.css]
[rajbarcode.com/wp-content/themes/vaximo/assets/css/nice-select.mina56d.css]
[rajbarcode.com/wp-content/themes/vaximo/assets/css/odometer.mina56d.css]
[rajbarcode.com/wp-content/themes/vaximo/assets/css/all.mina56d.css]
[rajbarcode.com/wp-content/themes/vaximo/assets/css/style.mina56d.css]
[rajbarcode.com/wp-content/themes/vaximo/assets/css/responsive.mina56d.css]
[rajbarcode.com/wp-content/themes/vaximo/assets/css/bootstrap.minbd49.css]
[rajbarcode.com/wp-content/themes/vaximo/assets/css/owl.theme.default.minbd49.css]
[rajbarcode.com/wp-content/themes/vaximo/assets/css/owl.carousel.minbd49.css]
[rajbarcode.com/wp-content/themes/vaximo/assets/css/magnific-popup.minbd49.css]
[rajbarcode.com/wp-content/themes/vaximo/assets/css/animate.minbd49.css]
[rajbarcode.com/wp-content/themes/vaximo/assets/css/boxicons.minbd49.css]
[rajbarcode.com/wp-content/themes/vaximo/assets/css/flaticonbd49.css]
[rajbarcode.com/wp-content/themes/vaximo/assets/css/meanmenubd49.css]
[rajbarcode.com/wp-content/themes/vaximo/assets/css/nice-select.minbd49.css]
[rajbarcode.com/wp-content/themes/vaximo/assets/css/odometer.minbd49.css]
[rajbarcode.com/wp-content/themes/vaximo/assets/css/all.minbd49.css]
[rajbarcode.com/wp-content/themes/vaximo/assets/css/style.minbd49.css]
[rajbarcode.com/wp-content/themes/vaximo/assets/css/responsive.minbd49.css]
[rajbarcode.com/wp-content/themes/vaximo/assets/css/bootstrap.min09a3.css]
[rajbarcode.com/wp-content/themes/vaximo/assets/css/owl.theme.default.min09a3.css]
[rajbarcode.com/wp-content/themes/vaximo/assets/js/popper.minbd49.js]
[rajbarcode.com/wp-content/themes/vaximo/assets/css/bootstrap.minc7be.css]
[rajbarcode.com/wp-content/themes/vaximo/assets/css/owl.theme.default.minc7be.css]
[rajbarcode.com/wp-content/themes/vaximo/assets/css/owl.carousel.minc7be.css]
[rajbarcode.com/wp-content/themes/vaximo/assets/css/magnific-popup.minc7be.css]
[rajbarcode.com/wp-content/themes/vaximo/assets/css/animate.minc7be.css]
[rajbarcode.com/wp-content/themes/vaximo/assets/css/boxicons.minc7be.css]
[rajbarcode.com/wp-content/themes/vaximo/assets/css/flaticonc7be.css]
[rajbarcode.com/wp-content/themes/vaximo/assets/css/meanmenuc7be.css]
[rajbarcode.com/wp-content/themes/vaximo/assets/css/nice-select.minc7be.css]
[rajbarcode.com/wp-content/themes/vaximo/assets/css/odometer.minc7be.css]
[rajbarcode.com/wp-content/themes/vaximo/assets/css/all.minc7be.css]
[rajbarcode.com/wp-content/themes/vaximo/assets/css/style.minc7be.css]
[rajbarcode.com/wp-content/themes/vaximo/assets/css/responsive.minc7be.css]
[rajbarcode.com/wp-content/themes/vaximo/assets/js/popper.minc7be.js]
[rajbarcode.com/wp-content/themes/vaximo/assets/js/bootstrap.bundle.minc7be.js]
[rajbarcode.com/wp-content/themes/vaximo/assets/js/jquery.meanmenuc7be.js]
[rajbarcode.com/wp-content/themes/vaximo/assets/js/wow.minc7be.js]
[rajbarcode.com/wp-content/themes/vaximo/assets/js/owl.carousel.minc7be.js]
[rajbarcode.com/wp-content/themes/vaximo/assets/js/jquery.magnific-popup.minc7be.js]
[rajbarcode.com/wp-content/themes/vaximo/assets/js/jquery.nice-select.minc7be.js]
[rajbarcode.com/wp-content/themes/vaximo/assets/js/parallax.minc7be.js]
[rajbarcode.com/wp-content/themes/vaximo/assets/js/jquery.appear.minc7be.js]
[rajbarcode.com/wp-content/themes/vaximo/assets/js/ofi.minc7be.js]
[rajbarcode.com/wp-content/themes/vaximo/assets/js/carousel-thumbs.minc7be.js]
[rajbarcode.com/wp-content/themes/vaximo/assets/js/main.minc7be.js]
[rajbarcode.com/author/muskan/page/2/index.html]
[rajbarcode.com/wp-content/themes/vaximo/assets/js/odometer.minc7be.js]
[rajbarcode.com/wp-content/themes/vaximo/assets/css/bootstrap.min7666.css]
[rajbarcode.com/wp-content/themes/vaximo/assets/css/owl.theme.default.min7666.css]
[rajbarcode.com/wp-content/themes/vaximo/assets/css/owl.carousel.min7666.css]
[rajbarcode.com/wp-content/themes/vaximo/assets/css/magnific-popup.min7666.css]
[rajbarcode.com/wp-content/themes/vaximo/assets/css/animate.min7666.css]
[rajbarcode.com/wp-content/themes/vaximo/assets/css/boxicons.min7666.css]
[rajbarcode.com/wp-content/themes/vaximo/assets/css/flaticon7666.css]
[rajbarcode.com/wp-content/themes/vaximo/assets/css/meanmenu7666.css]
[rajbarcode.com/wp-content/themes/vaximo/assets/css/nice-select.min7666.css]
[rajbarcode.com/wp-content/themes/vaximo/assets/css/odometer.min7666.css]
[rajbarcode.com/wp-content/themes/vaximo/assets/css/all.min7666.css]
[rajbarcode.com/wp-content/themes/vaximo/assets/css/style.min7666.css]
[rajbarcode.com/wp-content/themes/vaximo/assets/css/responsive.min7666.css]
[rajbarcode.com/wp-content/themes/vaximo/assets/js/popper.min7666.js]
[rajbarcode.com/wp-content/themes/vaximo/assets/js/bootstrap.bundle.min7666.js]
[rajbarcode.com/wp-content/themes/vaximo/assets/js/jquery.meanmenu7666.js]
[rajbarcode.com/wp-content/themes/vaximo/assets/js/wow.min7666.js]
[rajbarcode.com/wp-content/themes/vaximo/assets/js/owl.carousel.min7666.js]
[rajbarcode.com/wp-content/themes/vaximo/assets/js/jquery.magnific-popup.min7666.js]
[rajbarcode.com/wp-content/themes/vaximo/assets/js/jquery.nice-select.min7666.js]
[rajbarcode.com/wp-content/themes/vaximo/assets/js/parallax.min7666.js]
[rajbarcode.com/wp-content/themes/vaximo/assets/js/jquery.appear.min7666.js]
[rajbarcode.com/wp-content/themes/vaximo/assets/js/ofi.min7666.js]
[rajbarcode.com/wp-content/themes/vaximo/assets/js/carousel-thumbs.min7666.js]
[rajbarcode.com/wp-content/themes/vaximo/assets/js/main.min7666.js]
[rajbarcode.com/author/muskan/page/3/index.html]
[rajbarcode.com/wp-content/themes/vaximo/assets/css/bootstrap.mine328.css]
[rajbarcode.com/wp-content/themes/vaximo/assets/css/owl.theme.default.mine328.css]
[rajbarcode.com/wp-content/themes/vaximo/assets/css/owl.carousel.mine328.css]
[rajbarcode.com/wp-content/themes/vaximo/assets/css/magnific-popup.mine328.css]
[rajbarcode.com/wp-content/themes/vaximo/assets/css/animate.mine328.css]
[rajbarcode.com/wp-content/themes/vaximo/assets/css/boxicons.mine328.css]
[rajbarcode.com/wp-content/themes/vaximo/assets/css/flaticone328.css]
[rajbarcode.com/wp-content/themes/vaximo/assets/css/meanmenue328.css]
[rajbarcode.com/wp-content/themes/vaximo/assets/css/nice-select.mine328.css]
[rajbarcode.com/wp-content/themes/vaximo/assets/css/odometer.mine328.css]
[rajbarcode.com/wp-content/themes/vaximo/assets/css/all.mine328.css]
[rajbarcode.com/wp-content/themes/vaximo/assets/js/odometer.min7666.js]
[rajbarcode.com/wp-content/themes/vaximo/assets/css/style.mine328.css]
[rajbarcode.com/wp-content/themes/vaximo/assets/css/responsive.mine328.css]
[rajbarcode.com/wp-content/themes/vaximo/assets/css/bootstrap.min4856.css]
[rajbarcode.com/wp-content/themes/vaximo/assets/css/owl.theme.default.min4856.css]
[rajbarcode.com/wp-content/themes/vaximo/assets/css/owl.carousel.min4856.css]
[rajbarcode.com/wp-content/themes/vaximo/assets/css/magnific-popup.min4856.css]
[rajbarcode.com/wp-content/themes/vaximo/assets/css/animate.min4856.css]
[rajbarcode.com/wp-content/themes/vaximo/assets/css/boxicons.min4856.css]
[rajbarcode.com/wp-content/themes/vaximo/assets/css/flaticon4856.css]
[rajbarcode.com/wp-content/themes/vaximo/assets/css/meanmenu4856.css]
[rajbarcode.com/wp-content/themes/vaximo/assets/css/nice-select.min4856.css]
[rajbarcode.com/wp-content/themes/vaximo/assets/css/odometer.min4856.css]
[rajbarcode.com/wp-content/themes/vaximo/assets/css/all.min4856.css]
[rajbarcode.com/wp-content/themes/vaximo/assets/css/style.min4856.css]
[rajbarcode.com/wp-content/themes/vaximo/assets/css/responsive.min4856.css]
[rajbarcode.com/wp-content/themes/vaximo/assets/css/bootstrap.min77a8.css]
[rajbarcode.com/wp-content/themes/vaximo/assets/css/owl.theme.default.min77a8.css]
[rajbarcode.com/wp-content/themes/vaximo/assets/css/owl.carousel.min77a8.css]
[rajbarcode.com/wp-content/themes/vaximo/assets/css/magnific-popup.min77a8.css]
[rajbarcode.com/wp-content/themes/vaximo/assets/css/animate.min77a8.css]
[rajbarcode.com/wp-content/themes/vaximo/assets/css/boxicons.min77a8.css]
[rajbarcode.com/wp-content/themes/vaximo/assets/css/flaticon77a8.css]
[rajbarcode.com/wp-content/themes/vaximo/assets/css/meanmenu77a8.css]
[rajbarcode.com/wp-content/themes/vaximo/assets/css/nice-select.min77a8.css]
[rajbarcode.com/wp-content/themes/vaximo/assets/css/odometer.min77a8.css]
[rajbarcode.com/wp-content/themes/vaximo/assets/css/all.min77a8.css]
[rajbarcode.com/wp-content/themes/vaximo/assets/css/style.min77a8.css]
[rajbarcode.com/wp-content/themes/vaximo/assets/css/responsive.min77a8.css]
[rajbarcode.com/wp-content/themes/vaximo/assets/css/owl.theme.default.min2f4e.css]
[rajbarcode.com/wp-content/themes/vaximo/assets/css/bootstrap.min263f.css]
[rajbarcode.com/wp-content/themes/vaximo/assets/css/owl.theme.default.min263f.css]
[rajbarcode.com/wp-content/themes/vaximo/assets/css/owl.carousel.min263f.css]
[rajbarcode.com/wp-content/themes/vaximo/assets/css/magnific-popup.min263f.css]
[rajbarcode.com/wp-content/themes/vaximo/assets/css/animate.min263f.css]
[rajbarcode.com/wp-content/themes/vaximo/assets/css/boxicons.min263f.css]
[rajbarcode.com/wp-content/themes/vaximo/assets/css/flaticon263f.css]
[rajbarcode.com/wp-content/themes/vaximo/assets/css/meanmenu263f.css]
[rajbarcode.com/wp-content/themes/vaximo/assets/css/nice-select.min263f.css]
[rajbarcode.com/wp-content/themes/vaximo/assets/css/odometer.min263f.css]
[rajbarcode.com/wp-content/themes/vaximo/assets/css/all.min263f.css]
[rajbarcode.com/wp-content/themes/vaximo/assets/css/style.min263f.css]
[rajbarcode.com/wp-content/themes/vaximo/assets/css/responsive.min263f.css]
[rajbarcode.com/wp-content/themes/vaximo/assets/css/owl.theme.default.min1254.css]
[rajbarcode.com/wp-content/themes/vaximo/assets/css/bootstrap.min865c.css]
[rajbarcode.com/wp-content/themes/vaximo/assets/css/owl.theme.default.min865c.css]
[rajbarcode.com/wp-content/themes/vaximo/assets/css/owl.carousel.min865c.css]
[rajbarcode.com/wp-content/themes/vaximo/assets/css/magnific-popup.min865c.css]
[rajbarcode.com/wp-content/themes/vaximo/assets/css/animate.min865c.css]
[rajbarcode.com/wp-content/themes/vaximo/assets/css/boxicons.min865c.css]
[rajbarcode.com/wp-content/themes/vaximo/assets/css/flaticon865c.css]
[rajbarcode.com/wp-content/themes/vaximo/assets/css/meanmenu865c.css]
[rajbarcode.com/wp-content/themes/vaximo/assets/css/nice-select.min865c.css]
[rajbarcode.com/wp-content/themes/vaximo/assets/css/odometer.min865c.css]
[rajbarcode.com/wp-content/themes/vaximo/assets/css/all.min865c.css]
[rajbarcode.com/wp-content/themes/vaximo/assets/css/style.min865c.css]
[rajbarcode.com/wp-content/themes/vaximo/assets/css/responsive.min865c.css]
[rajbarcode.com/wp-content/themes/vaximo/assets/css/bootstrap.minf114.css]
[rajbarcode.com/wp-content/themes/vaximo/assets/css/owl.theme.default.minf114.css]
[rajbarcode.com/wp-content/themes/vaximo/assets/css/owl.carousel.minf114.css]
[rajbarcode.com/wp-content/themes/vaximo/assets/css/magnific-popup.minf114.css]
[rajbarcode.com/wp-content/themes/vaximo/assets/css/animate.minf114.css]
[rajbarcode.com/wp-content/themes/vaximo/assets/css/boxicons.minf114.css]
[rajbarcode.com/wp-content/themes/vaximo/assets/css/flaticonf114.css]
[rajbarcode.com/wp-content/themes/vaximo/assets/css/meanmenuf114.css]
[rajbarcode.com/wp-content/themes/vaximo/assets/css/nice-select.minf114.css]
[rajbarcode.com/wp-content/themes/vaximo/assets/css/odometer.minf114.css]
[rajbarcode.com/wp-content/themes/vaximo/assets/css/all.minf114.css]
[rajbarcode.com/wp-content/themes/vaximo/assets/css/style.minf114.css]
[rajbarcode.com/wp-content/themes/vaximo/assets/css/responsive.minf114.css]
[rajbarcode.com/wp-content/themes/vaximo/assets/css/bootstrap.min1000.css]
[rajbarcode.com/wp-content/themes/vaximo/assets/js/popper.min263f.js]
[rajbarcode.com/wp-content/themes/vaximo/assets/css/owl.theme.default.min1000.css]
[rajbarcode.com/wp-content/themes/vaximo/assets/css/owl.carousel.min1000.css]
[rajbarcode.com/wp-content/themes/vaximo/assets/css/magnific-popup.min1000.css]
[rajbarcode.com/wp-content/themes/vaximo/assets/css/animate.min1000.css]
[rajbarcode.com/wp-content/themes/vaximo/assets/css/boxicons.min1000.css]
[rajbarcode.com/wp-content/themes/vaximo/assets/css/flaticon1000.css]
[rajbarcode.com/wp-content/themes/vaximo/assets/css/meanmenu1000.css]
[rajbarcode.com/wp-content/themes/vaximo/assets/css/nice-select.min1000.css]
[rajbarcode.com/wp-content/themes/vaximo/assets/css/odometer.min1000.css]
[rajbarcode.com/wp-content/themes/vaximo/assets/css/all.min1000.css]
[rajbarcode.com/wp-content/themes/vaximo/assets/css/style.min1000.css]
[rajbarcode.com/wp-content/themes/vaximo/assets/css/responsive.min1000.css]
[rajbarcode.com/wp-content/themes/vaximo/assets/css/bootstrap.min2b58.css]
[rajbarcode.com/wp-content/themes/vaximo/assets/css/owl.theme.default.min2b58.css]
[rajbarcode.com/wp-content/themes/vaximo/assets/css/owl.carousel.min2b58.css]
[rajbarcode.com/wp-content/themes/vaximo/assets/css/magnific-popup.min2b58.css]
[rajbarcode.com/wp-content/themes/vaximo/assets/css/animate.min2b58.css]
[rajbarcode.com/wp-content/themes/vaximo/assets/css/boxicons.min2b58.css]
[rajbarcode.com/wp-content/themes/vaximo/assets/css/flaticon2b58.css]
[rajbarcode.com/wp-content/themes/vaximo/assets/css/meanmenu2b58.css]
[rajbarcode.com/wp-content/themes/vaximo/assets/css/nice-select.min2b58.css]
[rajbarcode.com/wp-content/themes/vaximo/assets/css/odometer.min2b58.css]
[rajbarcode.com/wp-content/themes/vaximo/assets/css/all.min2b58.css]
[rajbarcode.com/wp-content/themes/vaximo/assets/css/style.min2b58.css]
[rajbarcode.com/wp-content/themes/vaximo/assets/css/responsive.min2b58.css]
[rajbarcode.com/wp-content/themes/vaximo/assets/css/bootstrap.mina961.css]
[rajbarcode.com/wp-content/themes/vaximo/assets/css/owl.theme.default.mina961.css]
[rajbarcode.com/wp-content/themes/vaximo/assets/css/owl.carousel.mina961.css]
[rajbarcode.com/wp-content/themes/vaximo/assets/css/magnific-popup.mina961.css]
[rajbarcode.com/wp-content/themes/vaximo/assets/css/animate.mina961.css]
[rajbarcode.com/wp-content/themes/vaximo/assets/css/boxicons.mina961.css]
[rajbarcode.com/wp-content/themes/vaximo/assets/css/flaticona961.css]
[rajbarcode.com/wp-content/themes/vaximo/assets/css/meanmenua961.css]
[rajbarcode.com/wp-content/themes/vaximo/assets/css/nice-select.mina961.css]
[rajbarcode.com/wp-content/themes/vaximo/assets/css/odometer.mina961.css]
[rajbarcode.com/wp-content/themes/vaximo/assets/css/all.mina961.css]
[rajbarcode.com/wp-content/themes/vaximo/assets/css/style.mina961.css]
[rajbarcode.com/wp-content/themes/vaximo/assets/css/responsive.mina961.css]
[rajbarcode.com/wp-content/themes/vaximo/assets/css/bootstrap.min6460.css]
[rajbarcode.com/wp-content/themes/vaximo/assets/css/owl.theme.default.min6460.css]
[rajbarcode.com/wp-content/themes/vaximo/assets/css/owl.carousel.min6460.css]
[rajbarcode.com/wp-content/themes/vaximo/assets/css/magnific-popup.min6460.css]
[rajbarcode.com/wp-content/themes/vaximo/assets/css/animate.min6460.css]
[rajbarcode.com/wp-content/themes/vaximo/assets/css/boxicons.min6460.css]
[rajbarcode.com/wp-content/themes/vaximo/assets/css/flaticon6460.css]
[rajbarcode.com/wp-content/themes/vaximo/assets/css/meanmenu6460.css]
[rajbarcode.com/wp-content/themes/vaximo/assets/css/nice-select.min6460.css]
[rajbarcode.com/wp-content/themes/vaximo/assets/css/odometer.min6460.css]
[rajbarcode.com/wp-content/themes/vaximo/assets/css/all.min6460.css]
[rajbarcode.com/wp-content/themes/vaximo/assets/css/style.min6460.css]
[rajbarcode.com/wp-content/themes/vaximo/assets/css/responsive.min6460.css]
[rajbarcode.com/wp-content/themes/vaximo/assets/css/bootstrap.mineccd.css]
[rajbarcode.com/wp-content/themes/vaximo/assets/css/owl.theme.default.mineccd.css]
[rajbarcode.com/wp-content/themes/vaximo/assets/css/owl.carousel.mineccd.css]
[rajbarcode.com/wp-content/themes/vaximo/assets/css/magnific-popup.mineccd.css]
[rajbarcode.com/wp-content/themes/vaximo/assets/css/animate.mineccd.css]
[rajbarcode.com/wp-content/themes/vaximo/assets/css/boxicons.mineccd.css]
[rajbarcode.com/wp-content/themes/vaximo/assets/css/flaticoneccd.css]
[rajbarcode.com/wp-content/themes/vaximo/assets/css/meanmenueccd.css]
[rajbarcode.com/wp-content/themes/vaximo/assets/css/nice-select.mineccd.css]
[rajbarcode.com/wp-content/themes/vaximo/assets/css/odometer.mineccd.css]
[rajbarcode.com/wp-content/themes/vaximo/assets/css/all.mineccd.css]
[rajbarcode.com/wp-content/themes/vaximo/assets/css/style.mineccd.css]
[rajbarcode.com/wp-content/themes/vaximo/assets/css/responsive.mineccd.css]
[rajbarcode.com/wp-content/themes/vaximo/assets/css/bootstrap.minc7be.css]
[rajbarcode.com/wp-content/themes/vaximo/assets/css/owl.theme.default.minc7be.css]
[rajbarcode.com/wp-content/themes/vaximo/assets/css/owl.carousel.minc7be.css]
[rajbarcode.com/wp-content/themes/vaximo/assets/css/magnific-popup.minc7be.css]
[rajbarcode.com/wp-content/themes/vaximo/assets/css/animate.minc7be.css]
[rajbarcode.com/wp-content/themes/vaximo/assets/css/boxicons.minc7be.css]
[rajbarcode.com/wp-content/themes/vaximo/assets/css/flaticonc7be.css]
[rajbarcode.com/wp-content/themes/vaximo/assets/css/meanmenuc7be.css]
[rajbarcode.com/wp-content/themes/vaximo/assets/css/nice-select.minc7be.css]
[rajbarcode.com/wp-content/themes/vaximo/assets/css/odometer.minc7be.css]
[rajbarcode.com/wp-content/themes/vaximo/assets/css/all.minc7be.css]
[rajbarcode.com/wp-content/themes/vaximo/assets/css/style.minc7be.css]
[rajbarcode.com/wp-content/themes/vaximo/assets/css/responsive.minc7be.css]
[rajbarcode.com/wp-content/themes/vaximo/assets/css/bootstrap.min7666.css]
[rajbarcode.com/wp-content/themes/vaximo/assets/css/owl.theme.default.min7666.css]
[rajbarcode.com/wp-content/themes/vaximo/assets/css/owl.carousel.min7666.css]
[rajbarcode.com/wp-content/themes/vaximo/assets/css/magnific-popup.min7666.css]
[rajbarcode.com/wp-content/themes/vaximo/assets/css/animate.min7666.css]
[rajbarcode.com/wp-content/themes/vaximo/assets/css/boxicons.min7666.css]
[rajbarcode.com/wp-content/themes/vaximo/assets/css/flaticon7666.css]
[rajbarcode.com/wp-content/themes/vaximo/assets/css/meanmenu7666.css]
[rajbarcode.com/wp-content/themes/vaximo/assets/css/nice-select.min7666.css]
[rajbarcode.com/wp-content/themes/vaximo/assets/css/odometer.min7666.css]
[rajbarcode.com/wp-content/themes/vaximo/assets/css/all.min7666.css]
[rajbarcode.com/wp-content/themes/vaximo/assets/css/style.min7666.css]
[rajbarcode.com/wp-content/themes/vaximo/assets/css/responsive.min7666.css]
[rajbarcode.com/wp-json/oembed/1.0/embed5aaf]
